Producto,Product_Type,ventas_total,ventas_prom_mensual,inventario_prom,inventario_ultimo,rotacion_prom,cobertura_prom_sem,stockout_rate,cobertura_ult_sem,clasificacion_inventario
1 DISC DVD HOME THEATER SYSTEM,1 DISC DVD HOME THEATER SYSTEM,1.0,0.083333336,0.083333336,0.0,0.083333336,0.083333336,0.08333333333333333,0.0,Riesgo desabastecimiento
"360MM, DIVX PLAYBACK",360MM,0.0,0.0,0.40350878,0.0,0.0,0.40350878,0.0,0.0,Normal
"60W/CH, CD",60W/CH,0.0,0.0,0.16666667,0.0,0.0,0.16666667,0.0,0.0,Normal
"ACR,40,M2,SET",ACR,1.0,0.016666668,0.81666666,0.0,0.0033333334,0.80408806,0.0,0.0,Riesgo desabastecimiento
"AUDIO DOCK,DA-E750,MEXICO",AUDIO DOCK,0.0,0.0,0.0,0.0,0.0,0.0,0.0,0.0,Normal
"AUDIO DOCK,DA-F61,MEXICO",AUDIO DOCK,0.0,0.0,0.0,0.0,0.0,0.0,0.0,0.0,Normal
"AV RECEIVER,HW-A450,COLOMBIA",AV RECEIVER,138.0,0.49462366,3.1971326,0.0,0.09595092,2.4447234,0.02867383512544803,0.0,Riesgo desabastecimiento
"AV RECEIVER,HW-A550,COLOMBIA",AV RECEIVER,71.0,0.3198198,2.2297297,0.0,0.11992371,2.089445,0.03153153153153153,0.0,Riesgo desabastecimiento
"AV RECEIVER,HW-A650,COLOMBIA",AV RECEIVER,108.0,0.54545456,2.030303,0.0,0.16419297,1.8665559,0.020202020202020204,0.0,Riesgo desabastecimiento
"AV RECEIVER,HW-B400F,COLOMBIA",AV RECEIVER,2.0,0.031746034,3.6984127,98.0,0.000320667,3.2045856,0.0,5637.758,Exceso inventario
"AV RECEIVER,HW-B450,COLOMBIA",AV RECEIVER,4111.0,13.703333,25.37,0.0,0.86906147,4.9942703,0.06666666666666667,0.0,Riesgo desabastecimiento
"AV RECEIVER,HW-B450F,COLOMBIA",AV RECEIVER,0.0,0.0,4.4444447,40.0,0.0,4.4444447,0.0,4000.0,Exceso inventario
"AV RECEIVER,HW-B550,COLOMBIA",AV RECEIVER,7201.0,21.055555,54.423977,0.0,1.1196898,8.145354,0.07894736842105263,0.0,Riesgo desabastecimiento
"AV RECEIVER,HW-B650,COLOMBIA",AV RECEIVER,4679.0,15.754209,34.713806,0.0,2.0225317,5.9407573,0.13131313131313133,0.0,Riesgo desabastecimiento
"AV RECEIVER,HW-B650D,COLOMBIA",AV RECEIVER,3043.0,13.707208,34.936935,0.0,0.69556797,9.718543,0.018018018018018018,0.0,Riesgo desabastecimiento
"AV RECEIVER,HW-B650F,COLOMBIA",AV RECEIVER,1097.0,5.2238097,30.966667,2.0,0.0958943,3.6803148,0.004761904761904762,1.6328671,Riesgo desabastecimiento
"AV RECEIVER,HW-B750F,COLOMBIA",AV RECEIVER,241.0,11.476191,23.52381,14.0,0.69369674,6.488183,0.0,5.226062,Normal
"AV RECEIVER,HW-C400,COLOMBIA",AV RECEIVER,91800.0,67.10526,116.17397,52.0,1.7369922,9.296286,0.05701754385964912,3.3299448,Alta rotacion
"AV RECEIVER,HW-C450,COLOMBIA",AV RECEIVER,17434.0,28.627258,48.133003,0.0,1.3934281,4.756651,0.0755336617405583,0.0,Riesgo desabastecimiento
"AV RECEIVER,HW-F355,MEXICO",AV RECEIVER,2.0,0.055555556,0.2777778,0.0,0.055555556,0.2777778,0.027777777777777776,0.0,Riesgo desabastecimiento
"AV RECEIVER,HW-J250,MEXICO",AV RECEIVER,6.0,0.0625,0.625,0.0,0.048611116,0.6183862,0.020833333333333332,0.0,Riesgo desabastecimiento
"AV RECEIVER,HW-J355,MEXICO",AV RECEIVER,0.0,0.0,0.5,0.0,0.0,0.5,0.0,0.0,Normal
"AV RECEIVER,HW-J450,MEXICO",AV RECEIVER,0.0,0.0,0.25,0.0,0.0,0.25,0.0,0.0,Normal
"AV RECEIVER,HW-J550,MEXICO",AV RECEIVER,0.0,0.0,0.0,0.0,0.0,0.0,0.0,0.0,Normal
"AV RECEIVER,HW-K355,MEXICO",AV RECEIVER,0.0,0.0,0.055555556,0.0,0.0,0.055555556,0.0,0.0,Normal
"AV RECEIVER,HW-K360,MEXICO",AV RECEIVER,0.0,0.0,0.0,0.0,0.0,0.0,0.0,0.0,Normal
"AV RECEIVER,HW-K550,MEXICO",AV RECEIVER,0.0,0.0,0.0,0.0,0.0,0.0,0.0,0.0,Normal
"AV RECEIVER,HW-LS60D,COLOMBIA",AV RECEIVER,2205.0,6.336207,33.609196,0.0,0.44072622,9.777611,0.022988505747126436,0.0,Riesgo desabastecimiento
"AV RECEIVER,HW-M360,COLOMBIA",AV RECEIVER,3.0,0.032258064,0.7741935,0.0,0.012544803,0.7640495,0.0,0.0,Riesgo desabastecimiento
"AV RECEIVER,HW-M450,COLOMBIA",AV RECEIVER,7.0,0.14583333,1.1875,0.0,0.085763894,1.144261,0.041666666666666664,0.0,Riesgo desabastecimiento
"AV RECEIVER,HW-M4500,COLOMBIA",AV RECEIVER,0.0,0.0,0.0,0.0,0.0,0.0,0.0,0.0,Normal
"AV RECEIVER,HW-N300,COLOMBIA",AV RECEIVER,16.0,0.078431375,0.7892157,0.0,0.0450319,0.74182564,0.014705882352941176,0.0,Riesgo desabastecimiento
"AV RECEIVER,HW-N400,COLOMBIA",AV RECEIVER,3.0,0.0625,2.7083333,0.0,0.020833334,2.6872442,0.0,0.0,Riesgo desabastecimiento
"AV RECEIVER,HW-N450,COLOMBIA",AV RECEIVER,0.0,0.0,0.20833333,0.0,0.0,0.20833333,0.0,0.0,Normal
"AV RECEIVER,HW-N650,COLOMBIA",AV RECEIVER,0.0,0.0,0.33333334,0.0,0.0,0.33333334,0.0,0.0,Normal
"AV RECEIVER,HW-Q600A,COLOMBIA",AV RECEIVER,122.0,0.52136755,2.465812,0.0,0.10261154,1.909905,0.02564102564102564,0.0,Riesgo desabastecimiento
"AV RECEIVER,HW-Q600B,COLOMBIA",AV RECEIVER,389.0,2.7588654,7.5177307,0.0,0.40984276,3.3781676,0.0851063829787234,0.0,Riesgo desabastecimiento
"AV RECEIVER,HW-Q600C,COLOMBIA",AV RECEIVER,3164.0,8.937853,26.91808,4.0,0.52786064,7.312835,0.08757062146892655,1.9151857,Riesgo desabastecimiento
"AV RECEIVER,HW-Q600F,COLOMBIA",AV RECEIVER,45.0,0.48387095,6.27957,0.0,0.008918493,2.2770789,0.0,0.0,Riesgo desabastecimiento
"AV RECEIVER,HW-Q60R,COLOMBIA",AV RECEIVER,1.0,0.027777778,0.0,0.0,0.027777778,0.0,0.027777777777777776,0.0,Riesgo desabastecimiento
"AV RECEIVER,HW-Q60T,COLOMBIA",AV RECEIVER,13.0,0.07878788,0.6484848,0.0,0.04090909,0.63335514,0.01818181818181818,0.0,Riesgo desabastecimiento
"AV RECEIVER,HW-Q700A,COLOMBIA",AV RECEIVER,33.0,0.23404256,0.5531915,0.0,0.102217205,0.44781992,0.028368794326241134,0.0,Riesgo desabastecimiento
"AV RECEIVER,HW-Q70R,COLOMBIA",AV RECEIVER,0.0,0.0,0.56790125,0.0,0.0,0.56790125,0.0,0.0,Normal
"AV RECEIVER,HW-Q70T,COLOMBIA",AV RECEIVER,5.0,0.042735044,1.0598291,0.0,0.02948718,1.0485406,0.02564102564102564,0.0,Riesgo desabastecimiento
"AV RECEIVER,HW-Q800A,COLOMBIA",AV RECEIVER,42.0,0.5,1.3214285,0.0,0.19085416,0.741912,0.05952380952380952,0.0,Riesgo desabastecimiento
"AV RECEIVER,HW-Q800B,COLOMBIA",AV RECEIVER,184.0,1.3049645,2.2978723,0.0,0.46968976,1.1928806,0.10638297872340426,0.0,Riesgo desabastecimiento
"AV RECEIVER,HW-Q800C,COLOMBIA",AV RECEIVER,575.0,1.8608414,9.184466,0.0,0.23080595,4.5999618,0.05825242718446602,0.0,Riesgo desabastecimiento
"AV RECEIVER,HW-Q800D,COLOMBIA",AV RECEIVER,937.0,5.577381,20.839285,4.0,0.6833898,7.714957,0.06547619047619048,3.0602908,Normal
"AV RECEIVER,HW-Q800F,COLOMBIA",AV RECEIVER,123.0,1.9523809,9.68254,157.0,0.04577477,2.2128527,0.015873015873015872,338.33142,Normal
"AV RECEIVER,HW-Q800T,COLOMBIA",AV RECEIVER,6.0,0.0625,0.38541666,0.0,0.0625,0.38541666,0.052083333333333336,0.0,Riesgo desabastecimiento
"AV RECEIVER,HW-Q900A,COLOMBIA",AV RECEIVER,0.0,0.0,0.0,0.0,0.0,0.0,0.0,0.0,Normal
"AV RECEIVER,HW-Q930B,COLOMBIA",AV RECEIVER,31.0,0.43055555,0.41666666,0.0,0.23181216,0.2074834,0.06944444444444445,0.0,Riesgo desabastecimiento
"AV RECEIVER,HW-Q930C,COLOMBIA",AV RECEIVER,595.0,1.3869464,6.951049,0.0,0.2880864,3.7350593,0.07226107226107226,0.0,Riesgo desabastecimiento
"AV RECEIVER,HW-Q930D,COLOMBIA",AV RECEIVER,528.0,2.3783784,10.261261,0.0,0.24630214,5.1694436,0.04954954954954955,0.0,Riesgo desabastecimiento
"AV RECEIVER,HW-Q930F,COLOMBIA",AV RECEIVER,86.0,1.1944444,3.9861112,58.0,0.047594544,1.4029285,0.013888888888888888,201.54442,Normal
"AV RECEIVER,HW-Q950A,COLOMBIA",AV RECEIVER,0.0,0.0,0.0,0.0,0.0,0.0,0.0,0.0,Normal
"AV RECEIVER,HW-Q990B,COLOMBIA",AV RECEIVER,19.0,0.39583334,0.0,0.0,0.39583334,0.0,0.041666666666666664,0.0,Riesgo desabastecimiento
"AV RECEIVER,HW-Q990C,COLOMBIA",AV RECEIVER,312.0,2.2608695,6.0072465,0.0,0.6922041,2.6290798,0.14492753623188406,0.0,Riesgo desabastecimiento
"AV RECEIVER,HW-Q990D,COLOMBIA",AV RECEIVER,370.0,3.8541667,5.2604165,0.0,0.94897014,1.7652675,0.125,0.0,Riesgo desabastecimiento
"AV RECEIVER,HW-Q990F,COLOMBIA",AV RECEIVER,79.0,1.2539682,1.6825397,30.0,0.23265664,0.6657994,0.031746031746031744,99.46274,Normal
"AV RECEIVER,HW-QS700F,COLOMBIA",AV RECEIVER,137.0,1.691358,11.777778,317.0,0.054263562,2.4852107,0.024691358024691357,785.93933,Normal
"AV RECEIVER,HW-R450,COLOMBIA",AV RECEIVER,3.0,0.083333336,0.2777778,0.0,0.041666668,0.26636225,0.0,0.0,Riesgo desabastecimiento
"AV RECEIVER,HW-R550,COLOMBIA",AV RECEIVER,2.0,0.041666668,0.20833333,0.0,0.041666668,0.20833333,0.020833333333333332,0.0,Riesgo desabastecimiento
"AV RECEIVER,HW-S50A,COLOMBIA",AV RECEIVER,0.0,0.0,0.0,0.0,0.0,0.0,0.0,0.0,Normal
"AV RECEIVER,HW-S50B,COLOMBIA",AV RECEIVER,1114.0,4.4206347,15.646826,0.0,1.0336105,7.577836,0.1111111111111111,0.0,Riesgo desabastecimiento
"AV RECEIVER,HW-S60A,COLOMBIA",AV RECEIVER,64.0,0.2570281,1.7269076,0.0,0.11011025,1.5758309,0.028112449799196786,0.0,Riesgo desabastecimiento
"AV RECEIVER,HW-S60B,COLOMBIA",AV RECEIVER,34.0,0.56666666,2.6333334,0.0,0.13517198,2.0313866,0.03333333333333333,0.0,Riesgo desabastecimiento
"AV RECEIVER,HW-S61A,COLOMBIA",AV RECEIVER,110.0,0.52380955,3.2809525,0.0,0.23128578,2.9032369,0.047619047619047616,0.0,Riesgo desabastecimiento
"AV RECEIVER,HW-S700D,COLOMBIA",AV RECEIVER,1348.0,7.132275,16.613756,0.0,0.9424095,5.671066,0.047619047619047616,0.0,Riesgo desabastecimiento
"AV RECEIVER,HW-S800B,COLOMBIA",AV RECEIVER,1555.0,4.844237,22.389408,0.0,0.42323512,8.137244,0.1059190031152648,0.0,Riesgo desabastecimiento
"AV RECEIVER,HW-S801D,COLOMBIA",AV RECEIVER,847.0,6.137681,14.028986,2.0,0.92773515,4.5981417,0.043478260869565216,1.3914325,Riesgo desabastecimiento
"AV RECEIVER,HW-T400,COLOMBIA",AV RECEIVER,17320.0,14.04704,21.167883,0.0,0.6007313,3.958474,0.040551500405515,0.0,Riesgo desabastecimiento
"AV RECEIVER,HW-T450,COLOMBIA",AV RECEIVER,25.0,0.11415525,0.42009133,0.0,0.054946728,0.39771518,0.0319634703196347,0.0,Riesgo desabastecimiento
"AV RECEIVER,HW-T550,COLOMBIA",AV RECEIVER,28.0,0.0952381,1.1802721,0.0,0.057260286,1.1605811,0.030612244897959183,0.0,Riesgo desabastecimiento
"AV RECEIVER,TW-J5500,MEXICO",AV RECEIVER,1.0,0.020833334,0.16666667,0.0,0.010416667,0.17059748,0.020833333333333332,0.0,Riesgo desabastecimiento
"AV RECEIVER,WAM1500,MEXICO",AV RECEIVER,0.0,0.0,0.25,0.0,0.0,0.25,0.0,0.0,Normal
"AV RECEIVER,WAM3500,MEXICO",AV RECEIVER,0.0,0.0,0.0,0.0,0.0,0.0,0.0,0.0,Normal
"AV RECEIVER,WAM6500,MEXICO",AV RECEIVER,0.0,0.0,0.0,0.0,0.0,0.0,0.0,0.0,Normal
"AV RECEIVER,WAM7500,MEXICO",AV RECEIVER,0.0,0.0,0.0,0.0,0.0,0.0,0.0,0.0,Normal
"BD HTS,HT-F4500,COLOMBIA",BD HTS,0.0,0.0,0.8333333,0.0,0.0,0.8333333,0.0,0.0,Normal
"BD HTS,HT-F5500K,COLOMBIA",BD HTS,0.0,0.0,0.25,0.0,0.0,0.25,0.0,0.0,Normal
"BD HTS,HT-H4500R,COLOMBIA",BD HTS,0.0,0.0,0.083333336,0.0,0.0,0.083333336,0.0,0.0,Normal
"BD HTS,HT-H5500K,COLOMBIA",BD HTS,0.0,0.0,1.0,1.0,0.0,1.0,0.0,100.0,Exceso inventario
"BD HTS,HT-J4500K,COLOMBIA",BD HTS,5.0,0.061728396,3.1851852,0.0,0.010013717,3.131865,0.0,0.0,Riesgo desabastecimiento
"BD HTS,HT-J5100K,COLOMBIA",BD HTS,4.0,0.055555556,0.5694444,0.0,0.041666668,0.5642034,0.027777777777777776,0.0,Riesgo desabastecimiento
"BD HTS,HT-J5500K,COLOMBIA",BD HTS,0.0,0.0,0.0,0.0,0.0,0.0,0.0,0.0,Normal
"BD HTS,HT-J5530K,COLOMBIA",BD HTS,0.0,0.0,0.0,0.0,0.0,0.0,0.0,0.0,Normal
BLACK/SILVER 2 TONE SPK APPLY FROM MAX-X,BLACK/SILVER 2 TONE SPK APPLY FROM MAX-X,0.0,0.0,1.0,1.0,0.0,1.0,0.0,100.0,Exceso inventario
"BLU-RAY DISC PLAYER,BD-C6900,MEXICO",BLU-RAY DISC PLAYER,0.0,0.0,0.0,0.0,0.0,0.0,0.0,0.0,Normal
"BLU-RAY DISC PLAYER,BD-D5300,MEXICO",BLU-RAY DISC PLAYER,0.0,0.0,2.7878788,4.0,0.0,2.7878788,0.0,400.0,Exceso inventario
"BLU-RAY DISC PLAYER,BD-E5300/ZX,MEXICO",BLU-RAY DISC PLAYER,0.0,0.0,0.625,0.0,0.0,0.625,0.0,0.0,Normal
"BLU-RAY DISC PLAYER,BD-E5500/ZX,MEXICO",BLU-RAY DISC PLAYER,4.0,0.16666667,0.625,0.0,0.104166664,0.6078767,0.041666666666666664,0.0,Riesgo desabastecimiento
"BLU-RAY DISC PLAYER,BD-E5900,MEXICO",BLU-RAY DISC PLAYER,0.0,0.0,0.25,0.0,0.0,0.25,0.0,0.0,Normal
"BLU-RAY DISC PLAYER,BD-F5100,MEXICO",BLU-RAY DISC PLAYER,0.0,0.0,0.40350878,0.0,0.0,0.40350878,0.0,0.0,Normal
"BLU-RAY DISC PLAYER,BD-F5500,MEXICO",BLU-RAY DISC PLAYER,1.0,0.041666668,0.20833333,0.0,0.041666668,0.20833333,0.041666666666666664,0.0,Riesgo desabastecimiento
"BLU-RAY DISC PLAYER,BD-F6500,MEXICO",BLU-RAY DISC PLAYER,0.0,0.0,0.0,0.0,0.0,0.0,0.0,0.0,Normal
"BLU-RAY DISC PLAYER,BD-H4500,MEXICO",BLU-RAY DISC PLAYER,1.0,0.009259259,0.12037037,0.0,0.009259259,0.12037037,0.009259259259259259,0.0,Riesgo desabastecimiento
"BLU-RAY DISC PLAYER,BD-H5500,MEXICO",BLU-RAY DISC PLAYER,0.0,0.0,0.98550725,0.0,0.0,0.98550725,0.0,0.0,Normal
"BLU-RAY DISC PLAYER,BD-H5900,MEXICO",BLU-RAY DISC PLAYER,0.0,0.0,0.0,0.0,0.0,0.0,0.0,0.0,Normal
"BLU-RAY DISC PLAYER,BD-H6500,MEXICO",BLU-RAY DISC PLAYER,0.0,0.0,0.2777778,0.0,0.0,0.2777778,0.0,0.0,Normal
"BLU-RAY DISC PLAYER,BD-J4500R,MEXICO",BLU-RAY DISC PLAYER,27.0,0.086538464,1.6794872,0.0,0.024229242,1.6482035,0.0,0.0,Riesgo desabastecimiento
"BLU-RAY DISC PLAYER,BD-J5700,MEXICO",BLU-RAY DISC PLAYER,3.0,0.021276595,0.59574467,0.0,0.021276595,0.59574467,0.014184397163120567,0.0,Riesgo desabastecimiento
"BLU-RAY DISC PLAYER,BD-J5900,MEXICO",BLU-RAY DISC PLAYER,0.0,0.0,0.071428575,0.0,0.0,0.071428575,0.0,0.0,Normal
"BUSINESS TV,BE43C-H,43,COLOMBIA,FK20/H43",BUSINESS TV,291.0,1.8301886,3.509434,0.0,0.8324466,2.3153741,0.05660377358490566,0.0,Riesgo desabastecimiento
"BUSINESS TV,BE43D-H,43,COLOMBIA,FY41/H43",BUSINESS TV,194.0,1.3197279,8.884354,0.0,0.23448713,5.2234397,0.027210884353741496,0.0,Riesgo desabastecimiento
"BUSINESS TV,BE50C-H,50,COLOMBIA,FK20/H50",BUSINESS TV,178.0,1.9139785,4.1827955,0.0,0.92543286,3.0934494,0.06451612903225806,0.0,Riesgo desabastecimiento
"BUSINESS TV,BE50D-H,50,COLOMBIA,FY41/H50",BUSINESS TV,198.0,1.7368422,16.535088,0.0,0.34725496,11.538887,0.02631578947368421,0.0,Riesgo desabastecimiento
"BUSINESS TV,BE55C-H,55,COLOMBIA,FK20/H55",BUSINESS TV,1994.0,17.042734,2.3846154,0.0,6.7896395,1.3127159,0.09401709401709402,0.0,Riesgo desabastecimiento
"BUSINESS TV,BE55D-H,55,COLOMBIA,FY41/H55",BUSINESS TV,579.0,5.5142856,13.580953,65.0,1.7328421,7.7278676,0.05714285714285714,50.294342,Alta rotacion
"BUSINESS TV,BE65C-H,65,COLOMBIA,FK20/H65",BUSINESS TV,207.0,2.5555556,4.654321,0.0,0.93919796,2.9680307,0.07407407407407407,0.0,Riesgo desabastecimiento
"BUSINESS TV,BE65D-H,65,COLOMBIA,FY41/H65",BUSINESS TV,176.0,1.5438596,2.9210527,0.0,0.30754122,1.6780504,0.017543859649122806,0.0,Riesgo desabastecimiento
"BUSINESS TV,BE75C-H,75,COLOMBIA,FK21/H75",BUSINESS TV,80.0,0.86021507,0.9247312,0.0,0.4789345,0.7188097,0.08602150537634409,0.0,Riesgo desabastecimiento
"BUSINESS TV,BE75D-H,75,COLOMBIA,FY41/H75",BUSINESS TV,203.0,2.1827958,1.0430107,0.0,2.0069635,0.88098705,0.07526881720430108,0.0,Riesgo desabastecimiento
"BUSINESS TV,BE85C-H,85,COLOMBIA,FK21/H85",BUSINESS TV,75.0,0.8064516,1.0,0.0,0.53983307,0.8060342,0.07526881720430108,0.0,Riesgo desabastecimiento
"BUSINESS TV,BE85D-H,85,COLOMBIA,FY41/H85",BUSINESS TV,51.0,0.7083333,0.8888889,0.0,0.44156748,0.7531405,0.09722222222222222,0.0,Riesgo desabastecimiento
"CAC,10.0,KW,SETIN,HP,R410A",CAC,380.0,1.3194444,1.4097222,0.0,0.32681268,0.7911308,0.020833333333333332,0.0,Riesgo desabastecimiento
"CAC,10.60,KW,SETIN,HP,R32",CAC,65.0,0.5701754,0.64912283,0.0,0.053237263,0.25970483,0.0,0.0,Riesgo desabastecimiento
"CAC,12.9,KW,SETIN,HP,R410A",CAC,77.0,0.25666666,0.40666667,0.0,0.15788889,0.35076842,0.04666666666666667,0.0,Riesgo desabastecimiento
"CAC,13.4,KW,SETIN,CO,R410A",CAC,203.0,0.96666664,2.2,0.0,0.30273074,1.3193772,0.08571428571428572,0.0,Riesgo desabastecimiento
"CAC,13.50,KW,SETIN,HP,R32",CAC,0.0,0.0,0.0,0.0,0.0,0.0,0.0,0.0,Normal
"CAC,13.80,KW,SETIN,HP,R32",CAC,6.0,0.083333336,0.097222224,0.0,0.083333336,0.097222224,0.027777777777777776,0.0,Riesgo desabastecimiento
"CAC,14.10,KW,SETIN,HP,R32",CAC,0.0,0.0,0.0,0.0,0.0,0.0,0.0,0.0,Normal
"CAC,15.0,KW,SETIN,CO,R410A",CAC,68.0,0.7311828,1.451613,0.0,0.31429037,1.19788,0.010752688172043012,0.0,Riesgo desabastecimiento
"CAC,15.3,KW,SETIN,HP,R410A",CAC,30.0,0.29411766,1.0588236,0.0,0.12856364,0.93901056,0.0392156862745098,0.0,Riesgo desabastecimiento
"CAC,15.8,KW,SETIN,CO,R410A",CAC,24.0,0.3478261,0.11594203,0.0,0.33816424,0.11047307,0.07246376811594203,0.0,Riesgo desabastecimiento
"CAC,15.80,KW,SETIN,HP,R32",CAC,16.0,0.121212125,0.27272728,0.0,0.020959595,0.19529793,0.0,0.0,Riesgo desabastecimiento
"CAC,16.40,KW,SETIN,HP,R32",CAC,0.0,0.0,0.0,0.0,0.0,0.0,0.0,0.0,Normal
"CAC,5.30,KW,SETIN,HP,R32",CAC,1.0,0.019607844,0.09803922,0.0,0.019607844,0.09803922,0.0196078431372549,0.0,Riesgo desabastecimiento
"CAC,7.0,KW,SETIN,HP,R410A",CAC,175.0,0.57755774,0.9273927,0.0,0.25367224,0.6675941,0.036303630363036306,0.0,Riesgo desabastecimiento
"CAC,7.00,KW,SETIN,HP,R32",CAC,29.0,0.2761905,0.54285717,0.0,0.027409812,0.31459084,0.0,0.0,Riesgo desabastecimiento
"CHR,SETIN",CHR,4.0,0.057971016,0.0,0.0,0.057971016,0.0,0.014492753623188406,0.0,Riesgo desabastecimiento
"DIGITAL VERSATILE DISC,2CH AUDIO,DIGITAL",DIGITAL VERSATILE DISC,0.0,0.0,0.16666667,0.0,0.0,0.16666667,0.0,0.0,Normal
"DVD HTS,HT-D455K,COLOMBIA",DVD HTS,0.0,0.0,1.0,1.0,0.0,1.0,0.0,100.0,Exceso inventario
"DVD HTS,HT-E330K,COLOMBIA",DVD HTS,3.0,0.083333336,0.5833333,0.0,0.083333336,0.5833333,0.08333333333333333,0.0,Riesgo desabastecimiento
"DVD PLAYER,",DVD PLAYER,1.0,0.020833334,0.104166664,0.0,0.020833334,0.104166664,0.020833333333333332,0.0,Riesgo desabastecimiento
"DVD PLAYER,DVD-D360K,MEXICO",DVD PLAYER,0.0,0.0,0.6969697,1.0,0.0,0.6969697,0.0,100.0,Exceso inventario
"DVD PLAYER,DVD-D530K,MEXICO",DVD PLAYER,0.0,0.0,0.0,0.0,0.0,0.0,0.0,0.0,Normal
"DVD PLAYER,DVD-E350,MEXICO",DVD PLAYER,0.0,0.0,2.090909,3.0,0.0,2.090909,0.0,300.0,Exceso inventario
"DVD PLAYER,DVD-E360,MEXICO",DVD PLAYER,0.0,0.0,0.0,0.0,0.0,0.0,0.0,0.0,Normal
"DVD PLAYER,DVD-E360K,MEXICO",DVD PLAYER,0.0,0.0,1.245614,0.0,0.0,1.245614,0.0,0.0,Normal
DVDP 360MM P181 DIVX SUPPORT SAMCOL TYPE,DVDP 360MM P181 DIVX SUPPORT SAMCOL TYPE,0.0,0.0,1.4666667,0.0,0.0,1.4666667,0.0,0.0,Normal
DVDPLAYER DVD-P380K,DVDPLAYER DVD-P380K,0.0,0.0,0.0,0.0,0.0,0.0,0.0,0.0,Normal
"DVM,1.5,KW,SETIN,HP,R410A",DVM,0.0,0.0,0.8787879,4.0,0.0,0.8787879,0.0,400.0,Exceso inventario
"DVM,10.55,KW,SETIN,HP,R410A",DVM,13.0,0.21666667,0.016666668,0.0,0.21666667,0.016666668,0.1,0.0,Riesgo desabastecimiento
"DVM,10.6,KW,SETIN,HP,R410A",DVM,116.0,0.51555556,0.3511111,0.0,0.29646233,0.22530791,0.05333333333333334,0.0,Riesgo desabastecimiento
"DVM,11.2,KW,SETIN,HP,R410A",DVM,38.0,0.3838384,0.5151515,0.0,0.34792367,0.4638448,0.0707070707070707,0.0,Riesgo desabastecimiento
"DVM,12.8,KW,SETIN,HP,R410A",DVM,3.0,0.033333335,0.42222223,0.0,0.033333335,0.42222223,0.011111111111111112,0.0,Riesgo desabastecimiento
"DVM,14,KW,SETIN,HP,R410A",DVM,0.0,0.0,0.0,0.0,0.0,0.0,0.0,0.0,Normal
"DVM,14.0,KW,SETIN,HP,R410A",DVM,17.0,0.1574074,0.24074075,0.0,0.14305556,0.22851153,0.06481481481481481,0.0,Riesgo desabastecimiento
"DVM,14.07,KW,SETIN,HP,R410A",DVM,22.0,0.30555555,0.027777778,0.0,0.2777778,0.016362254,0.06944444444444445,0.0,Riesgo desabastecimiento
"DVM,14.1,KW,SETIN,HP,R410A",DVM,84.0,0.5714286,0.17006803,0.0,0.5714286,0.17006803,0.08843537414965986,0.0,Riesgo desabastecimiento
"DVM,15.83,KW,SETIN,HP,R410A",DVM,17.0,0.1491228,0.1754386,0.0,0.13596492,0.17099877,0.043859649122807015,0.0,Riesgo desabastecimiento
"DVM,16.00,KW,SETIN,HP,R410A",DVM,1.0,0.023809524,0.0,0.0,0.023809524,0.0,0.023809523809523808,0.0,Riesgo desabastecimiento
"DVM,17.0,KW,SETIN,HP,R410A",DVM,15.0,0.18518518,0.0,0.0,0.18518518,0.0,0.037037037037037035,0.0,Riesgo desabastecimiento
"DVM,2.2,KW,SETIN,HP,R410A",DVM,68.0,0.2798354,0.76954734,0.0,0.2569597,0.71883297,0.04938271604938271,0.0,Riesgo desabastecimiento
"DVM,2.6,KW,SETIN,HP,R410A",DVM,20.0,0.2020202,0.8888889,2.0,0.1952862,0.8850772,0.050505050505050504,35.09915,Exceso inventario
"DVM,2.78,KW,SETIN,HP,R410A",DVM,2.0,0.044444446,1.5333333,0.0,0.044444446,1.5333333,0.044444444444444446,0.0,Riesgo desabastecimiento
"DVM,2.8,KW,SETIN,HP,R410A",DVM,85.0,0.39906102,0.0093896715,0.0,0.3967136,0.008503853,0.06103286384976526,0.0,Riesgo desabastecimiento
"DVM,22.0,KW,SETIN,HP,R410A",DVM,15.0,0.17857143,0.0,0.0,0.17857143,0.0,0.047619047619047616,0.0,Riesgo desabastecimiento
"DVM,22.4,KW,SETIN,HP,R410A",DVM,0.0,0.0,0.0,0.0,0.0,0.0,0.0,0.0,Normal
"DVM,28,KW,SETIN,HP,R410A",DVM,0.0,0.0,0.0,0.0,0.0,0.0,0.0,0.0,Normal
"DVM,28.0,KW,SETIN,HP,R410A",DVM,6.0,0.07692308,0.0,0.0,0.07692308,0.0,0.0641025641025641,0.0,Riesgo desabastecimiento
"DVM,3.5,KW,SETIN,HP,R410A",DVM,89.0,0.44278607,0.25373134,0.0,0.2904229,0.21285856,0.06467661691542288,0.0,Riesgo desabastecimiento
"DVM,3.52,KW,SETIN,HP,R410A",DVM,2.0,0.041666668,0.0,0.0,0.041666668,0.0,0.041666666666666664,0.0,Riesgo desabastecimiento
"DVM,3.6,KW,SETIN,HP,R410A",DVM,47.0,0.2034632,0.37662336,0.0,0.18634397,0.35694897,0.06060606060606061,0.0,Riesgo desabastecimiento
"DVM,4.5,KW,SETIN,HP,R410A",DVM,0.0,0.0,0.0,0.0,0.0,0.0,0.0,0.0,Normal
"DVM,5.2,KW,SETIN,HP,R410A",DVM,6.0,0.0625,0.0,0.0,0.0625,0.0,0.041666666666666664,0.0,Riesgo desabastecimiento
"DVM,5.23,KW,SETIN,HP,R410A",DVM,0.0,0.0,0.0,0.0,0.0,0.0,0.0,0.0,Normal
"DVM,5.28,KW,SETIN,HP,R410A",DVM,4.0,0.057971016,0.3188406,2.0,0.057971016,0.3188406,0.028985507246376812,85.172966,Exceso inventario
"DVM,5.3,KW,SETIN,HP,R410A",DVM,66.0,0.3859649,0.4385965,0.0,0.32854864,0.40743285,0.06432748538011696,0.0,Riesgo desabastecimiento
"DVM,5.6,KW,SETIN,HP,R410A",DVM,31.0,0.16402116,0.43915343,0.0,0.13989714,0.401675,0.0582010582010582,0.0,Riesgo desabastecimiento
"DVM,5.8,KW,SETIN,HP,R410A",DVM,3.0,0.041666668,0.0,0.0,0.041666668,0.0,0.027777777777777776,0.0,Riesgo desabastecimiento
"DVM,5.9,KW,SETIN,HP,R410A",DVM,4.0,0.027210884,0.40816328,0.0,0.017006803,0.40536764,0.006802721088435374,0.0,Riesgo desabastecimiento
"DVM,6.8,KW,SETIN,HP,R410A",DVM,14.0,0.14583333,0.083333336,0.0,0.07118056,0.057111904,0.020833333333333332,0.0,Riesgo desabastecimiento
"DVM,7,KW,SETIN,HP,R410A",DVM,19.0,0.11309524,0.0,0.0,0.11309524,0.0,0.041666666666666664,0.0,Riesgo desabastecimiento
"DVM,7.0,KW,SETIN,HP,R410A",DVM,48.0,0.30769232,0.17307693,0.0,0.23258546,0.1455959,0.04487179487179487,0.0,Riesgo desabastecimiento
"DVM,7.03,KW,SETIN,HP,R410A",DVM,8.0,0.08888889,0.07777778,0.0,0.08148149,0.07358491,0.044444444444444446,0.0,Riesgo desabastecimiento
"DVM,7.1,KW,SETIN,HP,R410A",DVM,31.0,0.20261438,0.6013072,0.0,0.16619982,0.5395943,0.06535947712418301,0.0,Riesgo desabastecimiento
"DVM,8.2,KW,SETIN,HP,R410A",DVM,0.0,0.0,0.0,0.0,0.0,0.0,0.0,0.0,Normal
"DVM,8.79,KW,SETIN,HP,R410A",DVM,9.0,0.375,0.0,0.0,0.375,0.0,0.125,0.0,Riesgo desabastecimiento
"DVM,8.8,KW,SETIN,HP,R410A",DVM,50.0,0.34013605,0.2857143,0.0,0.32879817,0.2749163,0.07482993197278912,0.0,Riesgo desabastecimiento
"DVM,9.0,KW,SETIN,HP,R410A",DVM,5.0,0.07575758,0.8787879,9.0,0.04848485,0.83549786,0.015151515151515152,325.87393,Exceso inventario
"DW,-,120V 60HZ",DW,1168.0,2.2635658,11.4515505,0.0,0.35121313,5.899294,0.0562015503875969,0.0,Riesgo desabastecimiento
"DW,REAL STAINLESS,120V 60HZ",DW,4783.0,6.9621544,14.714702,0.0,0.6367315,4.4970446,0.08733624454148471,0.0,Riesgo desabastecimiento
"EVN,3.1,120-240V 60HZ,REAL STAINLESS",EVN,539.0,2.3333333,6.077922,0.0,0.40971017,3.334934,0.047619047619047616,0.0,Riesgo desabastecimiento
"EXP-REF; 460L, K-OPTION, PREMIUMPLATINU",EXP-REF; 460L,0.0,0.0,0.16666667,0.0,0.0,0.16666667,0.0,0.0,Normal
"EXP-REF;MCBMGN,365,ALUMINUM SILVER,110V",EXP-REF;MCBMGN,0.0,0.0,0.0,0.0,0.0,0.0,0.0,0.0,Normal
"FCD,SAMCOL,CO,20",FCD,1.0,0.027777778,0.6111111,0.0,0.027777778,0.6111111,0.027777777777777776,0.0,Riesgo desabastecimiento
"FCD,SAMCOL,CO,24",FCD,315.0,1.0714285,4.394558,0.0,0.08096508,2.1045048,0.02040816326530612,0.0,Riesgo desabastecimiento
"FCD,SEA,US",FCD,0.0,0.0,0.25,0.0,0.0,0.25,0.0,0.0,Normal
"FCD,SELACOL,CO,20",FCD,4081.0,6.127628,10.057057,0.0,0.5099865,2.414196,0.05405405405405406,0.0,Riesgo desabastecimiento
"FCD,SELACOL,CO,21",FCD,640.0,2.1122112,7.4653463,0.0,0.32701564,3.4453778,0.0858085808580858,0.0,Riesgo desabastecimiento
"FCD,SELACOL,CO,22",FCD,12742.0,13.701076,40.72258,0.0,0.5825059,6.7702293,0.05053763440860215,0.0,Riesgo desabastecimiento
"FCD,SELACOL,CO,24",FCD,4882.0,6.954416,18.32621,0.0,0.46908766,5.598966,0.04700854700854701,0.0,Riesgo desabastecimiento
"FCD,SELACOL,CO,7.5",FCD,2.0,0.083333336,0.375,0.0,0.083333336,0.375,0.041666666666666664,0.0,Riesgo desabastecimiento
"FCD,SELAPA,PA,18",FCD,2.0,0.027777778,0.125,0.0,0.027777778,0.125,0.027777777777777776,0.0,Riesgo desabastecimiento
"FWM,SAMCOL,CO,14",FWM,136.0,1.6190476,3.0714285,0.0,0.5014618,1.6855619,0.15476190476190477,0.0,Riesgo desabastecimiento
"FWM,SAMCOL,CO,26",FWM,2790.0,6.642857,17.240477,0.0,0.44964352,4.159872,0.03333333333333333,0.0,Riesgo desabastecimiento
"FWM,SELACOL,CO,11",FWM,2228.0,7.2103558,9.935275,0.0,1.7644335,2.831731,0.1553398058252427,0.0,Riesgo desabastecimiento
"FWM,SELACOL,CO,11.5",FWM,12194.0,15.573436,25.67433,0.0,1.599069,4.442493,0.08173690932311622,0.0,Riesgo desabastecimiento
"FWM,SELACOL,CO,12",FWM,-1.0,-0.010416667,0.35416666,0.0,-0.0052083335,0.35416666,0.010416666666666666,0.0,Normal
"FWM,SELACOL,CO,12.5",FWM,8966.0,21.815084,36.23844,0.0,2.4796188,6.250401,0.09245742092457421,0.0,Riesgo desabastecimiento
"FWM,SELACOL,CO,14",FWM,2489.0,6.2380953,12.350877,0.0,0.73258126,3.0895143,0.09022556390977443,0.0,Riesgo desabastecimiento
"FWM,SELACOL,CO,15",FWM,2.0,0.055555556,0.5,0.0,0.055555556,0.5,0.027777777777777776,0.0,Riesgo desabastecimiento
"FWM,SELACOL,CO,16",FWM,9697.0,13.193197,21.67347,0.0,0.7467368,4.046083,0.053061224489795916,0.0,Riesgo desabastecimiento
"FWM,SELACOL,CO,18",FWM,12150.0,17.016808,24.021008,0.0,0.9582841,3.6461978,0.07703081232492998,0.0,Riesgo desabastecimiento
"FWM,SELACOL,CO,20",FWM,15485.0,13.801248,22.519608,0.0,0.83961713,5.3759184,0.06060606060606061,0.0,Riesgo desabastecimiento
"FWM,SELACOL,CO,22",FWM,40907.0,31.34636,63.100384,0.0,0.99987465,6.3019075,0.04904214559386973,0.0,Riesgo desabastecimiento
"FWM,SELACOL,CO,25",FWM,7403.0,9.207711,25.24627,0.0,0.5534833,6.085653,0.053482587064676616,0.0,Riesgo desabastecimiento
"FWM,SELACOL,CO,25.5",FWM,0.0,0.0,0.016666668,0.0,0.0,0.016666668,0.0,0.0,Normal
"FWM,SELACOL,CO,27.5",FWM,0.0,0.0,0.125,0.0,0.0,0.125,0.0,0.0,Normal
"FWM,SEM,MX,18",FWM,0.0,0.0,0.0,0.0,0.0,0.0,0.0,0.0,Normal
"GCT,120V 60HZ,ALL BLACK",GCT,1371.0,5.7125,17.016666,0.0,0.24227157,4.316345,0.025,0.0,Riesgo desabastecimiento
"GCT,120V 60HZ,REAL STAINLESS",GCT,643.0,3.4021163,16.94709,0.0,0.09762985,5.152349,0.015873015873015872,0.0,Riesgo desabastecimiento
"GVN,71.5,120V 60HZ,REAL STAINLESS",GVN,2941.0,5.4767227,8.912477,8.0,0.63225657,2.7459106,0.0782122905027933,6.2321978,Normal
"GVN,71.5,120V 60HZ,SILVER METAL",GVN,2796.0,5.325714,13.190476,10.0,0.45446527,4.87104,0.049523809523809526,8.009367,Normal
HOD,HOD,96.0,0.5423729,3.677966,0.0,0.023651052,1.9861214,0.005649717514124294,0.0,Riesgo desabastecimiento
HTS_DVD,HTS_DVD,0.0,0.0,2.0,0.0,0.0,2.0,0.0,0.0,Normal
"INTERACTIVE E-BOARD,WA65C,65,UNITED STAT",INTERACTIVE E-BOARD,157.0,1.377193,6.9122806,1.0,0.5650929,4.901164,0.06140350877192982,3.0277576,Normal
"INTERACTIVE E-BOARD,WA65D,65,UNITED STAT",INTERACTIVE E-BOARD,266.0,1.5833334,5.6309524,0.0,0.15416019,3.3234973,0.023809523809523808,0.0,Riesgo desabastecimiento
"INTERACTIVE E-BOARD,WA65F,65,UNITED STAT",INTERACTIVE E-BOARD,1.0,0.019607844,0.039215688,0.0,0.019607844,0.039215688,0.0196078431372549,0.0,Riesgo desabastecimiento
"INTERACTIVE E-BOARD,WA75C,75,UNITED STAT",INTERACTIVE E-BOARD,231.0,1.6041666,6.201389,0.0,0.7476503,4.3741703,0.0625,0.0,Riesgo desabastecimiento
"INTERACTIVE E-BOARD,WA75D,75,UNITED STAT",INTERACTIVE E-BOARD,160.0,1.2698413,0.7380952,0.0,1.0688964,0.5305088,0.047619047619047616,0.0,Riesgo desabastecimiento
"INTERACTIVE E-BOARD,WA75F,75,UNITED STAT",INTERACTIVE E-BOARD,142.0,2.3666666,0.0,0.0,2.3666666,0.0,0.05,0.0,Riesgo desabastecimiento
"INTERACTIVE E-BOARD,WA86D,86,UNITED STAT",INTERACTIVE E-BOARD,138.0,0.88461536,5.8397436,0.0,0.26873273,4.5207443,0.04487179487179487,0.0,Riesgo desabastecimiento
"INTERACTIVE E-BOARD,WA86F,86,UNITED STAT",INTERACTIVE E-BOARD,4.0,0.083333336,0.29166666,0.0,0.065104164,0.26415095,0.041666666666666664,0.0,Riesgo desabastecimiento
"INTERACTIVE E-BOARD,WM55B,55,UNITED STAT",INTERACTIVE E-BOARD,21.0,0.23333333,0.2,0.0,0.23333333,0.2,0.07777777777777778,0.0,Riesgo desabastecimiento
"INTERACTIVE E-BOARD,WM55R,55,UNITED STAT",INTERACTIVE E-BOARD,80.0,0.35555556,2.0977778,0.0,0.17750971,1.9300144,0.08444444444444445,0.0,Riesgo desabastecimiento
"INTERACTIVE E-BOARD,WM65B,65,UNITED STAT",INTERACTIVE E-BOARD,80.0,0.6060606,1.5454545,0.0,0.24226575,1.2232786,0.06818181818181818,0.0,Riesgo desabastecimiento
"INTERACTIVE E-BOARD,WM65R,65,UNITED STAT",INTERACTIVE E-BOARD,31.0,0.17222223,2.8555555,0.0,0.1599495,2.8292005,0.022222222222222223,0.0,Riesgo desabastecimiento
"INTERACTIVE E-BOARD,WM75A,75,UNITED STAT",INTERACTIVE E-BOARD,2.0,0.019607844,0.47058824,0.0,0.014705882,0.46873844,0.00980392156862745,0.0,Riesgo desabastecimiento
"INTERACTIVE E-BOARD,WM75B,75,UNITED STAT",INTERACTIVE E-BOARD,14.0,0.16666667,0.96428573,0.0,0.0989229,0.9139427,0.03571428571428571,0.0,Riesgo desabastecimiento
"INTERACTIVE E-BOARD,WM85B,85,UNITED STAT",INTERACTIVE E-BOARD,24.0,0.33333334,1.0138888,0.0,0.22443782,0.93933076,0.06944444444444445,0.0,Riesgo desabastecimiento
"KIOSK DISPLAY,KM24C-3,24,UNITED STATES,F",KIOSK DISPLAY,0.0,0.0,0.0,0.0,0.0,0.0,0.0,0.0,Normal
"LCD MON,C24RG50FQN,24,UNITED STATES,LW90",LCD MON,0.0,0.0,0.0,0.0,0.0,0.0,0.0,0.0,Normal
"LCD MON,C32R500FHL,32,COLOMBIA,LY90/S32R",LCD MON,7691.0,22.889881,68.79762,0.0,4.093445,15.869052,0.14583333333333334,0.0,Riesgo desabastecimiento
"LCD MON,C49G95TSSN,49,UNITED STATES,LM00",LCD MON,185.0,1.2847222,2.7083333,0.0,0.5976833,1.7833216,0.1736111111111111,0.0,Riesgo desabastecimiento
"LCD MON,C49J890DKL,49,COLOMBIA,LP80/S49J",LCD MON,1.0,0.027777778,0.2777778,0.0,0.027777778,0.2777778,0.027777777777777776,0.0,Riesgo desabastecimiento
"LCD MON,S22A33ANHL,22,COLOMBIA,LG10/S22T",LCD MON,5015.0,27.86111,21.866667,0.0,2.2206109,4.0224895,0.05,0.0,Riesgo desabastecimiento
"LCD MON,S24AG320NL,24,COLOMBIA,LR10/S24A",LCD MON,6842.0,21.929487,44.951923,0.0,2.943593,11.719576,0.1858974358974359,0.0,Riesgo desabastecimiento
"LCD MON,S27A700NWL,27,COLOMBIA,LE11/S27A",LCD MON,1027.0,3.9806201,5.639535,0.0,1.0504755,2.1775758,0.15891472868217055,0.0,Riesgo desabastecimiento
"LCD MON,S27AG320NL,27,COLOMBIA,LR10/S27A",LCD MON,5484.0,22.567902,31.699589,0.0,1.9091583,7.970463,0.1934156378600823,0.0,Riesgo desabastecimiento
"LCD MON,S27AG32ANL,27,COLOMBIA,LR10/S27A",LCD MON,1115.0,9.291667,21.108334,0.0,0.98822093,4.4012194,0.09166666666666666,0.0,Riesgo desabastecimiento
"LCD MON,S27CG512EN,27,UNITED STATES,LH20",LCD MON,358.0,3.1403508,25.517544,3.0,1.4988679,16.691597,0.03508771929824561,4.052334,Alta rotacion
"LCD MON,S32AG32ANL,32,COLOMBIA,LR10/S32A",LCD MON,1201.0,12.510417,40.25,0.0,4.7866077,19.279367,0.16666666666666666,0.0,Riesgo desabastecimiento
"LCD MON,S32BM801UN,32,UNITED STATES,LT20",LCD MON,141.0,1.46875,1.9895834,0.0,0.32358268,0.6784117,0.11458333333333333,0.0,Riesgo desabastecimiento
"LCD MON,S32BM80BUN,32,UNITED STATES,LT20",LCD MON,35.0,0.4861111,0.15277778,0.0,0.4733796,0.12395178,0.1388888888888889,0.0,Riesgo desabastecimiento
"LCD MON,S32CM500EL,32,COLOMBIA,LY20/S32T",LCD MON,1565.0,8.151042,20.526041,1.0,0.5642375,8.676728,0.11458333333333333,0.5247716,Riesgo desabastecimiento
"LCD MON,S34BG850SN,34,UNITED STATES,LD20",LCD MON,116.0,0.537037,5.328704,0.0,0.1775745,4.552954,0.06018518518518518,0.0,Riesgo desabastecimiento
"LED ALL-IN-ONE,IAC 130 2K,130,UNITED STA",LED ALL-IN-ONE,5.0,0.11111111,0.37777779,0.0,0.06851852,0.35262054,0.044444444444444446,0.0,Riesgo desabastecimiento
"LED MFM,T24E310LT,23.6,COLOMBIA,MB50/T2",LED MFM,0.0,0.0,0.8888889,0.0,0.0,0.8888889,0.0,0.0,Normal
"LED MFM,T24H310HLT,24,COLOMBIA,MB50/T24",LED MFM,0.0,0.0,0.0,0.0,0.0,0.0,0.0,0.0,Normal
"LED MFM,T28D310LT,27.5,COLOMBIA,WVE4/T2",LED MFM,0.0,0.0,0.0,0.0,0.0,0.0,0.0,0.0,Normal
"LED MFM,T28E310LT,27.5,COLOMBIA,MB50/T2",LED MFM,0.0,0.0,0.5277778,0.0,0.0,0.5277778,0.0,0.0,Normal
"LED MODULE,IE015A,0,UNITED STATES,FM10/H",LED MODULE,0.0,0.0,0.0,0.0,0.0,0.0,0.0,0.0,Normal
"LED MODULE,IE020A,0,UNITED STATES,FM10/H",LED MODULE,22.0,1.8333334,0.0,0.0,1.8333334,0.0,0.08333333333333333,0.0,Riesgo desabastecimiento
"LED MODULE,IE025A ,0,UNITED STATES,FM10/",LED MODULE,94.0,3.9166667,13.916667,0.0,2.609025,10.379592,0.08333333333333333,0.0,Riesgo desabastecimiento
"LED MODULE,IE025A,0,UNITED STATES,FM10/H",LED MODULE,1003.0,9.287037,21.25,46.0,4.990875,13.792932,0.08333333333333333,21.200346,Alta rotacion
"LED MODULE,IW008A,0,UNITED STATES,FJ10/H",LED MODULE,0.0,0.0,0.0,0.0,0.0,0.0,0.0,0.0,Normal
"LED MODULE,IW012A,0,UNITED KINGDOM,FJ10/",LED MODULE,0.0,0.0,1.8181819,0.0,0.0,1.8181819,0.0,0.0,Normal
"LED MODULE,IW012A,0,UNITED STATES,FJ10/H",LED MODULE,27.0,0.47368422,1.3684211,0.0,0.3233083,1.1309854,0.017543859649122806,0.0,Riesgo desabastecimiento
"LED MODULE,IW012C,0,UNITED KINGDOM,FQ31/",LED MODULE,0.0,0.0,0.0,0.0,0.0,0.0,0.0,0.0,Normal
"LED MODULE,LH080XMFTFC,0,UNITED STATES,F",LED MODULE,0.0,0.0,0.0,0.0,0.0,0.0,0.0,0.0,Normal
"LED MODULE,XA067T,0,UNITED STATES,FP00/H",LED MODULE,21.0,1.0,0.0,0.0,1.0,0.0,0.047619047619047616,0.0,Riesgo desabastecimiento
"LED MODULE,XRB039-X,0,UNITED STATES,FG20",LED MODULE,4.0,0.1904762,0.61904764,0.0,0.1904762,0.61904764,0.047619047619047616,0.0,Riesgo desabastecimiento
"LED MODULE,XRB039-Y,0,UNITED STATES,FG20",LED MODULE,12.0,0.5714286,0.0,0.0,0.5714286,0.0,0.047619047619047616,0.0,Riesgo desabastecimiento
"LED MON,C24RG50FQL,24,COLOMBIA,LW90/S24R",LED MON,0.0,0.0,0.0,0.0,0.0,0.0,0.0,0.0,Normal
"LED MON,C27F390FHL,27,COLOMBIA,LW60/S27F",LED MON,0.0,0.0,0.0,0.0,0.0,0.0,0.0,0.0,Normal
"LED MON,C27F591FDL,27,COLOMBIA,LS60/S27",LED MON,0.0,0.0,0.93939394,1.0,0.0,0.93939394,0.0,100.0,Exceso inventario
"LED MON,C27R500FHL,27,COLOMBIA,LY90/S27R",LED MON,13746.0,44.057693,67.878204,1.0,11.10756,10.575892,0.1955128205128205,0.09750414,Riesgo desabastecimiento
"LED MON,C27T550FDL,27,COLOMBIA,LH00/S27T",LED MON,0.0,0.0,0.0,0.0,0.0,0.0,0.0,0.0,Normal
"LED MON,C32F391FWL,32,COLOMBIA,LW61/S32",LED MON,0.0,0.0,4.6969695,5.0,0.0,4.6969695,0.0,500.0,Exceso inventario
"LED MON,C32G55TQWL,32,COLOMBIA,LR00/S32T",LED MON,0.0,0.0,0.0,0.0,0.0,0.0,0.0,0.0,Normal
"LED MON,C34G55TWWL,34,COLOMBIA,LR01/S34T",LED MON,0.0,0.0,0.0,0.0,0.0,0.0,0.0,0.0,Normal
"LED MON,C34H890WJL,34,COLOMBIA,LQ70/S34H",LED MON,0.0,0.0,0.0,0.0,0.0,0.0,0.0,0.0,Normal
"LED MON,F24T350FHL,24,COLOMBIA,LS00/S24T",LED MON,56503.0,125.562225,265.49777,0.0,6.8023214,9.7820215,0.14888888888888888,0.0,Riesgo desabastecimiento
"LED MON,F24T400FHL,24,COLOMBIA,LL00/S24T",LED MON,0.0,0.0,0.0,0.0,0.0,0.0,0.0,0.0,Normal
"LED MON,F27T350FHL,27,COLOMBIA,LS00/S27T",LED MON,8512.0,27.282051,34.035255,0.0,8.377888,8.058215,0.20833333333333334,0.0,Riesgo desabastecimiento
"LED MON,S19A330NHL,19,COLOMBIA,LG10/S19T",LED MON,16533.0,108.05882,137.05229,0.0,28.294415,5.1665025,0.13071895424836602,0.0,Riesgo desabastecimiento
"LED MON,S22A336NHL,22,COLOMBIA,LG10/S22T",LED MON,58353.0,146.24812,289.93234,1.0,11.211934,8.97043,0.10776942355889724,0.029393448,Riesgo desabastecimiento
"LED MON,S22F350FHL,22,COLOMBIA,LR60/S22",LED MON,0.0,0.0,0.93939394,1.0,0.0,0.93939394,0.0,100.0,Exceso inventario
"LED MON,S22F350FHL,22,PANAMA,LR60/S22FL",LED MON,0.0,0.0,1.8787879,2.0,0.0,1.8787879,0.0,200.0,Exceso inventario
"LED MON,S23C350H,23,COLOMBIA,WFQ1/S23CA",LED MON,81.0,2.25,3.1666667,0.0,0.021028036,0.37065262,0.0,0.0,Riesgo desabastecimiento
"LED MON,S24C310EAL,24,COLOMBIA,LM20/S24C",LED MON,6978.0,50.565216,114.72464,0.0,8.497826,32.67929,0.08695652173913043,0.0,Riesgo desabastecimiento
"LED MON,S24D600UAN,24,UNITED STATES,LK30",LED MON,91.0,0.7222222,2.7936509,0.0,0.58563983,2.5526667,0.03968253968253968,0.0,Riesgo desabastecimiento
"LED MON,S24E370DL,23.6,COLOMBIA,LT50/S2",LED MON,0.0,0.0,0.8484849,1.0,0.0,0.8484849,0.0,100.0,Exceso inventario
"LED MON,S24F350FHL,24,COLOMBIA,LR60/S24",LED MON,2.0,0.021505376,0.41935483,0.0,0.02688172,0.41935483,0.021505376344086023,0.0,Riesgo desabastecimiento
"LED MON,S27E370D,27,COLOMBIA,LT50/S27EV",LED MON,0.0,0.0,1.0,1.0,0.0,1.0,0.0,100.0,Exceso inventario
"LED MON,S27R350FHL,27,COLOMBIA,LA90/S27R",LED MON,0.0,0.0,0.0,0.0,0.0,0.0,0.0,0.0,Normal
"LED MON,S32BM500EL,32,COLOMBIA,LY20/S32T",LED MON,1675.0,8.862433,20.05291,0.0,1.507729,4.33054,0.13756613756613756,0.0,Riesgo desabastecimiento
"LED MON,S34A650UXL,34,COLOMBIA,LC10/S34A",LED MON,0.0,0.0,0.0,0.0,0.0,0.0,0.0,0.0,Normal
"LED MON,S43DM700UN,43,UNITED STATES,LU21",LED MON,117.0,2.7857144,3.1904762,0.0,1.2420955,1.8605641,0.11904761904761904,0.0,Riesgo desabastecimiento
"LED MON,U28E590D,28,COLOMBIA,LN50/S28EU0",LED MON,0.0,0.0,1.8787879,2.0,0.0,1.8787879,0.0,200.0,Exceso inventario
"LED TV(H),HG43BU800NF,43,UNITED STATES,H",LED TV(H),57.0,0.475,2.8833334,0.0,0.4113705,2.7796183,0.041666666666666664,0.0,Riesgo desabastecimiento
"LED TV(H),HG50AU800NF,50,UNITED STATES,H",LED TV(H),0.0,0.0,0.0,0.0,0.0,0.0,0.0,0.0,Normal
"LED TV(H),HG50BU800NF,50,UNITED STATES,H",LED TV(H),101.0,0.74814814,3.3777778,0.0,0.5338296,3.1965756,0.037037037037037035,0.0,Riesgo desabastecimiento
"LED TV(H),HG55AU800NF,55,UNITED STATES,H",LED TV(H),1.0,0.020833334,0.8958333,0.0,0.0052083335,0.8840409,0.0,0.0,Riesgo desabastecimiento
"LED TV(H),HG55BU800NF,55,UNITED STATES,H",LED TV(H),255.0,1.5454545,6.2848487,0.0,1.1234936,4.812716,0.048484848484848485,0.0,Riesgo desabastecimiento
"LED TV(H),HG65BU800NF,65,UNITED STATES,H",LED TV(H),87.0,0.85294116,0.89215684,0.0,0.672549,0.859118,0.0784313725490196,0.0,Riesgo desabastecimiento
"LED TV,UN19D4003B,19,COLOMBIA,U58H/19DB",LED TV,1.0,0.041666668,0.5833333,0.0,0.041666668,0.5833333,0.041666666666666664,0.0,Riesgo desabastecimiento
"LED TV,UN26EH4000M,26,COLOMBIA,U72A/26E",LED TV,2.0,0.083333336,0.9583333,0.0,0.083333336,0.9583333,0.041666666666666664,0.0,Riesgo desabastecimiento
"LED TV,UN32D5500RM,32,COLOMBIA,U65A/32D",LED TV,1.0,0.01754386,1.3684211,0.0,0.01754386,1.3684211,0.017543859649122806,0.0,Riesgo desabastecimiento
"LED TV,UN32EH4500M,32,COLOMBIA,U77A/32E",LED TV,0.0,0.0,0.16666667,0.0,0.0,0.16666667,0.0,0.0,Normal
"LED TV,UN32EH5300M,32,COLOMBIA,U77A/32E",LED TV,0.0,0.0,0.0,0.0,0.0,0.0,0.0,0.0,Normal
"LED TV,UN32EH6030M,32,COLOMBIA,U72D/32E",LED TV,2.0,0.044444446,1.0,0.0,0.044444446,1.0,0.022222222222222223,0.0,Riesgo desabastecimiento
"LED TV,UN32F4000AK,32,COLOMBIA,U88A/U32",LED TV,0.0,0.0,0.0,0.0,0.0,0.0,0.0,0.0,Normal
"LED TV,UN32F5000AK,32,COLOMBIA,U88A/U32",LED TV,0.0,0.0,0.0,0.0,0.0,0.0,0.0,0.0,Normal
"LED TV,UN32FH4005K,32,COLOMBIA,U88C/32E",LED TV,1.0,0.027777778,0.3888889,0.0,0.027777778,0.3888889,0.027777777777777776,0.0,Riesgo desabastecimiento
"LED TV,UN32H4303AK,32,COLOMBIA,U8MB/32E",LED TV,1.0,0.027777778,0.5555556,0.0,0.027777778,0.5555556,0.027777777777777776,0.0,Riesgo desabastecimiento
"LED TV,UN32H5000FK,32,COLOMBIA,UWB50/U32",LED TV,2123.0,5.4857883,22.568476,95.0,0.22346002,7.0324497,0.007751937984496124,73.885994,Normal
"LED TV,UN32J4000AK,32,COLOMBIA,UND51/U3",LED TV,5.0,0.030864198,1.5,0.0,0.0050044092,1.4700325,0.0,0.0,Riesgo desabastecimiento
"LED TV,UN32J4000DK,32,COLOMBIA,UND61/U32",LED TV,10.0,0.031152649,1.3115265,0.0,0.0131780645,1.2972999,0.006230529595015576,0.0,Riesgo desabastecimiento
"LED TV,UN32J4290AK,32,COLOMBIA,UWE70/U32",LED TV,6.0,0.019607844,0.57843137,0.0,0.008714598,0.57327896,0.0032679738562091504,0.0,Riesgo desabastecimiento
"LED TV,UN32J4300AK,32,COLOMBIA,UWE50/U3",LED TV,0.0,0.0,0.125,0.0,0.0,0.125,0.0,0.0,Normal
"LED TV,UN32J4300DK,32,COLOMBIA,UWE70/U32",LED TV,4.0,0.026666667,0.73333335,0.0,0.01888889,0.7295597,0.013333333333333334,0.0,Riesgo desabastecimiento
"LED TV,UN32T4300AK,32,COLOMBIA,UWM01/U32",LED TV,67732.0,36.415054,83.391396,45.0,2.9538558,15.50366,0.05967741935483871,5.3074694,Alta rotacion
"LED TV,UN39FH5005K,39,COLOMBIA,U88C/39E",LED TV,0.0,0.0,0.16666667,0.0,0.0,0.16666667,0.0,0.0,Normal
"LED TV,UN40D6500VM,40,COLOMBIA,U70A/40DV",LED TV,4.0,0.16666667,3.5,0.0,0.16666667,3.5,0.041666666666666664,0.0,Riesgo desabastecimiento
"LED TV,UN40F5500AK,40,COLOMBIA,U85A/U40",LED TV,1.0,0.041666668,0.5,0.0,0.041666668,0.5,0.041666666666666664,0.0,Riesgo desabastecimiento
"LED TV,UN40F6000FK,40,COLOMBIA,UWB50/U40",LED TV,2273.0,3.6079366,10.976191,16.0,0.19715695,4.192439,0.011111111111111112,18.84448,Normal
"LED TV,UN40FH5005K,40,COLOMBIA,U88C/40E",LED TV,0.0,0.0,0.0,0.0,0.0,0.0,0.0,0.0,Normal
"LED TV,UN40H4200AK,40,COLOMBIA,U8KB/U40",LED TV,1.0,0.041666668,0.5,0.0,0.041666668,0.5,0.041666666666666664,0.0,Riesgo desabastecimiento
"LED TV,UN40H5103AK,40,COLOMBIA,U8MD/U40",LED TV,0.0,0.0,0.0,0.0,0.0,0.0,0.0,0.0,Normal
"LED TV,UN40H5303AK,40,COLOMBIA,U8MB/40E",LED TV,2.0,0.16666667,0.5833333,0.0,0.16666667,0.5833333,0.16666666666666666,0.0,Riesgo desabastecimiento
"LED TV,UN40J5200AK,40,COLOMBIA,UAE50/U4",LED TV,7.0,0.04761905,1.2925171,0.0,0.035714287,1.2865068,0.013605442176870748,0.0,Riesgo desabastecimiento
"LED TV,UN40J5300AK,40,COLOMBIA,UAE50/U4",LED TV,1.0,0.01754386,2.368421,0.0,0.01754386,2.368421,0.017543859649122806,0.0,Riesgo desabastecimiento
"LED TV,UN40J5500AK,40,COLOMBIA,UWK50/U4",LED TV,1.0,0.083333336,0.9166667,0.0,0.083333336,0.9166667,0.08333333333333333,0.0,Riesgo desabastecimiento
"LED TV,UN40J6500AK,40,COLOMBIA,UWK50/U4",LED TV,2.0,0.083333336,0.41666666,0.0,0.083333336,0.41666666,0.041666666666666664,0.0,Riesgo desabastecimiento
"LED TV,UN40JU6100K,40,COLOMBIA,UWJ52/U4",LED TV,4.0,0.060606062,1.530303,1.0,0.02020202,1.5045741,0.0,41.503365,Exceso inventario
"LED TV,UN40K5100AK,40,COLOMBIA,UND61/U4",LED TV,0.0,0.0,0.0,0.0,0.0,0.0,0.0,0.0,Normal
"LED TV,UN40K6500AK,40,COLOMBIA,UWK60/U4",LED TV,3.0,0.027027028,1.054054,0.0,0.010510511,1.045555,0.0,0.0,Riesgo desabastecimiento
"LED TV,UN40KU6000K,40,COLOMBIA,UWP60/U4",LED TV,6.0,0.05882353,1.2745098,0.0,0.024836602,1.2497871,0.00980392156862745,0.0,Riesgo desabastecimiento
"LED TV,UN40KU6400K,40,COLOMBIA,UWP60/U4",LED TV,0.0,0.0,0.0,0.0,0.0,0.0,0.0,0.0,Normal
"LED TV,UN40T5290AK,40,COLOMBIA,UWM00/U40",LED TV,97026.0,52.58862,104.00705,0.0,3.3722484,13.606721,0.05582655826558266,0.0,Riesgo desabastecimiento
"LED TV,UN43AU7000K,43,COLOMBIA,UWS10/U43",LED TV,851.0,0.84174085,3.1740851,0.0,0.15897465,2.174826,0.036597428288822946,0.0,Riesgo desabastecimiento
"LED TV,UN43AU8000K,43,COLOMBIA,UWK10/U43",LED TV,483.0,1.2014925,3.9004974,0.0,0.22615488,2.0560858,0.02736318407960199,0.0,Riesgo desabastecimiento
"LED TV,UN43BU8000K,43,COLOMBIA,UNS10/U43",LED TV,22044.0,32.950672,68.602394,0.0,0.9506523,5.916585,0.053811659192825115,0.0,Riesgo desabastecimiento
"LED TV,UN43CU7000K,43,COLOMBIA,UWS31/U43",LED TV,36173.0,31.156761,84.97072,0.0,1.7698927,11.395512,0.056847545219638244,0.0,Riesgo desabastecimiento
"LED TV,UN43CU8000K,43,COLOMBIA,UWY30/U43",LED TV,6135.0,16.102362,59.136482,0.0,0.56490886,7.2748823,0.04199475065616798,0.0,Riesgo desabastecimiento
"LED TV,UN43DU7000K,43,COLOMBIA,UWS41/U43",LED TV,40484.0,40.769386,90.35549,0.0,1.6019815,9.002572,0.044310171198388724,0.0,Riesgo desabastecimiento
"LED TV,UN43J5200AK,43,COLOMBIA,UAE50/U4",LED TV,0.0,0.0,0.0,0.0,0.0,0.0,0.0,0.0,Normal
"LED TV,UN43J5200DK,43,COLOMBIA,UWE70/U43",LED TV,3.0,0.023809524,0.64285713,0.0,0.023809524,0.64285713,0.023809523809523808,0.0,Riesgo desabastecimiento
"LED TV,UN43J5290AK,43,COLOMBIA,UWE70/U43",LED TV,11.0,0.030303031,0.6528926,0.0,0.011570248,0.6406151,0.0027548209366391185,0.0,Riesgo desabastecimiento
"LED TV,UN43MU6100K,43,COLOMBIA,UWU70/U43",LED TV,0.0,0.0,0.083333336,0.0,0.0,0.083333336,0.0,0.0,Normal
"LED TV,UN43MU6103K,43,COLOMBIA,UWU70/U43",LED TV,2.0,0.03508772,0.7017544,0.0,0.03508772,0.7017544,0.03508771929824561,0.0,Riesgo desabastecimiento
"LED TV,UN43NU7100K,43,COLOMBIA,UWX80/U43",LED TV,0.0,0.0,0.6166667,0.0,0.0,0.6166667,0.0,0.0,Normal
"LED TV,UN43RU7100K,43,COLOMBIA,UWE90/U43",LED TV,3.0,0.022727273,0.20454545,0.0,0.01199495,0.19739851,0.007575757575757576,0.0,Riesgo desabastecimiento
"LED TV,UN43T5300AK,43,COLOMBIA,UWM00/U43",LED TV,19325.0,21.762388,42.9741,0.0,1.1411432,3.548487,0.04279279279279279,0.0,Riesgo desabastecimiento
"LED TV,UN43TU6900K,43,COLOMBIA,UWL05/U43",LED TV,5.0,0.104166664,0.20833333,0.0,0.104166664,0.20833333,0.020833333333333332,0.0,Riesgo desabastecimiento
"LED TV,UN43TU7000K,43,COLOMBIA,UWL02/U43",LED TV,9.0,0.04761905,0.4920635,0.0,0.038800705,0.4878925,0.031746031746031744,0.0,Riesgo desabastecimiento
"LED TV,UN43TU8000K,43,COLOMBIA,UWK00/U43",LED TV,42.0,0.25,0.99404764,0.0,0.045661215,0.81437886,0.011904761904761904,0.0,Riesgo desabastecimiento
"LED TV,UN43U8000FK,43,COLOMBIA,UWS51/U43",LED TV,1532.0,3.0763052,22.939758,29.0,0.017995387,8.96552,0.002008032128514056,39.976852,Normal
"LED TV,UN43U8200FK,43,COLOMBIA,UWS51/U43",LED TV,419.0,19.952381,39.04762,37.0,0.21207818,3.9135096,0.0,7.956837,Normal
"LED TV,UN46FH5005K,46,COLOMBIA,U88C/46E",LED TV,0.0,0.0,0.0,0.0,0.0,0.0,0.0,0.0,Normal
"LED TV,UN46H5303AK,46,COLOMBIA,U8MB/46E",LED TV,1.0,0.041666668,0.5,0.0,0.041666668,0.5,0.041666666666666664,0.0,Riesgo desabastecimiento
"LED TV,UN46H6203AK,46,COLOMBIA,U8MB/46E",LED TV,0.0,0.0,1.0,1.0,0.0,1.0,0.0,100.0,Exceso inventario
"LED TV,UN48H6800AK,48,COLOMBIA,U8DD/U48",LED TV,0.0,0.0,1.0,1.0,0.0,1.0,0.0,100.0,Exceso inventario
"LED TV,UN48J5200AK,48,COLOMBIA,UAE50/U4",LED TV,4.0,0.022988506,1.091954,0.0,0.013409963,1.0876166,0.005747126436781609,0.0,Riesgo desabastecimiento
"LED TV,UN48J6500AK,48,COLOMBIA,UWK50/U4",LED TV,0.0,0.0,0.7777778,0.0,0.0,0.7777778,0.0,0.0,Normal
"LED TV,UN48JU6100K,48,COLOMBIA,UWJ52/U4",LED TV,0.0,0.0,0.5,0.0,0.0,0.5,0.0,0.0,Normal
"LED TV,UN49J5200AK,49,COLOMBIA,UWE70/U49",LED TV,2.0,0.013605442,1.0,1.0,0.013605442,1.0,0.013605442176870748,75.964424,Exceso inventario
"LED TV,UN49J5290AK,49,COLOMBIA,UWE70/U49",LED TV,6.0,0.025,0.5125,0.0,0.015416667,0.4998091,0.0125,0.0,Riesgo desabastecimiento
"LED TV,UN49K6500AK,49,COLOMBIA,UWK60/U4",LED TV,2.0,0.055555556,1.3611112,0.0,0.055555556,1.3611112,0.027777777777777776,0.0,Riesgo desabastecimiento
"LED TV,UN49KU6300K,49,COLOMBIA,UWP60/U4",LED TV,1.0,0.013888889,0.5,0.0,0.013888889,0.5,0.013888888888888888,0.0,Riesgo desabastecimiento
"LED TV,UN49MU6100K,49,COLOMBIA,UWU70/U49",LED TV,5.0,0.083333336,0.46666667,0.0,0.05,0.45608467,0.016666666666666666,0.0,Riesgo desabastecimiento
"LED TV,UN49MU6103K,49,COLOMBIA,UWU70/U49",LED TV,0.0,0.0,0.0,0.0,0.0,0.0,0.0,0.0,Normal
"LED TV,UN49MU6300K,49,COLOMBIA,UWU70/U49",LED TV,4.0,0.027210884,1.4285715,0.0,0.012698413,1.4191182,0.006802721088435374,0.0,Riesgo desabastecimiento
"LED TV,UN49NU7300K,49,COLOMBIA,UWX80/U49",LED TV,0.0,0.0,0.9130435,0.0,0.0,0.9130435,0.0,0.0,Normal
"LED TV,UN49RU7300K,49,COLOMBIA,UWE90/U49",LED TV,0.0,0.0,0.2635659,0.0,0.0,0.2635659,0.0,0.0,Normal
"LED TV,UN50AU7000K,50,COLOMBIA,UWS10/U50",LED TV,462.0,0.5347222,2.148148,0.0,0.16373596,1.5689336,0.032407407407407406,0.0,Riesgo desabastecimiento
"LED TV,UN50AU8000K,50,COLOMBIA,UWK10/U50",LED TV,286.0,0.58486706,4.8629856,0.0,0.05442537,3.1543572,0.014314928425357873,0.0,Riesgo desabastecimiento
"LED TV,UN50AU8200K,50,COLOMBIA,UWK10/U50",LED TV,23.0,0.2254902,2.9509804,0.0,0.038263235,2.6504903,0.00980392156862745,0.0,Riesgo desabastecimiento
"LED TV,UN50AU9000K,50,COLOMBIA,UWK10/U50",LED TV,283.0,0.3600509,2.2557251,0.0,0.15966325,1.9521726,0.026717557251908396,0.0,Riesgo desabastecimiento
"LED TV,UN50BU8000K,50,COLOMBIA,UNS10/U50",LED TV,23102.0,49.363247,81.96581,0.0,0.9027579,7.337446,0.049145299145299144,0.0,Riesgo desabastecimiento
"LED TV,UN50BU8200K,50,COLOMBIA,UNS10/U50",LED TV,14179.0,14.632611,23.696594,0.0,2.1351862,4.4301662,0.0629514963880289,0.0,Riesgo desabastecimiento
"LED TV,UN50CU7000K,50,COLOMBIA,UWS31/U50",LED TV,47131.0,33.569088,90.78704,0.0,1.259104,9.753874,0.05698005698005698,0.0,Riesgo desabastecimiento
"LED TV,UN50CU8000K,50,COLOMBIA,UWY30/U50",LED TV,26447.0,40.43884,101.38685,0.0,1.5953926,12.494006,0.05504587155963303,0.0,Riesgo desabastecimiento
"LED TV,UN50CU8200K,50,COLOMBIA,UWY30/U50",LED TV,4942.0,47.066666,121.2381,6.0,6.711603,19.62103,0.1619047619047619,0.5476583,Riesgo desabastecimiento
"LED TV,UN50DU7000K,50,COLOMBIA,UWS41/U50",LED TV,40586.0,38.10892,74.51456,0.0,1.7907251,9.790878,0.04131455399061033,0.0,Riesgo desabastecimiento
"LED TV,UN50DU8000K,50,COLOMBIA,UWK40/U50",LED TV,10739.0,31.96131,56.98512,12.0,0.538761,5.2323084,0.023809523809523808,1.6122829,Riesgo desabastecimiento
"LED TV,UN50DU8200K,50,COLOMBIA,UWK40/U50",LED TV,11602.0,120.854164,198.27083,136.0,8.022679,28.157532,0.0625,4.837169,Alta rotacion
"LED TV,UN50F5000AK,50,COLOMBIA,U88A/U50",LED TV,1.0,0.041666668,0.5833333,0.0,0.041666668,0.5833333,0.041666666666666664,0.0,Riesgo desabastecimiento
"LED TV,UN50FH5303K,50,COLOMBIA,U87A/50E",LED TV,0.0,0.0,0.6666667,0.0,0.0,0.6666667,0.0,0.0,Normal
"LED TV,UN50J5500AK,50,COLOMBIA,UWK50/U5",LED TV,0.0,0.0,0.375,0.0,0.0,0.375,0.0,0.0,Normal
"LED TV,UN50JS7200K,50,COLOMBIA,UWJ51/U5",LED TV,0.0,0.0,1.0,1.0,0.0,1.0,0.0,100.0,Exceso inventario
"LED TV,UN50KU6000K,50,COLOMBIA,UWP60/U5",LED TV,2.0,0.083333336,0.9583333,0.0,0.041666668,0.9426101,0.0,0.0,Riesgo desabastecimiento
"LED TV,UN50NU7090K,50,COLOMBIA,UEZ82/U50",LED TV,1.0,0.083333336,0.5,0.0,0.083333336,0.5,0.08333333333333333,0.0,Riesgo desabastecimiento
"LED TV,UN50NU7100K,50,COLOMBIA,UWX80/U50",LED TV,3.0,0.020833334,0.3611111,0.0,0.017361112,0.3624214,0.020833333333333332,0.0,Riesgo desabastecimiento
"LED TV,UN50RU7100K,50,COLOMBIA,UWE90/U50",LED TV,20.0,0.15151516,0.8636364,0.0,0.06843434,0.77019256,0.007575757575757576,0.0,Riesgo desabastecimiento
"LED TV,UN50TU7000K,50,COLOMBIA,UWL01/U50",LED TV,8.0,0.017094018,0.5619658,0.0,0.01460114,0.56048113,0.010683760683760684,0.0,Riesgo desabastecimiento
"LED TV,UN50TU8000K,50,COLOMBIA,UWK00/U50",LED TV,-44.0,-0.2037037,1.7453704,0.0,-0.067044415,1.6070226,0.004629629629629629,0.0,Normal
"LED TV,UN50TU8500K,50,COLOMBIA,UWK00/U50",LED TV,0.0,0.0,0.33333334,0.0,0.0,0.33333334,0.0,0.0,Normal
"LED TV,UN50U8000FK,50,COLOMBIA,UWS51/U50",LED TV,742.0,1.0392157,17.02241,27.0,0.047453284,6.1692066,0.0056022408963585435,107.279915,Normal
"LED TV,UN50U8200FK,50,COLOMBIA,UWS51/U50",LED TV,567.0,13.5,58.214287,700.0,0.0276396,3.4274006,0.0,222.25505,Normal
"LED TV,UN55AU7000K,55,COLOMBIA,UWS10/U55",LED TV,500.0,0.70028013,2.8711483,0.0,0.16687346,2.1987176,0.0350140056022409,0.0,Riesgo desabastecimiento
"LED TV,UN55AU8000K,55,COLOMBIA,UWK10/U55",LED TV,198.0,1.2222222,6.2222223,0.0,0.12294767,3.8534045,0.024691358024691357,0.0,Riesgo desabastecimiento
"LED TV,UN55AU8200K,55,COLOMBIA,UWK10/U55",LED TV,84.0,0.27722773,3.231023,0.0,0.040315915,2.650555,0.013201320132013201,0.0,Riesgo desabastecimiento
"LED TV,UN55AU9000K,55,COLOMBIA,UWK10/U55",LED TV,13.0,0.103174604,0.515873,0.0,0.054988664,0.4837059,0.031746031746031744,0.0,Riesgo desabastecimiento
"LED TV,UN55BU8000K,55,COLOMBIA,UNS10/U55",LED TV,21613.0,72.77104,118.83165,0.0,0.8650672,9.698394,0.050505050505050504,0.0,Riesgo desabastecimiento
"LED TV,UN55BU8200K,55,COLOMBIA,UNS10/U55",LED TV,11882.0,10.477954,18.317461,0.0,1.9687983,4.3508234,0.06084656084656084,0.0,Riesgo desabastecimiento
"LED TV,UN55CU7000K,55,COLOMBIA,UWS31/U55",LED TV,49714.0,59.183334,88.421425,0.0,3.5520608,8.41799,0.07142857142857142,0.0,Riesgo desabastecimiento
"LED TV,UN55CU8000K,55,COLOMBIA,UWY30/U55",LED TV,8398.0,9.586758,27.336758,0.0,0.6939031,5.9399314,0.05136986301369863,0.0,Riesgo desabastecimiento
"LED TV,UN55CU8200K,55,COLOMBIA,UWY30/U55",LED TV,3660.0,26.52174,34.34058,2.0,5.457144,7.634333,0.12318840579710146,0.3237374,Riesgo desabastecimiento
"LED TV,UN55DU7000K,55,COLOMBIA,UWS41/U55",LED TV,42278.0,41.44902,90.68039,27.0,1.6454221,10.352322,0.03725490196078431,2.7981284,Alta rotacion
"LED TV,UN55DU8000K,55,COLOMBIA,UWK40/U55",LED TV,16462.0,51.767296,136.56918,162.0,1.6241927,17.207972,0.03773584905660377,13.445205,Alta rotacion
"LED TV,UN55DU8200K,55,COLOMBIA,UWK40/U55",LED TV,11038.0,79.985504,151.38406,4.0,4.2536464,28.164303,0.050724637681159424,0.21492344,Riesgo desabastecimiento
"LED TV,UN55H7100AK,55,COLOMBIA,U8DC/U55",LED TV,1.0,0.041666668,0.5,0.0,0.041666668,0.5,0.041666666666666664,0.0,Riesgo desabastecimiento
"LED TV,UN55HU8500K,55,COLOMBIA,U8GA/U55",LED TV,0.0,0.0,0.6666667,0.0,0.0,0.6666667,0.0,0.0,Normal
"LED TV,UN55J5300AK,55,COLOMBIA,UAE50/U5",LED TV,1.0,0.010752688,0.4516129,0.0,0.010752688,0.4516129,0.010752688172043012,0.0,Riesgo desabastecimiento
"LED TV,UN55J6300AK,55,COLOMBIA,UWK50/U5",LED TV,2.0,0.028985508,1.0,0.0,0.02173913,0.99726546,0.014492753623188406,0.0,Riesgo desabastecimiento
"LED TV,UN55K6500AK,55,COLOMBIA,UWK60/U5",LED TV,6.0,0.125,1.2708334,0.0,0.056250002,1.2249113,0.020833333333333332,0.0,Riesgo desabastecimiento
"LED TV,UN55KS7500K,55,COLOMBIA,UWQ60/U5",LED TV,0.0,0.0,2.0833333,0.0,0.0,2.0833333,0.0,0.0,Normal
"LED TV,UN55KU6000K,55,COLOMBIA,UWP60/U5",LED TV,0.0,0.0,0.0,0.0,0.0,0.0,0.0,0.0,Normal
"LED TV,UN55MU6100K,55,COLOMBIA,UWU70/U55",LED TV,1.0,0.007936508,0.8015873,0.0,0.007936508,0.8015873,0.007936507936507936,0.0,Riesgo desabastecimiento
"LED TV,UN55MU7500K,55,COLOMBIA,UWU71/U55",LED TV,0.0,0.0,0.0,0.0,0.0,0.0,0.0,0.0,Normal
"LED TV,UN55NU7100K,55,COLOMBIA,UWX80/U55",LED TV,1.0,0.011904762,0.1904762,0.0,0.0013227513,0.17250673,0.0,0.0,Riesgo desabastecimiento
"LED TV,UN55NU7300K,55,COLOMBIA,UWX80/U55",LED TV,0.0,0.0,0.3888889,0.0,0.0,0.3888889,0.0,0.0,Normal
"LED TV,UN55NU7500K,55,COLOMBIA,UWX80/U55",LED TV,1.0,0.041666668,0.16666667,0.0,0.013888889,0.1509434,0.0,0.0,Riesgo desabastecimiento
"LED TV,UN55NU8000K,55,COLOMBIA,UWY80/U55",LED TV,0.0,0.0,0.055555556,0.0,0.0,0.055555556,0.0,0.0,Normal
"LED TV,UN55NU8500K,55,COLOMBIA,UWY80/U55",LED TV,0.0,0.0,0.083333336,0.0,0.0,0.083333336,0.0,0.0,Normal
"LED TV,UN55RU7100K,55,COLOMBIA,UWE90/U55",LED TV,11.0,0.038194444,0.7847222,0.0,0.017361112,0.76326305,0.010416666666666666,0.0,Riesgo desabastecimiento
"LED TV,UN55RU7300K,55,COLOMBIA,UWE90/U55",LED TV,1.0,0.013888889,0.15277778,0.0,0.013888889,0.15277778,0.013888888888888888,0.0,Riesgo desabastecimiento
"LED TV,UN55RU7400K,55,COLOMBIA,UWE90/U55",LED TV,1.0,0.011111111,0.67777777,0.0,0.0022222223,0.66939205,0.0,0.0,Riesgo desabastecimiento
"LED TV,UN55TU6900K,55,COLOMBIA,UWL05/U55",LED TV,3.0,0.025641026,0.47863248,0.0,0.017094018,0.4754072,0.008547008547008548,0.0,Riesgo desabastecimiento
"LED TV,UN55TU7000K,55,COLOMBIA,UWL01/U55",LED TV,18.0,0.06521739,0.6557971,0.0,0.041062802,0.64513135,0.025362318840579712,0.0,Riesgo desabastecimiento
"LED TV,UN55TU8000K,55,COLOMBIA,UWK00/U55",LED TV,4.0,0.04761905,0.45238096,0.0,0.020833334,0.43430457,0.011904761904761904,0.0,Riesgo desabastecimiento
"LED TV,UN55TU8300K,55,COLOMBIA,UWK00/U55",LED TV,0.0,0.0,0.4347826,1.0,0.0,0.4347826,0.014492753623188406,100.0,Exceso inventario
"LED TV,UN55TU8500K,55,COLOMBIA,UWK00/U55",LED TV,12.0,0.054054055,2.1306307,2.0,0.0076209614,2.0436435,0.0,88.61041,Exceso inventario
"LED TV,UN55U8000FK,55,COLOMBIA,UWS51/U55",LED TV,2771.0,8.713837,40.103775,0.0,0.16666545,12.499317,0.018867924528301886,0.0,Riesgo desabastecimiento
"LED TV,UN55U8200FK,55,COLOMBIA,UWS51/U55",LED TV,287.0,6.8333335,67.21429,971.0,0.051265378,41.59375,0.0,607.1986,Normal
"LED TV,UN58AU7000K,58,COLOMBIA,UWS11/U58",LED TV,1166.0,1.0282187,5.3377423,0.0,0.108442985,3.0888088,0.030864197530864196,0.0,Riesgo desabastecimiento
"LED TV,UN58CU7000K,58,COLOMBIA,UWS31/U58",LED TV,80947.0,69.18547,123.48889,0.0,2.310024,6.309136,0.07435897435897436,0.0,Riesgo desabastecimiento
"LED TV,UN58H5200AK,58,COLOMBIA,U8AA/U58",LED TV,0.0,0.0,0.33333334,0.0,0.0,0.33333334,0.0,0.0,Normal
"LED TV,UN58MU6120K,58,COLOMBIA,UWU70/U58",LED TV,1.0,0.011904762,0.20238096,0.0,0.011904762,0.20238096,0.011904761904761904,0.0,Riesgo desabastecimiento
"LED TV,UN58NU7100K,58,COLOMBIA,UWX80/U58",LED TV,1.0,0.008547009,0.53846157,0.0,0.0042735045,0.5368489,0.0,0.0,Riesgo desabastecimiento
"LED TV,UN58RU7100K,58,COLOMBIA,UWE90/U58",LED TV,15.0,0.083333336,0.49444443,0.0,0.034126982,0.4420187,0.022222222222222223,0.0,Riesgo desabastecimiento
"LED TV,UN58TU6900K,58,COLOMBIA,UWL04/U58",LED TV,-4.0,-0.01754386,0.065789476,0.0,-0.019736841,0.064397104,0.0043859649122807015,0.0,Normal
"LED TV,UN58TU7000K,58,COLOMBIA,UWL00/U58",LED TV,-4.0,-0.019900497,0.39800996,0.0,-0.019071309,0.38699883,0.009950248756218905,0.0,Normal
"LED TV,UN58TU8000K,58,COLOMBIA,UWK00/U58",LED TV,-242.0,-1.5816994,6.6862745,0.0,-0.23212825,6.6862745,0.006535947712418301,0.0,Normal
"LED TV,UN58U8000FK,58,COLOMBIA,UWS51/U58",LED TV,3853.0,61.15873,162.69841,3345.0,0.069724284,29.792759,0.0,235.01788,Normal
"LED TV,UN60AU8000K,60,COLOMBIA,UWK10/U60",LED TV,43.0,0.2311828,2.8010752,0.0,0.027591486,2.1002142,0.026881720430107527,0.0,Riesgo desabastecimiento
"LED TV,UN60BU8000K,60,COLOMBIA,UNS10/U60",LED TV,28633.0,90.898415,146.45396,2.0,1.2243766,7.1641216,0.06349206349206349,0.094566375,Riesgo desabastecimiento
"LED TV,UN60DU7000K,60,COLOMBIA,UWS41/U60",LED TV,40821.0,62.99537,120.419754,0.0,1.9682082,10.556877,0.05092592592592592,0.0,Riesgo desabastecimiento
"LED TV,UN60J6300AK,60,COLOMBIA,UWK50/U6",LED TV,4.0,0.07017544,1.9122807,0.0,0.01754386,1.8788638,0.0,0.0,Riesgo desabastecimiento
"LED TV,UN60JU6500K,60,COLOMBIA,UWJ51/U6",LED TV,0.0,0.0,0.0,0.0,0.0,0.0,0.0,0.0,Normal
"LED TV,UN65AU7000K,65,COLOMBIA,UWS11/U65",LED TV,376.0,0.40042597,2.4930778,0.0,0.08840298,1.9663783,0.021299254526091587,0.0,Riesgo desabastecimiento
"LED TV,UN65AU8000K,65,COLOMBIA,UWK10/U65",LED TV,228.0,1.1515151,5.1969695,0.0,0.15602365,3.0112839,0.025252525252525252,0.0,Riesgo desabastecimiento
"LED TV,UN65AU8200K,65,COLOMBIA,UWK10/U65",LED TV,26.0,0.27083334,0.5833333,0.0,0.098958336,0.49962068,0.052083333333333336,0.0,Riesgo desabastecimiento
"LED TV,UN65AU9000K,65,COLOMBIA,UWK10/U65",LED TV,173.0,0.81220657,2.6478872,0.0,0.16115868,2.0868804,0.023474178403755867,0.0,Riesgo desabastecimiento
"LED TV,UN65BU8000K,65,COLOMBIA,UNS10/U65",LED TV,17886.0,63.425533,137.51064,0.0,0.74735886,5.9345517,0.06028368794326241,0.0,Riesgo desabastecimiento
"LED TV,UN65BU8200K,65,COLOMBIA,UNS10/U65",LED TV,9620.0,9.7764225,19.545732,0.0,1.1426505,3.8118165,0.06605691056910569,0.0,Riesgo desabastecimiento
"LED TV,UN65CU7000K,65,COLOMBIA,UWS31/U65",LED TV,41171.0,37.292572,59.01902,0.0,1.6789043,4.881052,0.06431159420289854,0.0,Riesgo desabastecimiento
"LED TV,UN65CU8000K,65,COLOMBIA,UWY30/U65",LED TV,7354.0,18.570707,32.191917,0.0,0.74135935,6.955185,0.06060606060606061,0.0,Riesgo desabastecimiento
"LED TV,UN65CU8200K,65,COLOMBIA,UWY30/U65",LED TV,2429.0,9.995885,14.823046,0.0,2.9947476,5.2059855,0.1111111111111111,0.0,Riesgo desabastecimiento
"LED TV,UN65DU7000K,65,COLOMBIA,UWS41/U65",LED TV,49367.0,49.865658,87.354546,61.0,3.3226109,8.25824,0.06666666666666667,5.255601,Alta rotacion
"LED TV,UN65DU8000K,65,COLOMBIA,UWK40/U65",LED TV,12520.0,36.60819,58.453217,0.0,2.1659153,8.48335,0.06140350877192982,0.0,Riesgo desabastecimiento
"LED TV,UN65DU8200K,65,COLOMBIA,UWK40/U65",LED TV,6498.0,83.30769,53.25641,0.0,9.268134,2.2533696,0.08974358974358974,0.0,Riesgo desabastecimiento
"LED TV,UN65KS7500K,65,COLOMBIA,UWQ60/U6",LED TV,0.0,0.0,0.5833333,0.0,0.0,0.5833333,0.0,0.0,Normal
"LED TV,UN65KS9000K,65,COLOMBIA,UWQ60/U6",LED TV,0.0,0.0,0.0,0.0,0.0,0.0,0.0,0.0,Normal
"LED TV,UN65KU6000K,65,COLOMBIA,UWP60/U6",LED TV,0.0,0.0,0.0,0.0,0.0,0.0,0.0,0.0,Normal
"LED TV,UN65MU6100K,65,COLOMBIA,UWU70/U65",LED TV,0.0,0.0,0.0,0.0,0.0,0.0,0.0,0.0,Normal
"LED TV,UN65MU6500K,65,COLOMBIA,UWU70/U6",LED TV,0.0,0.0,0.0,0.0,0.0,0.0,0.0,0.0,Normal
"LED TV,UN65MU7000K,65,COLOMBIA,UWU71/U65",LED TV,0.0,0.0,0.11111111,0.0,0.0,0.11111111,0.0,0.0,Normal
"LED TV,UN65MU7500K,65,COLOMBIA,UWU71/U65",LED TV,0.0,0.0,0.0,0.0,0.0,0.0,0.0,0.0,Normal
"LED TV,UN65NU7100K,65,COLOMBIA,UWX80/U65",LED TV,0.0,0.0,0.8039216,0.0,0.0,0.8039216,0.0,0.0,Normal
"LED TV,UN65NU7500K,65,COLOMBIA,UWX80/U65",LED TV,2.0,0.03508772,1.122807,1.0,0.014619884,1.1128765,0.0,55.06628,Exceso inventario
"LED TV,UN65RU7100K,65,COLOMBIA,UWE90/U65",LED TV,11.0,0.09166667,0.7916667,0.0,0.02280983,0.71678084,0.008333333333333333,0.0,Riesgo desabastecimiento
"LED TV,UN65RU7400K,65,COLOMBIA,UWE90/U65",LED TV,0.0,0.0,0.0,0.0,0.0,0.0,0.0,0.0,Normal
"LED TV,UN65TU7000K,65,COLOMBIA,UWL00/U65",LED TV,36.0,0.08955224,0.93532336,0.0,0.040367965,0.8626327,0.01990049751243781,0.0,Riesgo desabastecimiento
"LED TV,UN65TU8000K,65,COLOMBIA,UWK00/U65",LED TV,0.0,0.0,0.0,0.0,0.0,0.0,0.0,0.0,Normal
"LED TV,UN65TU8300K,65,COLOMBIA,UWK00/U65",LED TV,0.0,0.0,0.0,0.0,0.0,0.0,0.0,0.0,Normal
"LED TV,UN65TU8500K,65,COLOMBIA,UWK00/U65",LED TV,3.0,0.028571429,0.72380954,0.0,0.021428572,0.71841866,0.01904761904761905,0.0,Riesgo desabastecimiento
"LED TV,UN65U8000FK,65,COLOMBIA,UWS51/U65",LED TV,1868.0,4.8645835,38.536457,0.0,0.07898045,10.200985,0.0078125,0.0,Riesgo desabastecimiento
"LED TV,UN65U8200FK,65,COLOMBIA,UWS51/U65",LED TV,350.0,16.666666,40.333332,217.0,0.07333545,2.099934,0.0,55.84193,Normal
"LED TV,UN70AU7000K,70,COLOMBIA,UWS11/U70",LED TV,185.0,0.22755228,1.6273062,0.0,0.0680547,1.3061314,0.02214022140221402,0.0,Riesgo desabastecimiento
"LED TV,UN70BU8000K,70,COLOMBIA,UNS10/U70",LED TV,7359.0,11.516432,18.29734,0.0,0.67383105,2.6916027,0.07198748043818466,0.0,Riesgo desabastecimiento
"LED TV,UN70CU8000K,70,COLOMBIA,UWY30/U70",LED TV,14026.0,24.478186,34.863873,0.0,1.241763,4.237925,0.08027923211169284,0.0,Riesgo desabastecimiento
"LED TV,UN70DU7000K,70,COLOMBIA,UWS41/U70",LED TV,23571.0,33.434044,75.71915,0.0,1.638426,8.6430435,0.062411347517730496,0.0,Riesgo desabastecimiento
"LED TV,UN70RU7100K,70,COLOMBIA,UWE90/U70",LED TV,2.0,0.041666668,0.9166667,0.0,0.006696429,0.8564257,0.0,0.0,Riesgo desabastecimiento
"LED TV,UN70TU6900K,70,COLOMBIA,UWL04/U70",LED TV,0.0,0.0,0.041666668,0.0,0.0,0.041666668,0.0,0.0,Normal
"LED TV,UN70TU7000K,70,COLOMBIA,UWL00/U70",LED TV,-37.0,-0.124579124,1.1683502,0.0,-0.03984212,1.1380655,0.003367003367003367,0.0,Normal
"LED TV,UN70U8000FK,70,COLOMBIA,UWS51/U70",LED TV,115.0,1.8253968,20.317461,333.0,0.020010835,10.304872,0.0,766.379,Normal
"LED TV,UN75AU7000K,75,COLOMBIA,UWS11/U75",LED TV,10.0,0.03508772,0.3754386,0.0,0.02251462,0.36881825,0.014035087719298246,0.0,Riesgo desabastecimiento
"LED TV,UN75AU8000K,75,COLOMBIA,UWK10/U75",LED TV,7.0,0.048611112,1.2638888,0.0,-0.019811662,1.0574809,0.0,0.0,Riesgo desabastecimiento
"LED TV,UN75BU8000K,75,COLOMBIA,UNS10/U75",LED TV,4069.0,6.9200683,11.937075,0.0,0.54231334,2.578994,0.061224489795918366,0.0,Riesgo desabastecimiento
"LED TV,UN75CU7000K,75,COLOMBIA,UWS30/U75",LED TV,7829.0,10.114987,22.855297,0.0,0.6299731,4.263244,0.05167958656330749,0.0,Riesgo desabastecimiento
"LED TV,UN75CU8000K,75,COLOMBIA,UWY30/U75",LED TV,1803.0,6.070707,12.114478,0.0,0.7359435,3.631991,0.08754208754208755,0.0,Riesgo desabastecimiento
"LED TV,UN75DU7000K,75,COLOMBIA,UWS41/U75",LED TV,9553.0,10.794351,41.16836,7.0,0.96796227,8.339248,0.05536723163841808,2.7774317,Alta rotacion
"LED TV,UN75DU8000K,75,COLOMBIA,UWK40/U75",LED TV,3582.0,42.642857,97.916664,0.0,2.621406,9.487887,0.08333333333333333,0.0,Riesgo desabastecimiento
"LED TV,UN75NU7100K,75,COLOMBIA,UWX80/U75",LED TV,0.0,0.0,0.19444445,0.0,0.0,0.19444445,0.0,0.0,Normal
"LED TV,UN75RU7100K,75,COLOMBIA,UWE90/U75",LED TV,0.0,0.0,0.041666668,0.0,0.0,0.041666668,0.0,0.0,Normal
"LED TV,UN75TU7000K,75,COLOMBIA,UWL00/U75",LED TV,6.0,0.041666668,0.8958333,0.0,0.012731481,0.8815639,0.006944444444444444,0.0,Riesgo desabastecimiento
"LED TV,UN75TU8200K,75,COLOMBIA,UWK00/U75",LED TV,1.0,0.041666668,0.25,0.0,0.041666668,0.25,0.041666666666666664,0.0,Riesgo desabastecimiento
"LED TV,UN75U8000FK,75,COLOMBIA,UWS51/U75",LED TV,470.0,1.7407408,26.533333,10.0,0.054578573,8.635955,0.011111111111111112,24.106644,Normal
"LED TV,UN75U8200FK,75,COLOMBIA,UWS51/U75",LED TV,314.0,14.952381,21.333334,2.0,1.3536388,2.778098,0.0,0.57350993,Riesgo desabastecimiento
"LED TV,UN82AU7000K,82,COLOMBIA,UWS11/U82",LED TV,11.0,0.026570048,0.42512077,0.0,0.01647688,0.41432396,0.014492753623188406,0.0,Riesgo desabastecimiento
"LED TV,UN82MU7000K,82,COLOMBIA,UWU71/U82",LED TV,1.0,0.041666668,0.16666667,0.0,0.041666668,0.16666667,0.041666666666666664,0.0,Riesgo desabastecimiento
"LED TV,UN82NU8000K,82,COLOMBIA,UWY80/U82",LED TV,4.0,0.034188036,0.41880342,0.0,0.034188036,0.41880342,0.02564102564102564,0.0,Riesgo desabastecimiento
"LED TV,UN85AU8000K,85,COLOMBIA,UWK10/U85",LED TV,0.0,0.0,0.0,0.0,0.0,0.0,0.0,0.0,Normal
"LED TV,UN85BU8000K,85,COLOMBIA,UNS10/U85",LED TV,1267.0,2.176976,6.061856,0.0,0.37199542,2.8900502,0.058419243986254296,0.0,Riesgo desabastecimiento
"LED TV,UN85CU7000K,85,COLOMBIA,UWS30/U85",LED TV,57.0,0.6785714,1.1547619,0.0,0.2848588,0.7863364,0.07142857142857142,0.0,Riesgo desabastecimiento
"LED TV,UN85CU8000K,85,COLOMBIA,UWZ30/U85",LED TV,2436.0,3.5770924,10.334802,0.0,0.46034425,3.213731,0.06020558002936858,0.0,Riesgo desabastecimiento
"LED TV,UN85DU8000K,85,COLOMBIA,UWR40/U85",LED TV,2940.0,4.279476,14.77147,0.0,0.48018795,5.3553677,0.048034934497816595,0.0,Riesgo desabastecimiento
"LED TV,UN85HU8500K,85,COLOMBIA,U8GA/U85",LED TV,0.0,0.0,0.0,0.0,0.0,0.0,0.0,0.0,Normal
"LED TV,UN85TU8000K,85,COLOMBIA,UWK00/U85",LED TV,1.0,0.008547009,0.33333334,0.0,0.008547009,0.33333334,0.008547008547008548,0.0,Riesgo desabastecimiento
"LED TV,UN85U8000FK,85,COLOMBIA,UWS51/U85",LED TV,134.0,0.42539683,4.730159,0.0,0.020805854,2.4700963,0.0031746031746031746,0.0,Riesgo desabastecimiento
"LED TV,UN85U8200FK,85,COLOMBIA,UWS51/U85",LED TV,144.0,6.857143,8.571428,0.0,2.5745177,2.3660173,0.047619047619047616,0.0,Riesgo desabastecimiento
"LED TV,UN98DU9000K,98,COLOMBIA,UWW40/U98",LED TV,829.0,1.7943723,7.287879,0.0,0.38458902,3.5249171,0.0670995670995671,0.0,Riesgo desabastecimiento
"LFD,BE32T-B,32,PANAMA,FR01/H32TB0-Y35",LFD,2.0,0.16666667,0.5,0.0,0.16666667,0.5,0.08333333333333333,0.0,Riesgo desabastecimiento
"LFD,BE43A-H,43,COLOMBIA,FF10/H43AC0-Y3G",LFD,483.0,3.3541667,9.076389,0.0,0.878168,4.6687317,0.09722222222222222,0.0,Riesgo desabastecimiento
"LFD,BE43T-H,43,COLOMBIA,FN01/H43TB0-Y31",LFD,4.0,0.33333334,0.0,0.0,0.33333334,0.0,0.08333333333333333,0.0,Riesgo desabastecimiento
"LFD,BE50A-H,50,COLOMBIA,FF10/H50AC0-Y3G",LFD,285.0,1.7272727,9.460606,0.0,0.47250524,6.8605914,0.06060606060606061,0.0,Riesgo desabastecimiento
"LFD,BE50T-H,50,COLOMBIA,FN02/H50TB0-Y31",LFD,0.0,0.0,0.0,0.0,0.0,0.0,0.0,0.0,Normal
"LFD,BE55A-H,55,COLOMBIA,FF10/H55AC0-Y3G",LFD,570.0,3.72549,10.862745,0.0,1.0246338,6.8036656,0.0392156862745098,0.0,Riesgo desabastecimiento
"LFD,BE55T-H,55,MEXICO,FN03/H55TB0-Y31",LFD,0.0,0.0,0.0,0.0,0.0,0.0,0.0,0.0,Normal
"LFD,BE65A-H,65,COLOMBIA,FF11/H65AC0-Y3G",LFD,252.0,1.3333334,3.3597884,0.0,0.69605076,2.7316077,0.06878306878306878,0.0,Riesgo desabastecimiento
"LFD,BE75T-H,75,UNITED STATES,FN00/H75TB0",LFD,43.0,1.7916666,1.375,0.0,0.6230159,0.6937204,0.08333333333333333,0.0,Riesgo desabastecimiento
"LFD,DC40E,40,UNITED STATES,FB51/H40ED3-",LFD,1.0,0.083333336,0.0,0.0,0.083333336,0.0,0.08333333333333333,0.0,Riesgo desabastecimiento
"LFD,DM32E,32,UNITED STATES,FF50/H32ED1-",LFD,0.0,0.0,0.0,0.0,0.0,0.0,0.0,0.0,Normal
"LFD,IE025R,0,UNITED STATES,FB90/H0RR0-Y2",LFD,0.0,0.0,0.0,0.0,0.0,0.0,0.0,0.0,Normal
"LFD,KM24A,24,UNITED STATES,FD10/H24AK0-Y",LFD,10.0,0.41666666,5.5,0.0,0.30729166,5.380137,0.08333333333333333,0.0,Riesgo desabastecimiento
"LFD,OH55F,55,UNITED STATES,FD71/H55FZ0-Y",LFD,1.0,0.027777778,0.5277778,0.0,0.027777778,0.5277778,0.027777777777777776,0.0,Riesgo desabastecimiento
"LFD,OM46B,46,UNITED STATES,FP12/H46BC1-Y",LFD,1.0,0.04761905,0.0,0.0,0.04761905,0.0,0.047619047619047616,0.0,Riesgo desabastecimiento
"LFD,OM46N,46,UNITED STATES,FM80/H46JO1-Y",LFD,0.0,0.0,0.0,0.0,0.0,0.0,0.0,0.0,Normal
"LFD,OM55B,55,UNITED STATES,FP10/H55BA0-Y",LFD,12.0,0.16,0.08,0.0,0.16,0.08,0.06666666666666667,0.0,Riesgo desabastecimiento
"LFD,OM75A,75,UNITED STATES,FN10/H75AN0-Y",LFD,1.0,0.083333336,0.0,0.0,0.083333336,0.0,0.08333333333333333,0.0,Riesgo desabastecimiento
"LFD,PM49H,49,UNITED STATES,FJ71/H49HE0-Y",LFD,-1.0,-0.083333336,0.0,0.0,-0.083333336,0.0,0.0,0.0,Normal
"LFD,PM55H,55,UNITED STATES,FJ71/H55HE0-Y",LFD,0.0,0.0,0.0,0.0,0.0,0.0,0.0,0.0,Normal
"LFD,QB13R,13,UNITED STATES,FT92/H13RQ0-Y",LFD,81.0,1.35,3.5666666,0.0,0.9238277,3.0032995,0.1,0.0,Riesgo desabastecimiento
"LFD,QB13R-T,13,UNITED STATES,FT92/H13RQ0",LFD,13.0,0.2888889,0.93333334,0.0,0.25185186,0.8980599,0.044444444444444446,0.0,Riesgo desabastecimiento
"LFD,QB24R-B,23.8,UNITED STATES,FT03/H24T",LFD,76.0,0.57575756,1.0833334,0.0,0.453934,0.960324,0.11363636363636363,0.0,Riesgo desabastecimiento
"LFD,QB24R-T,23.8,UNITED STATES,FC00/H24T",LFD,0.0,0.0,0.0,0.0,0.0,0.0,0.0,0.0,Normal
"LFD,QB24R-TB,23.8,UNITED STATES,FC00/H24",LFD,3.0,0.125,0.083333336,0.0,0.125,0.083333336,0.08333333333333333,0.0,Riesgo desabastecimiento
"LFD,QB43B,43,UNITED STATES,FS10/H43BB0-Y",LFD,78.0,1.3,1.7166667,0.0,0.45632154,1.1185616,0.03333333333333333,0.0,Riesgo desabastecimiento
"LFD,QB43R,43,UNITED STATES,FT90/H43RB0-Y",LFD,0.0,0.0,0.0,0.0,0.0,0.0,0.0,0.0,Normal
"LFD,QB43R-B,43,UNITED STATES,FT90/H43RB0",LFD,13.0,0.15476191,1.1190476,0.0,0.06904762,1.0868242,0.011904761904761904,0.0,Riesgo desabastecimiento
"LFD,QB49N,49,UNITED STATES,FC80/H49JQ0-Y",LFD,0.0,0.0,0.0,0.0,0.0,0.0,0.0,0.0,Normal
"LFD,QB50B,50,UNITED STATES,FS10/H50TB2-Y",LFD,346.0,2.261438,3.235294,0.0,1.3453437,2.3980098,0.09803921568627451,0.0,Riesgo desabastecimiento
"LFD,QB50R,50,UNITED STATES,FT90/H50TB2-Y",LFD,5.0,0.083333336,0.55,0.0,0.058333334,0.5431507,0.03333333333333333,0.0,Riesgo desabastecimiento
"LFD,QB50R-B,50,UNITED STATES,FT90/H50TB2",LFD,7.0,0.11666667,0.81666666,0.0,0.11666667,0.81666666,0.016666666666666666,0.0,Riesgo desabastecimiento
"LFD,QB55B,55,UNITED STATES,FS10/H55RB0-Y",LFD,433.0,3.1376812,5.5289855,0.0,0.8694681,4.16869,0.07246376811594203,0.0,Riesgo desabastecimiento
"LFD,QB55R,55,UNITED STATES,FT90/H55RB0-Y",LFD,0.0,0.0,0.0,0.0,0.0,0.0,0.0,0.0,Normal
"LFD,QB55R-B,55,UNITED STATES,FT90/H55RB0",LFD,1.0,0.020833334,0.1875,0.0,0.020833334,0.1875,0.020833333333333332,0.0,Riesgo desabastecimiento
"LFD,QB65B,65,UNITED STATES,FS10/H65RB0-Y",LFD,76.0,0.8172043,1.7741935,18.0,0.5138316,1.5388695,0.15053763440860216,89.97863,Normal
"LFD,QB65R,65,UNITED STATES,FT90/H65RB0-Y",LFD,1.0,0.083333336,0.083333336,0.0,0.083333336,0.083333336,0.08333333333333333,0.0,Riesgo desabastecimiento
"LFD,QB65R-B,65,UNITED STATES,FT90/H65RB0",LFD,0.0,0.0,0.0,0.0,0.0,0.0,0.0,0.0,Normal
"LFD,QB75B,75,UNITED STATES,FS10/H75RB0-Y",LFD,37.0,0.30833334,0.44166666,0.0,0.21805555,0.4023381,0.09166666666666666,0.0,Riesgo desabastecimiento
"LFD,QB75R,75,UNITED STATES,FT90/H75RB0-Y",LFD,0.0,0.0,0.0,0.0,0.0,0.0,0.0,0.0,Normal
"LFD,QB85R,85,UNITED STATES,FT90/H85TQ0-Y",LFD,0.0,0.0,0.0,0.0,0.0,0.0,0.0,0.0,Normal
"LFD,QB85R-B,85,UNITED STATES,FT90/H85TQ0",LFD,57.0,0.40425533,1.1418439,0.0,0.26880866,1.0553125,0.09929078014184398,0.0,Riesgo desabastecimiento
"LFD,QH55B,55,UNITED STATES,FU10/H55BH0-Y",LFD,0.0,0.0,0.0,0.0,0.0,0.0,0.0,0.0,Normal
"LFD,QH75R,75,UNITED STATES,FE90/H75RH0-Y",LFD,0.0,0.0,0.0,0.0,0.0,0.0,0.0,0.0,Normal
"LFD,QM32R,32,UNITED STATES,FK90/H32RM0-Y",LFD,1.0,0.041666668,0.9166667,0.0,0.041666668,0.9166667,0.041666666666666664,0.0,Riesgo desabastecimiento
"LFD,QM32R-A,32,UNITED STATES,FK14/H32RM0",LFD,11.0,0.30555555,1.4722222,0.0,0.047521785,1.0689964,0.027777777777777776,0.0,Riesgo desabastecimiento
"LFD,QM32R-B,32,UNITED STATES,FK14/H32RM0",LFD,395.0,2.3511906,3.9404762,0.0,0.7828137,2.5287852,0.08928571428571429,0.0,Riesgo desabastecimiento
"LFD,QM32R-T,32,UNITED STATES,FT01/H32TT0",LFD,259.0,2.105691,4.3089433,0.0,0.6733734,3.3537307,0.07317073170731707,0.0,Riesgo desabastecimiento
"LFD,QM43B,43,UNITED STATES,FT10/H43RM0-Y",LFD,105.0,1.25,1.6785715,0.0,0.24174343,0.8517675,0.023809523809523808,0.0,Riesgo desabastecimiento
"LFD,QM43R,43,UNITED STATES,FS90/H43RM0-Y",LFD,0.0,0.0,0.0,0.0,0.0,0.0,0.0,0.0,Normal
"LFD,QM43R-A,43,UNITED STATES,FK11/H43RM0",LFD,29.0,0.8055556,1.9722222,0.0,0.1843254,1.2217399,0.027777777777777776,0.0,Riesgo desabastecimiento
"LFD,QM43R-B,43,UNITED STATES,FK11/H43RM0",LFD,5.0,0.06944445,0.3472222,0.0,0.06944445,0.3472222,0.013888888888888888,0.0,Riesgo desabastecimiento
"LFD,QM43R-T,43,UNITED STATES,FT01/H43TT0",LFD,6.0,0.08695652,0.5072464,0.0,0.08695652,0.5072464,0.028985507246376812,0.0,Riesgo desabastecimiento
"LFD,QM50B,50,UNITED STATES,FT10/H50TM0-Y",LFD,546.0,4.1363635,6.931818,0.0,1.975355,4.478812,0.12121212121212122,0.0,Riesgo desabastecimiento
"LFD,QM50C,50,UNITED STATES,FP20/H50CM0-Y",LFD,828.0,3.68,8.693334,0.0,0.51229566,4.745654,0.044444444444444446,0.0,Riesgo desabastecimiento
"LFD,QM50R-A,50,UNITED STATES,FK11/H50TM0",LFD,0.0,0.0,0.0,0.0,0.0,0.0,0.0,0.0,Normal
"LFD,QM50R-B,50,UNITED STATES,FK11/H50TM0",LFD,9.0,0.15,0.05,0.0,0.083333336,0.030582523,0.03333333333333333,0.0,Riesgo desabastecimiento
"LFD,QM55B,55,UNITED STATES,FT10/H55RM0-Y",LFD,440.0,3.3333333,5.9848485,0.0,1.431688,3.6671069,0.10606060606060606,0.0,Riesgo desabastecimiento
"LFD,QM55R-A,55,UNITED STATES,FK11/H55RM0",LFD,0.0,0.0,0.0,0.0,0.0,0.0,0.0,0.0,Normal
"LFD,QM55R-B,55,UNITED STATES,FK11/H55RM0",LFD,0.0,0.0,0.0,0.0,0.0,0.0,0.0,0.0,Normal
"LFD,QM55R-T,55,UNITED STATES,FT01/H55TT0",LFD,3.0,0.083333336,0.0,0.0,0.083333336,0.0,0.027777777777777776,0.0,Riesgo desabastecimiento
"LFD,QM65B,65,UNITED STATES,FT10/H65BM0-Y",LFD,130.0,1.5476191,5.3809524,0.0,0.7916128,4.576341,0.15476190476190477,0.0,Riesgo desabastecimiento
"LFD,QM65N,65,UNITED STATES,FD80/H65JM0-Y",LFD,0.0,0.0,0.0,0.0,0.0,0.0,0.0,0.0,Normal
"LFD,QM65R,65,UNITED STATES,FS90/H65RM0-Y",LFD,1.0,0.030303031,0.7878788,0.0,0.030303031,0.7878788,0.030303030303030304,0.0,Riesgo desabastecimiento
"LFD,QM65R-B,65,UNITED STATES,FK11/H65RM0",LFD,17.0,0.2361111,2.0972223,0.0,0.095724404,2.0053663,0.013888888888888888,0.0,Riesgo desabastecimiento
"LFD,QM75B,75,UNITED STATES,FT10/H75RM0-Y",LFD,28.0,0.29166666,0.6666667,0.0,0.17135417,0.6028647,0.07291666666666667,0.0,Riesgo desabastecimiento
"LFD,QM75R-A,75,UNITED STATES,FK12/H75RM0",LFD,4.0,0.06666667,0.36666667,0.0,0.013333334,0.33453813,0.0,0.0,Riesgo desabastecimiento
"LFD,QM85N,85,UNITED STATES,FD81/H85JQ0-Y",LFD,0.0,0.0,0.0,0.0,0.0,0.0,0.0,0.0,Normal
"LFD,QM85R-B,85,UNITED STATES,FS90/H85TM0",LFD,34.0,0.7083333,0.7291667,0.0,0.6493055,0.7016509,0.14583333333333334,0.0,Riesgo desabastecimiento
"LFD,QM98T,98,UNITED STATES,FA00/H98TQ1-Y",LFD,1.0,0.083333336,0.0,0.0,0.083333336,0.0,0.08333333333333333,0.0,Riesgo desabastecimiento
"LFD,QM98T-B,98,UNITED STATES,FA00/H98TQ1",LFD,12.0,0.11111111,0.083333336,0.0,0.11111111,0.083333336,0.08333333333333333,0.0,Riesgo desabastecimiento
"LFD,SH37R,37,UNITED STATES,FJ90/H37RS0-Y",LFD,0.0,0.0,0.0,0.0,0.0,0.0,0.0,0.0,Normal
"LFD,SH37R-B,37,UNITED STATES,FJ90/H37RS0",LFD,248.0,4.3508773,12.403509,1.0,1.340101,7.7990932,0.05263157894736842,0.9786346,Riesgo desabastecimiento
"LFD,UH46F5,46,UNITED STATES,FW60/H46FA0-",LFD,0.0,0.0,0.055555556,0.0,0.0,0.055555556,0.0,0.0,Normal
"LFD,VH55R-R,55,UNITED STATES,FG90/H55RV0",LFD,291.0,1.8301886,3.654088,0.0,0.6135432,2.5787468,0.05660377358490566,0.0,Riesgo desabastecimiento
"LFD,VH55T-E,55,UNITED STATES,FW00/H55TN0",LFD,4.0,0.16666667,0.0,0.0,0.16666667,0.0,0.041666666666666664,0.0,Riesgo desabastecimiento
"LFD,VM46B-U,46,UNITED STATES,FW11/H46TU0",LFD,602.0,3.5833333,7.535714,33.0,1.4762067,5.3210855,0.05952380952380952,39.13044,Alta rotacion
"LFD,VM46T-U,46,UNITED STATES,FU00/H46TU0",LFD,0.0,0.0,0.0,0.0,0.0,0.0,0.0,0.0,Normal
"LFD,VM55B-E,55,UNITED STATES,FA20/H55BN0",LFD,36.0,1.0,0.7222222,0.0,0.42469135,0.4635254,0.1111111111111111,0.0,Riesgo desabastecimiento
"LFD,VM55B-U,55,UNITED STATES,FW11/H55TU0",LFD,1071.0,4.4625,9.8625,0.0,1.3015227,5.5811887,0.08333333333333333,0.0,Riesgo desabastecimiento
"LFD,VM55T-E,55,UNITED STATES,FX00/H55TN0",LFD,10.0,0.14492753,0.76811594,0.0,0.08566827,0.71830225,0.028985507246376812,0.0,Riesgo desabastecimiento
"LFD,VM55T-U,55,UNITED STATES,FY01/H55TN0",LFD,3.0,0.041666668,0.5,0.0,0.041666668,0.5,0.013888888888888888,0.0,Riesgo desabastecimiento
"LFD,WM55H,55,UNITED STATES,FU70/H55HP0-Y",LFD,0.0,0.0,1.0,1.0,0.0,1.0,0.0,100.0,Exceso inventario
"LFD,WM85R,85,UNITED STATES,FY00/H85TW0-Y",LFD,1.0,0.041666668,0.375,0.0,0.041666668,0.375,0.041666666666666664,0.0,Riesgo desabastecimiento
MAX-A55T,MAX-A55T,0.0,0.0,0.73333335,1.0,0.0,0.73333335,0.0,100.0,Exceso inventario
MICRO COMPO,MICRO COMPO,0.0,0.0,2.0,2.0,0.0,2.0,0.0,200.0,Exceso inventario
"MICRO COMPONENT,MM-C530D,COLOMBIA",MICRO COMPONENT,0.0,0.0,0.25,0.0,0.0,0.25,0.0,0.0,Normal
"MICRO COMPONENT,MM-D330,COLOMBIA",MICRO COMPONENT,0.0,0.0,0.083333336,0.0,0.0,0.083333336,0.0,0.0,Normal
"MICRO COMPONENT,MM-J430D,MEXICO",MICRO COMPONENT,0.0,0.0,0.75,0.0,0.0,0.75,0.0,0.0,Normal
MINI COMPO,MINI COMPO,0.0,0.0,0.0,0.0,0.0,0.0,0.0,0.0,Normal
MINI COMPO (MUSIC CENTER/CDP),MINI COMPO (MUSIC CENTER/CDP),0.0,0.0,0.8333333,0.0,0.0,0.8333333,0.0,0.0,Normal
"MINI COMPO CD,TAPE,TUNER,AUX,USB",MINI COMPO CD,0.0,0.0,0.0,0.0,0.0,0.0,0.0,0.0,Normal
"MINI COMPONENT,MX-D850,COLOMBIA",MINI COMPONENT,1.0,0.041666668,1.5833334,0.0,0.041666668,1.5833334,0.041666666666666664,0.0,Riesgo desabastecimiento
"MINI COMPONENT,MX-F730,MEXICO",MINI COMPONENT,0.0,0.0,0.0,0.0,0.0,0.0,0.0,0.0,Normal
"MINI COMPONENT,MX-H730,MEXICO",MINI COMPONENT,0.0,0.0,0.5,0.0,0.0,0.5,0.0,0.0,Normal
"MINI COMPONENT,MX-H830,MEXICO",MINI COMPONENT,1.0,0.041666668,0.5833333,0.0,0.041666668,0.5833333,0.041666666666666664,0.0,Riesgo desabastecimiento
"MINI COMPONENT,MX-HS6500,MEXICO",MINI COMPONENT,0.0,0.0,0.969697,0.0,0.0,0.969697,0.0,0.0,Normal
"MINI COMPONENT,MX-HS7000,MEXICO",MINI COMPONENT,0.0,0.0,0.0,0.0,0.0,0.0,0.0,0.0,Normal
"MINI COMPONENT,MX-HS9000,MEXICO",MINI COMPONENT,0.0,0.0,0.0,0.0,0.0,0.0,0.0,0.0,Normal
"MINI COMPONENT,MX-J630,MEXICO",MINI COMPONENT,0.0,0.0,1.0,1.0,0.0,1.0,0.0,100.0,Exceso inventario
"MINI COMPONENT,MX-J730,MEXICO",MINI COMPONENT,5.0,0.04901961,1.2058823,0.0,0.04901961,1.2058823,0.00980392156862745,0.0,Riesgo desabastecimiento
"MINI COMPONENT,MX-JS5000,MEXICO",MINI COMPONENT,5.0,0.04901961,1.2058823,0.0,0.034313727,1.2018534,0.0196078431372549,0.0,Riesgo desabastecimiento
"MINI COMPONENT,MX-JS5500,MEXICO",MINI COMPONENT,1.0,0.01754386,0.64912283,0.0,0.01754386,0.64912283,0.017543859649122806,0.0,Riesgo desabastecimiento
"MINI COMPONENT,MX-JS8000,MEXICO",MINI COMPONENT,0.0,0.0,0.0,0.0,0.0,0.0,0.0,0.0,Normal
"MINI COMPONENT,MX-ST40B,COLOMBIA",MINI COMPONENT,1745.0,6.462963,7.5037036,0.0,0.9684737,2.275956,0.07037037037037037,0.0,Riesgo desabastecimiento
"MINI COMPONENT,MX-ST50B,COLOMBIA",MINI COMPONENT,778.0,2.423676,9.725857,0.0,0.85191876,4.613897,0.056074766355140186,0.0,Riesgo desabastecimiento
"MINI COMPONENT,MX-T40,COLOMBIA",MINI COMPONENT,40653.0,31.587412,58.091686,0.0,1.1607835,7.152824,0.053613053613053616,0.0,Riesgo desabastecimiento
"MINI COMPONENT,MX-T50,COLOMBIA",MINI COMPONENT,31085.0,21.631872,62.631176,55.0,0.91468084,9.958271,0.054279749478079335,10.911252,Normal
"MINI COMPONENT,MX-T70,COLOMBIA",MINI COMPONENT,30984.0,23.579908,50.70624,0.0,1.2421718,5.959962,0.06773211567732115,0.0,Riesgo desabastecimiento
MINI COMPO_DVD,MINI COMPO_DVD,2.0,0.028985508,1.1014493,0.0,0.028985508,1.1014493,0.014492753623188406,0.0,Riesgo desabastecimiento
"MOBILE,GT-I8190L,CERAMIC WHITE,COM",MOBILE,0.0,0.0,0.41666666,0.0,0.0,0.41666666,0.0,0.0,Normal
"MOBILE,GT-I8200L,CERAMIC WHITE,COM",MOBILE,0.0,0.0,0.083333336,0.0,0.0,0.083333336,0.0,0.0,Normal
"MOBILE,GT-I8200L,METALLIC BLUE,COM",MOBILE,0.0,0.0,0.083333336,0.0,0.0,0.083333336,0.0,0.0,Normal
"MOBILE,GT-I8200L,TITAN GRAY,COO",MOBILE,0.0,0.0,0.083333336,0.0,0.0,0.083333336,0.0,0.0,Normal
"MOBILE,GT-I9060L,WHITE,COM",MOBILE,0.0,0.0,0.6666667,0.0,0.0,0.6666667,0.0,0.0,Normal
"MOBILE,GT-S7275B,METALLIC BLACK,COM",MOBILE,0.0,0.0,1.3333334,0.0,0.0,1.3333334,0.0,0.0,Normal
"MOBILE,GT-S7390L,CERAMIC WHITE,COM",MOBILE,0.0,0.0,0.0,0.0,0.0,0.0,0.0,0.0,Normal
"MOBILE,GT-S7390L,MIDNIGHT BLACK,COM",MOBILE,0.0,0.0,0.0,0.0,0.0,0.0,0.0,0.0,Normal
"MOBILE,SM-A013M,BLACK,COM",MOBILE,43.0,3.5833333,19.416666,0.0,0.18943782,11.343189,0.0,0.0,Riesgo desabastecimiento
"MOBILE,SM-A013M,BLUE,COM",MOBILE,32.0,2.6666667,11.083333,0.0,0.32201982,8.0095005,0.0,0.0,Riesgo desabastecimiento
"MOBILE,SM-A013M,RED,COM",MOBILE,0.0,0.0,0.0,0.0,0.0,0.0,0.0,0.0,Normal
"MOBILE,SM-A013M/DS,BLACK,COB",MOBILE,1.0,0.030303031,1.3030303,2.0,0.030303031,1.3030303,0.030303030303030304,117.32121,Exceso inventario
"MOBILE,SM-A013M/DS,BLACK,COL",MOBILE,0.0,0.0,0.0,0.0,0.0,0.0,0.0,0.0,Normal
"MOBILE,SM-A013M/DS,BLACK,COO",MOBILE,5.0,0.029761905,0.38690478,0.0,0.021683672,0.37904313,0.017857142857142856,0.0,Riesgo desabastecimiento
"MOBILE,SM-A013M/DS,BLUE,COB",MOBILE,0.0,0.0,0.0,0.0,0.0,0.0,0.0,0.0,Normal
"MOBILE,SM-A013M/DS,BLUE,COL",MOBILE,0.0,0.0,0.0,0.0,0.0,0.0,0.0,0.0,Normal
"MOBILE,SM-A013M/DS,BLUE,COO",MOBILE,11.0,0.06666667,1.030303,0.0,0.028391052,1.0007311,0.006060606060606061,0.0,Riesgo desabastecimiento
"MOBILE,SM-A013M/DS,RED,COO",MOBILE,1.0,0.016666668,0.18333334,0.0,0.008333334,0.18018869,0.0,0.0,Riesgo desabastecimiento
"MOBILE,SM-A015M,BLACK,COM",MOBILE,21.0,1.75,21.5,0.0,0.063750006,17.388765,0.0,0.0,Riesgo desabastecimiento
"MOBILE,SM-A015M,BLUE,COM",MOBILE,3.0,0.25,1.0,0.0,0.125,0.95782167,0.0,0.0,Riesgo desabastecimiento
"MOBILE,SM-A015M,RED,COM",MOBILE,0.0,0.0,0.0,0.0,0.0,0.0,0.0,0.0,Normal
"MOBILE,SM-A015M/DS,BLACK,COB",MOBILE,28.0,2.3333333,2.3333333,0.0,2.3333333,2.3333333,0.08333333333333333,0.0,Riesgo desabastecimiento
"MOBILE,SM-A015M/DS,BLACK,COL",MOBILE,0.0,0.0,0.0,0.0,0.0,0.0,0.0,0.0,Normal
"MOBILE,SM-A015M/DS,BLACK,COO",MOBILE,6.0,0.045454547,0.72727275,0.0,0.0065656565,0.68737286,0.0,0.0,Riesgo desabastecimiento
"MOBILE,SM-A015M/DS,BLUE,COB",MOBILE,45.0,3.75,3.8333333,0.0,3.6685607,3.1572325,0.16666666666666666,0.0,Riesgo desabastecimiento
"MOBILE,SM-A015M/DS,BLUE,COO",MOBILE,8.0,0.060606062,0.2651515,0.0,0.03661616,0.2564202,0.007575757575757576,0.0,Riesgo desabastecimiento
"MOBILE,SM-A015M/DS,RED,COO",MOBILE,3.0,0.022727273,0.1590909,0.0,0.018939395,0.15766153,0.015151515151515152,0.0,Riesgo desabastecimiento
"MOBILE,SM-A022M,BLACK,COM",MOBILE,10.0,0.8333333,0.9166667,0.0,0.48749998,0.74209744,0.16666666666666666,0.0,Riesgo desabastecimiento
"MOBILE,SM-A022M,BLUE,COM",MOBILE,5.0,0.41666666,1.5,0.0,0.1388889,1.3371673,0.0,0.0,Riesgo desabastecimiento
"MOBILE,SM-A022M/DS,BLACK,LTC",MOBILE,37.0,0.12585033,1.1632653,0.0,0.040880084,1.0574847,0.01020408163265306,0.0,Riesgo desabastecimiento
"MOBILE,SM-A022M/DS,BLUE,LTC",MOBILE,10.0,0.04016064,1.4899598,0.0,0.023560911,1.4828634,0.012048192771084338,0.0,Riesgo desabastecimiento
"MOBILE,SM-A025M,BLACK,COM",MOBILE,-24.0,-2.0,8.75,0.0,1.1204237,6.498753,0.16666666666666666,0.0,Alta rotacion
"MOBILE,SM-A025M,BLUE,COM",MOBILE,7.0,0.5833333,3.1666667,0.0,0.29166666,3.1150444,0.0,0.0,Riesgo desabastecimiento
"MOBILE,SM-A025M/DS,BLACK,LTC",MOBILE,4.0,0.020833334,0.015625,0.0,0.011284723,0.011335418,0.005208333333333333,0.0,Riesgo desabastecimiento
"MOBILE,SM-A025M/DS,BLUE,LTC",MOBILE,10.0,0.052910052,0.8201058,0.0,0.02910053,0.8067634,0.015873015873015872,0.0,Riesgo desabastecimiento
"MOBILE,SM-A025M/DS,RED,LTC",MOBILE,0.0,0.0,0.22222222,0.0,0.0,0.22222222,0.0,0.0,Normal
"MOBILE,SM-A032M,BLACK,COM",MOBILE,0.0,0.0,0.0,0.0,0.0,0.0,0.0,0.0,Normal
"MOBILE,SM-A032M,BLUE,COM",MOBILE,6.0,0.125,0.14583333,0.0,0.114583336,0.14190252,0.08333333333333333,0.0,Riesgo desabastecimiento
"MOBILE,SM-A032M,CERAMIC BLACK,COM",MOBILE,16834.0,467.6111,411.27777,0.0,0.57396203,1.5458817,0.0,0.0,Riesgo desabastecimiento
"MOBILE,SM-A032M,COPPER,COM",MOBILE,19100.0,424.44446,733.86664,0.0,0.5266699,5.859196,0.022222222222222223,0.0,Riesgo desabastecimiento
"MOBILE,SM-A032M/DS,BLACK,LTC",MOBILE,2119.0,4.6165576,15.727669,0.0,0.602735,4.0530744,0.026143790849673203,0.0,Riesgo desabastecimiento
"MOBILE,SM-A032M/DS,BLUE,LTC",MOBILE,94.0,0.21911421,5.5268064,0.0,0.04650681,3.5757356,0.013986013986013986,0.0,Riesgo desabastecimiento
"MOBILE,SM-A032M/DS,CERAMIC BLACK,LTC",MOBILE,30005.0,60.251003,161.38754,0.0,11.259517,17.217987,0.04618473895582329,0.0,Riesgo desabastecimiento
"MOBILE,SM-A032M/DS,COPPER,LTC",MOBILE,12363.0,35.83478,78.4058,0.0,10.507752,13.627687,0.057971014492753624,0.0,Riesgo desabastecimiento
"MOBILE,SM-A032M/DS,LIGHT GREEN ,LTC",MOBILE,24232.0,57.286053,159.79196,0.0,6.9260387,21.359737,0.05673758865248227,0.0,Riesgo desabastecimiento
"MOBILE,SM-A035M,BLACK,COM",MOBILE,10478.0,151.85507,175.0,0.0,0.36823645,1.068266,0.028985507246376812,0.0,Riesgo desabastecimiento
"MOBILE,SM-A035M,BLUE,COM",MOBILE,10703.0,155.11594,202.23189,0.0,0.25838718,1.2421705,0.043478260869565216,0.0,Riesgo desabastecimiento
"MOBILE,SM-A035M/DS,BLACK,LTC",MOBILE,17460.0,24.871796,86.138176,0.0,3.620949,14.423359,0.039886039886039885,0.0,Riesgo desabastecimiento
"MOBILE,SM-A035M/DS,BLUE,LTC",MOBILE,24187.0,34.018284,105.6751,1.0,4.6897707,20.706837,0.035161744022503515,0.12624304,Riesgo desabastecimiento
"MOBILE,SM-A035M/DS,RED,LTC",MOBILE,0.0,0.0,0.0,0.0,0.0,0.0,0.0,0.0,Normal
"MOBILE,SM-A037M,BLACK,COM",MOBILE,245.0,6.8055553,7.0277777,0.0,0.5401129,0.7889023,0.05555555555555555,0.0,Riesgo desabastecimiento
"MOBILE,SM-A037M,BLUE,COM",MOBILE,362.0,8.044444,5.2444444,0.0,0.6921236,1.2130445,0.044444444444444446,0.0,Riesgo desabastecimiento
"MOBILE,SM-A037M/DS,BLACK,LTC",MOBILE,19122.0,28.079294,52.04699,2.0,5.5222983,15.023748,0.039647577092511016,0.3058072,Riesgo desabastecimiento
"MOBILE,SM-A037M/DS,BLUE,LTC",MOBILE,24555.0,35.128754,73.92418,2.0,6.3555303,14.185414,0.03862660944206009,0.24451439,Riesgo desabastecimiento
"MOBILE,SM-A037M/DS,RED,LTC",MOBILE,0.0,0.0,0.0,0.0,0.0,0.0,0.0,0.0,Normal
"MOBILE,SM-A042M,BLACK,COM",MOBILE,37506.0,1136.5454,1346.3636,0.0,1.2298316,86.13909,0.06060606060606061,0.0,Riesgo desabastecimiento
"MOBILE,SM-A042M,LIGHT BLUE,COM",MOBILE,35843.0,1086.1515,1466.9395,0.0,0.9991663,96.411804,0.030303030303030304,0.0,Riesgo desabastecimiento
"MOBILE,SM-A042M/DS,BLACK,LTC",MOBILE,108830.0,135.86766,411.10486,1.0,14.154184,47.830105,0.05493133583021224,0.031638432,Riesgo desabastecimiento
"MOBILE,SM-A042M/DS,LIGHT BLUE,LTC",MOBILE,95487.0,119.6579,355.00375,4.0,9.730554,42.36677,0.047619047619047616,0.1436915,Riesgo desabastecimiento
"MOBILE,SM-A045M,BLACK,COM",MOBILE,28051.0,850.0303,1245.0,0.0,0.6937417,81.97245,0.030303030303030304,0.0,Riesgo desabastecimiento
"MOBILE,SM-A045M,GREEN,COM",MOBILE,18371.0,556.69696,959.36365,0.0,0.79335845,97.14901,0.030303030303030304,0.0,Riesgo desabastecimiento
"MOBILE,SM-A045M/DS,BLACK,LTC",MOBILE,62133.0,75.31273,315.5188,0.0,7.2083945,39.543053,0.05454545454545454,0.0,Riesgo desabastecimiento
"MOBILE,SM-A045M/DS,GREEN,LTC",MOBILE,50307.0,62.805244,266.73782,0.0,8.104714,44.607906,0.046192259675405745,0.0,Riesgo desabastecimiento
"MOBILE,SM-A047M,BLACK,COM",MOBILE,35438.0,1073.8788,1689.5151,0.0,0.87124085,26.911703,0.030303030303030304,0.0,Riesgo desabastecimiento
"MOBILE,SM-A047M,GREEN,COM",MOBILE,27700.0,839.3939,1226.5758,0.0,0.9026957,15.42574,0.030303030303030304,0.0,Riesgo desabastecimiento
"MOBILE,SM-A047M/DS,BLACK,LTC",MOBILE,61051.0,83.40301,224.7254,0.0,6.757926,19.542606,0.06420765027322405,0.0,Riesgo desabastecimiento
"MOBILE,SM-A047M/DS,GREEN,LTC",MOBILE,44456.0,59.51272,156.84337,0.0,6.252924,15.990584,0.06157965194109773,0.0,Riesgo desabastecimiento
"MOBILE,SM-A055M,BLACK,COM",MOBILE,85565.0,792.2685,1804.75,0.0,14.842285,75.20368,0.05555555555555555,0.0,Riesgo desabastecimiento
"MOBILE,SM-A055M,LIGHT GREEN,COM",MOBILE,37536.0,431.44827,874.0115,0.0,2.8026803,22.407297,0.06896551724137931,0.0,Riesgo desabastecimiento
"MOBILE,SM-A055M,SILVER,COM",MOBILE,59557.0,1102.9073,2535.889,5759.0,0.95846635,12.736085,0.037037037037037035,22.452234,Alta rotacion
"MOBILE,SM-A055M/DS,BLACK,LTC",MOBILE,169753.0,244.95383,529.85284,286.0,11.58761,31.980156,0.07215007215007214,5.019657,Alta rotacion
"MOBILE,SM-A055M/DS,LIGHT GREEN,LTC",MOBILE,90372.0,142.76778,367.04108,128.0,10.192214,28.854155,0.08530805687203792,3.8540516,Alta rotacion
"MOBILE,SM-A055M/DS,SILVER,LTC",MOBILE,90003.0,147.78818,339.40558,0.0,11.780936,35.210464,0.08702791461412152,0.0,Riesgo desabastecimiento
"MOBILE,SM-A057M,BLACK,COM",MOBILE,52790.0,703.86664,1595.4266,0.0,28.723425,89.64988,0.05333333333333334,0.0,Riesgo desabastecimiento
"MOBILE,SM-A057M,BLACK,LTC",MOBILE,43099.0,107.21144,307.07712,6.0,9.197377,27.101334,0.10945273631840796,0.24054949,Riesgo desabastecimiento
"MOBILE,SM-A057M,LIGHT VIOLET,COM",MOBILE,23913.0,362.31818,716.3333,0.0,20.754974,86.85549,0.07575757575757576,0.0,Riesgo desabastecimiento
"MOBILE,SM-A057M,LIGHT VIOLET,LTC",MOBILE,16708.0,46.02755,82.89256,2.0,4.562739,18.12506,0.11294765840220386,0.18667024,Riesgo desabastecimiento
"MOBILE,SM-A057M,SILVER,COM",MOBILE,47012.0,489.70834,947.23956,0.0,32.61417,60.9508,0.0625,0.0,Riesgo desabastecimiento
"MOBILE,SM-A057M,SILVER,LTC",MOBILE,27710.0,68.93035,131.56468,3.0,9.336496,30.490677,0.1044776119402985,0.18702877,Riesgo desabastecimiento
"MOBILE,SM-A057M/DS,BLACK,LTC",MOBILE,69381.0,243.44211,388.86667,0.0,73.90515,53.458862,0.0912280701754386,0.0,Riesgo desabastecimiento
"MOBILE,SM-A057M/DS,LIGHT VIOLET,LTC",MOBILE,26444.0,107.49593,134.01627,0.0,35.84992,22.845366,0.11382113821138211,0.0,Riesgo desabastecimiento
"MOBILE,SM-A057M/DS,SILVER,LTC",MOBILE,43326.0,187.55844,259.93506,0.0,49.811115,39.330425,0.12121212121212122,0.0,Riesgo desabastecimiento
"MOBILE,SM-A065M,BLACK,COM",MOBILE,56235.0,480.64102,1009.75214,17.0,58.53496,65.29038,0.05982905982905983,0.15207496,Riesgo desabastecimiento
"MOBILE,SM-A065M,LIGHT BLUE,COM",MOBILE,27742.0,330.2619,615.5119,15.0,9.59114,23.922958,0.07142857142857142,0.19527411,Riesgo desabastecimiento
"MOBILE,SM-A065M,LIGHT GREEN,COM",MOBILE,24927.0,755.36365,1721.8182,0.0,4.6800947,36.643826,0.030303030303030304,0.0,Riesgo desabastecimiento
"MOBILE,SM-A065M/DS,BLACK,LTC",MOBILE,79100.0,156.94444,404.56747,239.0,8.857426,53.078716,0.04563492063492063,6.546384,Alta rotacion
"MOBILE,SM-A065M/DS,LIGHT BLUE,LTC",MOBILE,64209.0,138.98051,316.6602,233.0,10.884085,35.29739,0.05411255411255411,7.206695,Alta rotacion
"MOBILE,SM-A065M/DS,LIGHT GREEN,LTC",MOBILE,46772.0,111.36191,246.86667,89.0,11.627278,30.059856,0.06190476190476191,3.435217,Alta rotacion
"MOBILE,SM-A105M,BLACK,COM",MOBILE,1.0,0.083333336,0.0,0.0,0.083333336,0.0,0.08333333333333333,0.0,Riesgo desabastecimiento
"MOBILE,SM-A105M,BLUE,COM",MOBILE,1.0,0.083333336,0.0,0.0,0.083333336,0.0,0.08333333333333333,0.0,Riesgo desabastecimiento
"MOBILE,SM-A105M,RED,COM",MOBILE,1.0,0.083333336,0.0,0.0,0.083333336,0.0,0.08333333333333333,0.0,Riesgo desabastecimiento
"MOBILE,SM-A105M/DS,BLACK,COB",MOBILE,0.0,0.0,0.0,0.0,0.0,0.0,0.0,0.0,Normal
"MOBILE,SM-A105M/DS,BLACK,COO",MOBILE,0.0,0.0,0.041666668,1.0,0.0,0.041666668,0.0,100.0,Exceso inventario
"MOBILE,SM-A105M/DS,BLUE,COB",MOBILE,0.0,0.0,0.083333336,0.0,0.0,0.083333336,0.0,0.0,Normal
"MOBILE,SM-A105M/DS,BLUE,COO",MOBILE,2.0,0.025641026,0.53846157,0.0,0.025641026,0.53846157,0.01282051282051282,0.0,Riesgo desabastecimiento
"MOBILE,SM-A105M/DS,RED,COO",MOBILE,1.0,0.01754386,0.5964912,0.0,0.01754386,0.5964912,0.017543859649122806,0.0,Riesgo desabastecimiento
"MOBILE,SM-A107M,BLACK,COM",MOBILE,14.0,0.5833333,0.0,0.0,0.5833333,0.0,0.3333333333333333,0.0,Riesgo desabastecimiento
"MOBILE,SM-A107M,BLUE,COM",MOBILE,6.0,0.25,0.0,0.0,0.25,0.0,0.16666666666666666,0.0,Riesgo desabastecimiento
"MOBILE,SM-A107M/DS,ABSOLUTE BLACK,COO",MOBILE,0.0,0.0,0.0,0.0,0.0,0.0,0.0,0.0,Normal
"MOBILE,SM-A107M/DS,BLACK,COB",MOBILE,20.0,1.6666666,2.25,0.0,1.5083333,1.7473545,0.16666666666666666,0.0,Riesgo desabastecimiento
"MOBILE,SM-A107M/DS,BLACK,COO",MOBILE,12.0,0.07692308,0.84615386,0.0,0.04017094,0.82627773,0.00641025641025641,0.0,Riesgo desabastecimiento
"MOBILE,SM-A107M/DS,BLUE,COB",MOBILE,9.0,0.75,2.5833333,0.0,0.5952381,2.239418,0.08333333333333333,0.0,Riesgo desabastecimiento
"MOBILE,SM-A107M/DS,BLUE,COO",MOBILE,13.0,0.090277776,0.5833333,0.0,0.04475309,0.5525143,0.020833333333333332,0.0,Riesgo desabastecimiento
"MOBILE,SM-A107M/DS,DARK BLUE ,COO",MOBILE,0.0,0.0,0.0,0.0,0.0,0.0,0.0,0.0,Normal
"MOBILE,SM-A107M/DS,DARK RED,COO",MOBILE,0.0,0.0,0.0,0.0,0.0,0.0,0.0,0.0,Normal
"MOBILE,SM-A107M/DS,RED,COO",MOBILE,21.0,0.14583333,0.625,0.0,0.07002315,0.57140124,0.013888888888888888,0.0,Riesgo desabastecimiento
"MOBILE,SM-A115M,BLACK,COB",MOBILE,0.0,0.0,0.0,0.0,0.0,0.0,0.0,0.0,Normal
"MOBILE,SM-A115M,BLACK,COL",MOBILE,0.0,0.0,0.0,0.0,0.0,0.0,0.0,0.0,Normal
"MOBILE,SM-A115M,BLACK,COM",MOBILE,12.0,0.36363637,0.0,0.0,0.36363637,0.0,0.24242424242424243,0.0,Riesgo desabastecimiento
"MOBILE,SM-A115M,BLACK,COO",MOBILE,2.0,0.01904762,0.34285715,0.0,0.014285714,0.3410602,0.009523809523809525,0.0,Riesgo desabastecimiento
"MOBILE,SM-A115M,BLUE,COM",MOBILE,13.0,0.3939394,0.0,0.0,0.3939394,0.0,0.21212121212121213,0.0,Riesgo desabastecimiento
"MOBILE,SM-A115M,BLUE,COO",MOBILE,1.0,0.00952381,-0.123809524,0.0,0.00952381,-0.123809524,0.009523809523809525,0.0,Riesgo desabastecimiento
"MOBILE,SM-A115M,WHITE,COB",MOBILE,13.0,1.0833334,0.75,0.0,0.5416667,0.6873796,0.0,0.0,Riesgo desabastecimiento
"MOBILE,SM-A115M,WHITE,COM",MOBILE,5.0,0.41666666,0.0,0.0,0.41666666,0.0,0.16666666666666666,0.0,Riesgo desabastecimiento
"MOBILE,SM-A115M,WHITE,COO",MOBILE,2.0,0.033333335,-0.4,0.0,0.033333335,-0.4,0.016666666666666666,0.0,Riesgo desabastecimiento
"MOBILE,SM-A115M/DS,BLUE,COO",MOBILE,0.0,0.0,0.0,0.0,0.0,0.0,0.0,0.0,Normal
"MOBILE,SM-A115M/DS,WHITE,COO",MOBILE,0.0,0.0,0.0,0.0,0.0,0.0,0.0,0.0,Normal
"MOBILE,SM-A125M,BLACK,COM",MOBILE,11.0,0.9166667,1.75,0.0,0.26250002,1.257984,0.0,0.0,Riesgo desabastecimiento
"MOBILE,SM-A125M,BLUE,COM",MOBILE,11.0,0.45833334,0.625,0.0,0.24583334,0.4666442,0.125,0.0,Riesgo desabastecimiento
"MOBILE,SM-A125M/DS,BLACK,LTC",MOBILE,39.0,0.15116279,1.6201551,0.0,0.104835734,1.590762,0.01937984496124031,0.0,Riesgo desabastecimiento
"MOBILE,SM-A125M/DS,BLUE,LTC",MOBILE,82.0,0.34599155,0.6118143,0.0,0.18699016,0.58868194,0.029535864978902954,0.0,Riesgo desabastecimiento
"MOBILE,SM-A125M/DS,RED,LTC",MOBILE,2.0,0.16666667,0.0,0.0,0.16666667,0.0,0.08333333333333333,0.0,Riesgo desabastecimiento
"MOBILE,SM-A127M,BLACK,COM",MOBILE,35.0,2.9166667,8.75,0.0,0.6348407,5.6396165,0.0,0.0,Riesgo desabastecimiento
"MOBILE,SM-A127M,BLUE,COM",MOBILE,21.0,0.875,1.3333334,0.0,0.43882275,1.0381981,0.08333333333333333,0.0,Riesgo desabastecimiento
"MOBILE,SM-A127M/DS,BLACK,LTC",MOBILE,152.0,0.31083843,4.163599,0.0,0.08496817,3.6714091,0.026584867075664622,0.0,Riesgo desabastecimiento
"MOBILE,SM-A127M/DS,BLUE,LTC",MOBILE,126.0,0.24852072,3.1992111,0.0,0.08315347,2.7973173,0.023668639053254437,0.0,Riesgo desabastecimiento
"MOBILE,SM-A135M,BLACK,COM",MOBILE,44272.0,983.8222,834.8,0.0,1.112892,7.2536635,0.044444444444444446,0.0,Riesgo desabastecimiento
"MOBILE,SM-A135M,LIGHT BLUE,COM",MOBILE,47057.0,712.98486,791.57574,0.0,2.0928338,6.5006,0.12121212121212122,0.0,Riesgo desabastecimiento
"MOBILE,SM-A135M/DS,BLACK,LTC",MOBILE,35997.0,51.497852,64.21459,0.0,9.183666,7.8770766,0.05293276108726753,0.0,Riesgo desabastecimiento
"MOBILE,SM-A135M/DS,LIGHT BLUE,LTC",MOBILE,36226.0,54.88788,62.17121,4.0,7.1089096,14.337971,0.06212121212121212,0.31312078,Riesgo desabastecimiento
"MOBILE,SM-A135M/DS,ORANGE,LTC",MOBILE,100.0,0.6944444,2.2222223,0.0,0.5305807,1.364131,0.013888888888888888,0.0,Riesgo desabastecimiento
"MOBILE,SM-A135M/DS,WHITE,LTC",MOBILE,42.0,0.22222222,0.978836,0.0,0.080870494,0.8760485,0.026455026455026454,0.0,Riesgo desabastecimiento
"MOBILE,SM-A145M,BLACK,COM",MOBILE,87557.0,2653.2424,3764.1516,1.0,0.699973,7.482155,0.0,0.0016206324,Riesgo desabastecimiento
"MOBILE,SM-A145M,SILVER,COM",MOBILE,67299.0,2039.3636,2821.0908,1.0,0.9344001,16.709578,0.0,0.0021084563,Riesgo desabastecimiento
"MOBILE,SM-A145M/DS,BLACK,LTC",MOBILE,163824.0,190.27177,404.39142,1.0,16.160683,27.32309,0.05110336817653891,0.022594148,Riesgo desabastecimiento
"MOBILE,SM-A145M/DS,LIGHT GREEN ,LTC",MOBILE,119080.0,136.87357,293.43564,0.0,18.103676,28.214994,0.05172413793103448,0.0,Riesgo desabastecimiento
"MOBILE,SM-A145M/DS,SILVER,LTC",MOBILE,27470.0,51.73258,85.81733,0.0,9.347438,8.493697,0.07156308851224105,0.0,Riesgo desabastecimiento
"MOBILE,SM-A146M/DS,BLACK,LTC",MOBILE,1173.0,32.583332,0.0,0.0,32.583332,0.0,0.5833333333333334,0.0,Riesgo desabastecimiento
"MOBILE,SM-A155M/DSN,BLACK,LTC",MOBILE,180344.0,351.54776,694.24365,3.0,17.761253,16.407366,0.08187134502923976,0.036690384,Riesgo desabastecimiento
"MOBILE,SM-A155M/DSN,LIGHT BLUE,LTC",MOBILE,153121.0,311.22156,577.9736,1.0,28.919493,13.212823,0.08130081300813008,0.013814615,Riesgo desabastecimiento
"MOBILE,SM-A155M/DSN,YELLOW,LTC",MOBILE,47167.0,112.30238,238.97858,0.0,15.268298,24.769014,0.10238095238095238,0.0,Riesgo desabastecimiento
"MOBILE,SM-A155M/N,BLACK,COM",MOBILE,13991.0,259.0926,602.0926,0.0,11.249233,77.11097,0.07407407407407407,0.0,Riesgo desabastecimiento
"MOBILE,SM-A155M/N,LIGHT BLUE,COM",MOBILE,11292.0,209.11111,533.7037,0.0,2.0607884,65.15335,0.037037037037037035,0.0,Riesgo desabastecimiento
"MOBILE,SM-A155M/N,YELLOW,COM",MOBILE,3476.0,105.333336,262.75757,0.0,1.370314,23.701254,0.06060606060606061,0.0,Riesgo desabastecimiento
"MOBILE,SM-A156M/N,BLACK,COM",MOBILE,78168.0,3722.2856,7010.7617,12.0,0.7890058,44.519096,0.0,0.013862291,Riesgo desabastecimiento
"MOBILE,SM-A156M/N,LIGHT BLUE,COM",MOBILE,79530.0,3787.1428,7604.857,12.0,1.2784303,26.38682,0.0,0.0136248935,Riesgo desabastecimiento
"MOBILE,SM-A156M/N,YELLOW,COM",MOBILE,22304.0,1062.0952,1829.381,4.0,0.90758026,47.70679,0.0,0.016193751,Riesgo desabastecimiento
"MOBILE,SM-A165M/DS,BLACK,LTC",MOBILE,67282.0,145.63203,500.51514,180.0,2.9316554,43.6227,0.025974025974025976,5.3131967,Alta rotacion
"MOBILE,SM-A165M/DS,GRAY,LTC",MOBILE,50307.0,108.88961,350.2857,26.0,2.0803912,28.463333,0.02813852813852814,1.0263226,Riesgo desabastecimiento
"MOBILE,SM-A165M/DS,LIGHT GREEN,LTC",MOBILE,38521.0,87.349205,271.8095,74.0,1.9724084,26.163347,0.027210884353741496,3.641057,Alta rotacion
"MOBILE,SM-A166M,BLACK,COM",MOBILE,36549.0,1740.4286,3755.9524,8093.0,0.18919833,144.12805,0.0,19.994524,Normal
"MOBILE,SM-A166M,GRAY,COM",MOBILE,24400.0,580.9524,1759.6904,0.0,0.16004778,45.02088,0.047619047619047616,0.0,Riesgo desabastecimiento
"MOBILE,SM-A166M,LIGHT GREEN,COM",MOBILE,24522.0,583.8571,1768.6904,0.0,0.18440889,35.6724,0.047619047619047616,0.0,Riesgo desabastecimiento
"MOBILE,SM-A166M/DS,BLACK,LTC",MOBILE,7235.0,53.592594,169.64444,281.0,2.2225177,40.892643,0.06666666666666667,22.527952,Alta rotacion
"MOBILE,SM-A166M/DS,GRAY,LTC",MOBILE,9126.0,67.6,205.24445,188.0,2.303707,40.347622,0.07407407407407407,11.950978,Alta rotacion
"MOBILE,SM-A166M/DS,LIGHT GREEN,LTC",MOBILE,1544.0,13.5438595,24.122807,60.0,3.2675817,8.336254,0.07017543859649122,18.988935,Alta rotacion
"MOBILE,SM-A205G,BLACK,COM",MOBILE,3.0,0.125,0.0,0.0,0.125,0.0,0.125,0.0,Riesgo desabastecimiento
"MOBILE,SM-A205G,BLUE,COM",MOBILE,0.0,0.0,0.0,0.0,0.0,0.0,0.0,0.0,Normal
"MOBILE,SM-A205G,RED,COM",MOBILE,3.0,0.09090909,0.0,0.0,0.09090909,0.0,0.09090909090909091,0.0,Riesgo desabastecimiento
"MOBILE,SM-A205G/DS,BLACK,COB",MOBILE,0.0,0.0,0.0,0.0,0.0,0.0,0.0,0.0,Normal
"MOBILE,SM-A205G/DS,BLACK,COO",MOBILE,1.0,0.020833334,0.25,0.0,0.020833334,0.25,0.020833333333333332,0.0,Riesgo desabastecimiento
"MOBILE,SM-A205G/DS,BLUE,COB",MOBILE,0.0,0.0,0.0,0.0,0.0,0.0,0.0,0.0,Normal
"MOBILE,SM-A205G/DS,BLUE,COO",MOBILE,1.0,0.020833334,0.22916667,0.0,0.020833334,0.22523586,0.020833333333333332,0.0,Riesgo desabastecimiento
"MOBILE,SM-A205G/DS,RED,COO",MOBILE,3.0,0.083333336,0.8611111,0.0,0.06944445,0.85587,0.05555555555555555,0.0,Riesgo desabastecimiento
"MOBILE,SM-A207M,BLACK,COM",MOBILE,5.0,0.41666666,0.0,0.0,0.41666666,0.0,0.25,0.0,Riesgo desabastecimiento
"MOBILE,SM-A207M,BLUE,COM",MOBILE,5.0,0.20833333,0.0,0.0,0.20833333,0.0,0.20833333333333334,0.0,Riesgo desabastecimiento
"MOBILE,SM-A207M/DS,BLACK,COB",MOBILE,0.0,0.0,1.0,0.0,0.0,1.0,0.0,0.0,Normal
"MOBILE,SM-A207M/DS,BLACK,COL",MOBILE,0.0,0.0,0.0,0.0,0.0,0.0,0.0,0.0,Normal
"MOBILE,SM-A207M/DS,BLACK,COO",MOBILE,28.0,0.30107528,1.6881721,0.0,0.21958122,1.5622869,0.03225806451612903,0.0,Riesgo desabastecimiento
"MOBILE,SM-A207M/DS,BLUE,COB",MOBILE,0.0,0.0,0.9166667,0.0,0.0,0.9166667,0.0,0.0,Normal
"MOBILE,SM-A207M/DS,BLUE,COO",MOBILE,20.0,0.33333334,1.7166667,0.0,0.08920228,1.4033504,0.016666666666666666,0.0,Riesgo desabastecimiento
"MOBILE,SM-A207M/DS,RED,COO",MOBILE,24.0,0.2580645,1.6881721,0.0,0.21695013,1.5466835,0.010752688172043012,0.0,Riesgo desabastecimiento
"MOBILE,SM-A217M,BLACK,COB",MOBILE,2.0,0.083333336,1.2083334,0.0,0.052083332,1.1847484,0.041666666666666664,0.0,Riesgo desabastecimiento
"MOBILE,SM-A217M,BLACK,COL",MOBILE,4.0,0.33333334,0.6666667,0.0,0.22222222,0.6137566,0.08333333333333333,0.0,Riesgo desabastecimiento
"MOBILE,SM-A217M,BLACK,COM",MOBILE,57.0,4.75,20.5,0.0,0.35262254,10.058488,0.0,0.0,Riesgo desabastecimiento
"MOBILE,SM-A217M,BLACK,COO",MOBILE,9.0,0.027027028,0.8888889,0.0,0.011990562,0.8738795,0.006006006006006006,0.0,Riesgo desabastecimiento
"MOBILE,SM-A217M,BLUE,COB",MOBILE,5.0,0.15151516,1.1515151,0.0,0.07575758,1.1151224,0.030303030303030304,0.0,Riesgo desabastecimiento
"MOBILE,SM-A217M,BLUE,COL",MOBILE,1.0,0.083333336,0.25,0.0,0.083333336,0.25,0.08333333333333333,0.0,Riesgo desabastecimiento
"MOBILE,SM-A217M,BLUE,COM",MOBILE,30.0,1.25,4.5,0.0,0.2215388,3.1032689,0.041666666666666664,0.0,Riesgo desabastecimiento
"MOBILE,SM-A217M,BLUE,COO",MOBILE,11.0,0.034267914,0.9813084,0.0,0.02258567,0.9752159,0.018691588785046728,0.0,Riesgo desabastecimiento
"MOBILE,SM-A217M,RED,COM",MOBILE,8.0,0.6666667,1.0,0.0,0.47916666,0.8734651,0.25,0.0,Riesgo desabastecimiento
"MOBILE,SM-A217M,SILVER,COO",MOBILE,22.0,0.06918239,1.144654,0.0,0.03339912,1.1056951,0.015723270440251572,0.0,Riesgo desabastecimiento
"MOBILE,SM-A217M,WHITE,COB",MOBILE,20.0,1.6666666,4.0,0.0,0.55,3.2860553,0.08333333333333333,0.0,Riesgo desabastecimiento
"MOBILE,SM-A217M,WHITE,COL",MOBILE,1.0,0.083333336,0.6666667,0.0,0.041666668,0.6509434,0.0,0.0,Riesgo desabastecimiento
"MOBILE,SM-A217M,WHITE,COM",MOBILE,9.0,0.75,4.3333335,0.0,0.12152778,3.6965215,0.0,0.0,Riesgo desabastecimiento
"MOBILE,SM-A217M,WHITE,COO",MOBILE,2.0,0.013888889,0.0,0.0,0.013888889,0.0,0.013888888888888888,0.0,Riesgo desabastecimiento
"MOBILE,SM-A217M/DS,BLACK,COB",MOBILE,5.0,0.20833333,0.20833333,0.0,0.20833333,0.20833333,0.041666666666666664,0.0,Riesgo desabastecimiento
"MOBILE,SM-A217M/DS,BLACK,COL",MOBILE,0.0,0.0,0.0,0.0,0.0,0.0,0.0,0.0,Normal
"MOBILE,SM-A217M/DS,BLACK,COO",MOBILE,2.0,0.013071896,0.53594774,0.0,0.008169935,0.5322481,0.013071895424836602,0.0,Riesgo desabastecimiento
"MOBILE,SM-A217M/DS,BLUE,COB",MOBILE,4.0,0.33333334,1.25,0.0,0.22222222,1.19709,0.08333333333333333,0.0,Riesgo desabastecimiento
"MOBILE,SM-A217M/DS,BLUE,COL",MOBILE,0.0,0.0,0.0,0.0,0.0,0.0,0.0,0.0,Normal
"MOBILE,SM-A217M/DS,BLUE,COO",MOBILE,9.0,0.06382979,0.3617021,0.0,0.018321514,0.3345335,0.0,0.0,Riesgo desabastecimiento
"MOBILE,SM-A217M/DS,RED,COO",MOBILE,3.0,0.016666668,0.083333336,0.0,0.013888889,0.08228512,0.011111111111111112,0.0,Riesgo desabastecimiento
"MOBILE,SM-A217M/DS,WHITE,COO",MOBILE,10.0,0.07751938,0.96899223,0.0,0.031007752,0.95386654,0.007751937984496124,0.0,Riesgo desabastecimiento
"MOBILE,SM-A225M,BLACK,COM",MOBILE,16380.0,496.36365,162.81818,2.0,0.5807291,3.4831648,0.0,0.017324505,Riesgo desabastecimiento
"MOBILE,SM-A225M,LIGHT GREEN ,COM",MOBILE,1.0,0.083333336,0.0,0.0,0.083333336,0.0,0.08333333333333333,0.0,Riesgo desabastecimiento
"MOBILE,SM-A225M,WHITE,COM",MOBILE,82.0,3.4166667,4.9166665,0.0,0.6712797,1.7901589,0.16666666666666666,0.0,Riesgo desabastecimiento
"MOBILE,SM-A225M/DS,BLACK,LTC",MOBILE,4597.0,7.0941358,14.33642,5.0,0.48948395,4.5939107,0.029320987654320986,3.012413,Normal
"MOBILE,SM-A225M/DS,LIGHT GREEN ,LTC",MOBILE,17428.0,29.19263,20.9732,0.0,0.35834908,4.4319954,0.035175879396984924,0.0,Riesgo desabastecimiento
"MOBILE,SM-A225M/DS,WHITE,LTC",MOBILE,430.0,1.1025641,6.402564,0.0,0.2193359,3.5596235,0.041025641025641026,0.0,Riesgo desabastecimiento
"MOBILE,SM-A226BR/DSN,GRAY,LTC",MOBILE,50315.0,85.13536,204.86125,2.0,3.2028325,11.305878,0.049069373942470386,0.10096461,Riesgo desabastecimiento
"MOBILE,SM-A226BR/DSN,LIGHT GREEN ,LTC",MOBILE,47254.0,84.684586,152.35304,2.0,10.549309,14.013989,0.06093189964157706,0.10150178,Riesgo desabastecimiento
"MOBILE,SM-A226BR/DSN,LIGHT VIOLET,LTC",MOBILE,5390.0,19.962963,34.5,0.0,7.047184,7.5826526,0.07037037037037037,0.0,Riesgo desabastecimiento
"MOBILE,SM-A226BR/DSN,WHITE,LTC",MOBILE,8.0,0.11111111,0.5555556,0.0,0.042824075,0.5252925,0.013888888888888888,0.0,Riesgo desabastecimiento
"MOBILE,SM-A226BR/N,GRAY,COM",MOBILE,262.0,5.822222,8.355556,0.0,0.17278859,2.6485553,0.0,0.0,Riesgo desabastecimiento
"MOBILE,SM-A226BR/N,LIGHT GREEN ,COM",MOBILE,207.0,8.625,2.7916667,0.0,0.71246696,0.87821627,0.125,0.0,Riesgo desabastecimiento
"MOBILE,SM-A226BR/N,WHITE,COM",MOBILE,27.0,2.25,1.0833334,0.0,0.74652773,0.45124042,0.3333333333333333,0.0,Riesgo desabastecimiento
"MOBILE,SM-A235M,BLACK,COM",MOBILE,37.0,1.7619047,1.4761904,1.0,0.35119048,0.680742,0.14285714285714285,2.3823974,Normal
"MOBILE,SM-A235M,LIGHT BLUE,COM",MOBILE,34.0,1.4166666,1.1666666,0.0,0.32152778,0.6998627,0.125,0.0,Riesgo desabastecimiento
"MOBILE,SM-A235M/DSN,BLACK,LTC",MOBILE,1047.0,1.9175824,4.5146523,1.0,0.2363639,2.0030634,0.02197802197802198,2.193226,Normal
"MOBILE,SM-A235M/DSN,LIGHT BLUE,LTC",MOBILE,1731.0,3.241573,7.7490635,0.0,0.14003702,1.6240095,0.024344569288389514,0.0,Riesgo desabastecimiento
"MOBILE,SM-A235M/DSN,WHITE,LTC",MOBILE,21.0,0.175,1.3833333,0.0,0.03870116,1.1771358,0.016666666666666666,0.0,Riesgo desabastecimiento
"MOBILE,SM-A245M/DSN,BLACK,LTC",MOBILE,96122.0,115.67028,270.68832,1.0,6.2904286,31.220562,0.048134777376654635,0.037160818,Riesgo desabastecimiento
"MOBILE,SM-A245M/DSN,LIGHT GREEN ,LTC",MOBILE,65113.0,89.318245,202.74348,0.0,4.6236334,27.862486,0.06584362139917696,0.0,Riesgo desabastecimiento
"MOBILE,SM-A245M/DSN,SILVER,LTC",MOBILE,37418.0,72.09634,104.90752,0.0,4.7454534,11.996616,0.06936416184971098,0.0,Riesgo desabastecimiento
"MOBILE,SM-A245M/N,BLACK,COM",MOBILE,68907.0,1531.2667,1705.6888,0.0,1.2691791,2.903456,0.06666666666666667,0.0,Riesgo desabastecimiento
"MOBILE,SM-A245M/N,LIGHT GREEN ,COM",MOBILE,42484.0,944.08887,868.95557,0.0,2.4909494,2.3382316,0.08888888888888889,0.0,Riesgo desabastecimiento
"MOBILE,SM-A245M/N,SILVER,COM",MOBILE,37124.0,1124.9697,771.8788,0.0,2.4314997,2.0415998,0.06060606060606061,0.0,Riesgo desabastecimiento
"MOBILE,SM-A256E/DSN,BLACK,LTC",MOBILE,41450.0,93.99093,203.06577,2.0,7.7990227,18.845098,0.09750566893424037,0.09145635,Riesgo desabastecimiento
"MOBILE,SM-A256E/DSN,BLUE,LTC",MOBILE,43898.0,100.22375,184.69406,0.0,7.9741597,21.997158,0.0776255707762557,0.0,Riesgo desabastecimiento
"MOBILE,SM-A256E/DSN,YELLOW,LTC",MOBILE,13860.0,35.0,89.54293,0.0,4.28217,16.277655,0.08838383838383838,0.0,Riesgo desabastecimiento
"MOBILE,SM-A256E/N,BLACK,COM",MOBILE,28813.0,686.0238,1160.0714,0.0,8.516982,52.958595,0.047619047619047616,0.0,Riesgo desabastecimiento
"MOBILE,SM-A256E/N,BLUE,COM",MOBILE,28998.0,878.7273,1453.3636,0.0,6.6485014,42.698814,0.030303030303030304,0.0,Riesgo desabastecimiento
"MOBILE,SM-A256E/N,YELLOW,COM",MOBILE,14953.0,453.12122,1103.2122,0.0,4.4473557,40.275585,0.030303030303030304,0.0,Riesgo desabastecimiento
"MOBILE,SM-A266M,BLACK,COM",MOBILE,13318.0,634.1905,1231.5238,4362.0,0.11941997,2.3637211,0.0,29.573652,Normal
"MOBILE,SM-A266M,LIGHT GREEN,COM",MOBILE,8412.0,400.57144,937.5238,3716.0,0.10252627,3.4442952,0.0,39.885735,Normal
"MOBILE,SM-A266M,WHITE,COM",MOBILE,7117.0,338.90475,1394.5714,5703.0,0.05627652,5.379679,0.0,72.35009,Normal
"MOBILE,SM-A266M/DS,BLACK,LTC",MOBILE,25199.0,57.14059,136.85715,6.0,2.4695888,15.094182,0.018140589569160998,0.4511784,Riesgo desabastecimiento
"MOBILE,SM-A266M/DS,LIGHT GREEN,LTC",MOBILE,16355.0,35.400433,89.17316,7.0,1.291116,11.780678,0.01948051948051948,0.84924054,Riesgo desabastecimiento
"MOBILE,SM-A266M/DS,WHITE,LTC",MOBILE,11746.0,27.379953,72.84615,0.0,1.4524875,14.863756,0.02564102564102564,0.0,Riesgo desabastecimiento
"MOBILE,SM-A305G,BLACK,COB",MOBILE,2.0,0.16666667,0.75,0.0,0.16666667,0.75,0.08333333333333333,0.0,Riesgo desabastecimiento
"MOBILE,SM-A305G,BLACK,COM",MOBILE,7.0,0.29166666,0.5416667,0.0,0.16666667,0.48626086,0.08333333333333333,0.0,Riesgo desabastecimiento
"MOBILE,SM-A305G,BLUE,COM",MOBILE,1.0,0.083333336,0.0,0.0,0.083333336,0.0,0.08333333333333333,0.0,Riesgo desabastecimiento
"MOBILE,SM-A305G,WHITE,COM",MOBILE,1.0,0.083333336,0.6666667,0.0,0.041666668,0.6509434,0.0,0.0,Riesgo desabastecimiento
"MOBILE,SM-A305G/DS,BLACK,COB",MOBILE,3.0,0.25,0.5,0.0,0.16666667,0.47354499,0.08333333333333333,0.0,Riesgo desabastecimiento
"MOBILE,SM-A305G/DS,BLACK,COO",MOBILE,5.0,0.104166664,1.2291666,0.0,0.0625,1.2191266,0.020833333333333332,0.0,Riesgo desabastecimiento
"MOBILE,SM-A305G/DS,BLUE,COB",MOBILE,2.0,0.16666667,1.0,0.0,0.16666667,1.0,0.08333333333333333,0.0,Riesgo desabastecimiento
"MOBILE,SM-A305G/DS,BLUE,COL",MOBILE,0.0,0.0,0.0,0.0,0.0,0.0,0.0,0.0,Normal
"MOBILE,SM-A305G/DS,BLUE,COO",MOBILE,3.0,0.05,0.75,0.0,0.0375,0.7405661,0.016666666666666666,0.0,Riesgo desabastecimiento
"MOBILE,SM-A305G/DS,WHITE,COO",MOBILE,12.0,0.33333334,1.5277778,0.0,0.15277778,1.4178884,0.05555555555555555,0.0,Riesgo desabastecimiento
"MOBILE,SM-A307G,BLACK,COM",MOBILE,16.0,0.6666667,0.5416667,0.0,0.625,0.5259434,0.3333333333333333,0.0,Riesgo desabastecimiento
"MOBILE,SM-A307G,VIOLET,COM",MOBILE,4.0,0.16666667,0.5833333,0.0,0.09027778,0.54901665,0.041666666666666664,0.0,Riesgo desabastecimiento
"MOBILE,SM-A307G,WHITE,COM",MOBILE,4.0,0.121212125,0.57575756,1.0,0.13636364,0.57575756,0.09090909090909091,26.185642,Exceso inventario
"MOBILE,SM-A307G/DS,BLACK,COB",MOBILE,0.0,0.0,0.5,0.0,0.0,0.5,0.0,0.0,Normal
"MOBILE,SM-A307G/DS,BLACK,COL",MOBILE,0.0,0.0,0.0,0.0,0.0,0.0,0.0,0.0,Normal
"MOBILE,SM-A307G/DS,BLACK,COO",MOBILE,0.0,0.0,0.26495728,0.0,0.0,0.26495728,0.0,0.0,Normal
"MOBILE,SM-A307G/DS,VIOLET,COO",MOBILE,1.0,0.012345679,0.39506173,0.0,0.012345679,0.39506173,0.012345679012345678,0.0,Riesgo desabastecimiento
"MOBILE,SM-A307G/DS,WHITE,COB",MOBILE,1.0,0.041666668,0.25,0.0,0.020833334,0.24213837,0.0,0.0,Riesgo desabastecimiento
"MOBILE,SM-A307G/DS,WHITE,COO",MOBILE,1.0,0.010416667,-0.020833334,0.0,0.010416667,-0.020833334,0.010416666666666666,0.0,Riesgo desabastecimiento
"MOBILE,SM-A310M,BLACK,COM",MOBILE,0.0,0.0,0.0,0.0,0.0,0.0,0.0,0.0,Normal
"MOBILE,SM-A310M,GOLD,COM",MOBILE,0.0,0.0,0.0,0.0,0.0,0.0,0.0,0.0,Normal
"MOBILE,SM-A315G,BLACK,COM",MOBILE,12.0,1.0,0.5,0.0,1.0,0.5,0.5833333333333334,0.0,Riesgo desabastecimiento
"MOBILE,SM-A315G,BLUE,COM",MOBILE,18.0,0.75,0.041666668,0.0,0.6875,0.02454338,0.2916666666666667,0.0,Riesgo desabastecimiento
"MOBILE,SM-A315G,WHITE,COM",MOBILE,6.0,0.25,1.1666666,0.0,0.10069445,1.0945119,0.0,0.0,Riesgo desabastecimiento
"MOBILE,SM-A315G/DSL,BLACK,COB",MOBILE,0.0,0.0,0.0,0.0,0.0,0.0,0.0,0.0,Normal
"MOBILE,SM-A315G/DSL,BLACK,COL",MOBILE,0.0,0.0,1.9090909,2.0,0.0,1.9090909,0.0,200.0,Exceso inventario
"MOBILE,SM-A315G/DSL,BLACK,COO",MOBILE,0.0,0.0,3.2393162,0.0,0.0,3.2393162,0.0,0.0,Normal
"MOBILE,SM-A315G/DSL,BLUE,COB",MOBILE,0.0,0.0,0.0,0.0,0.0,0.0,0.0,0.0,Normal
"MOBILE,SM-A315G/DSL,BLUE,COL",MOBILE,0.0,0.0,0.9166667,0.0,0.0,0.9166667,0.0,0.0,Normal
"MOBILE,SM-A315G/DSL,BLUE,COO",MOBILE,2.0,0.012820513,0.083333336,0.0,0.008547009,0.0857523,0.019230769230769232,0.0,Riesgo desabastecimiento
"MOBILE,SM-A315G/DSL,WHITE,COO",MOBILE,5.0,0.03267974,0.9607843,0.0,0.022875817,0.9580983,0.013071895424836602,0.0,Riesgo desabastecimiento
"MOBILE,SM-A320Y/DS,BLACK,COO",MOBILE,2.0,0.055555556,1.5833334,0.0,0.02314815,1.5676101,0.0,0.0,Riesgo desabastecimiento
"MOBILE,SM-A320Y/DS,GOLD,COO",MOBILE,1.0,0.041666668,3.375,0.0,0.005952381,3.3278303,0.0,0.0,Riesgo desabastecimiento
"MOBILE,SM-A325M,BLACK,COM",MOBILE,4117.0,124.757576,14.484848,0.0,0.8683501,1.2880076,0.12121212121212122,0.0,Riesgo desabastecimiento
"MOBILE,SM-A325M,BLUE,COM",MOBILE,2297.0,69.606064,15.0,0.0,0.8017292,3.5294366,0.12121212121212122,0.0,Riesgo desabastecimiento
"MOBILE,SM-A325M,LIGHT VIOLET,COM",MOBILE,0.0,0.0,0.0,0.0,0.0,0.0,0.0,0.0,Normal
"MOBILE,SM-A325M/DS,BLACK,LTC",MOBILE,13030.0,19.303703,23.093334,1.0,0.43757373,4.609681,0.03259259259259259,0.22226009,Riesgo desabastecimiento
"MOBILE,SM-A325M/DS,BLUE,LTC",MOBILE,11331.0,17.168182,28.716667,1.0,0.49160978,5.6846156,0.04393939393939394,0.24983756,Riesgo desabastecimiento
"MOBILE,SM-A325M/DS,LIGHT VIOLET,LTC",MOBILE,763.0,1.6623094,3.4052289,0.0,0.16913545,1.6248332,0.032679738562091505,0.0,Riesgo desabastecimiento
"MOBILE,SM-A326B,BLACK,COM",MOBILE,0.0,0.0,0.0,0.0,0.0,0.0,0.0,0.0,Normal
"MOBILE,SM-A336M,BLACK,COM",MOBILE,5849.0,129.97778,85.8,0.0,0.46378857,0.9839198,0.06666666666666667,0.0,Riesgo desabastecimiento
"MOBILE,SM-A336M,LIGHT BLUE,COM",MOBILE,2976.0,82.666664,65.22222,0.0,0.67345035,1.2151424,0.05555555555555555,0.0,Riesgo desabastecimiento
"MOBILE,SM-A336M,ORANGE,COM",MOBILE,350.0,14.583333,11.541667,0.0,0.39108256,1.8172855,0.041666666666666664,0.0,Riesgo desabastecimiento
"MOBILE,SM-A336M/DSN,BLACK,LTC",MOBILE,13437.0,22.73604,33.856174,0.0,3.658957,7.0736165,0.043993231810490696,0.0,Riesgo desabastecimiento
"MOBILE,SM-A336M/DSN,LIGHT BLUE,LTC",MOBILE,13671.0,22.559406,36.732674,1.0,4.7187204,7.739636,0.0429042904290429,0.19024524,Riesgo desabastecimiento
"MOBILE,SM-A336M/DSN,ORANGE,LTC",MOBILE,1353.0,7.644068,13.305085,0.0,0.3273263,1.6960051,0.04519774011299435,0.0,Riesgo desabastecimiento
"MOBILE,SM-A336M/DSN,WHITE,LTC",MOBILE,50.0,0.53763443,2.9892473,0.0,0.07473205,2.1332488,0.010752688172043012,0.0,Riesgo desabastecimiento
"MOBILE,SM-A346M/DSN,BLACK,LTC",MOBILE,46858.0,59.84419,156.56322,0.0,6.48773,23.778027,0.070242656449553,0.0,Riesgo desabastecimiento
"MOBILE,SM-A346M/DSN,LIGHT GREEN ,LTC",MOBILE,39902.0,49.44486,167.65303,0.0,4.7934365,23.50794,0.058240396530359353,0.0,Riesgo desabastecimiento
"MOBILE,SM-A346M/DSN,LIGHT VIOLET,LTC",MOBILE,563.0,4.9385967,1.2280701,0.0,4.407849,0.6781451,0.21052631578947367,0.0,Riesgo desabastecimiento
"MOBILE,SM-A346M/DSN,SILVER,LTC",MOBILE,16255.0,31.68616,63.39766,0.0,4.0807333,8.713112,0.08187134502923976,0.0,Riesgo desabastecimiento
"MOBILE,SM-A346M/N,BLACK,COM",MOBILE,40588.0,1229.9395,1502.8485,1.0,0.7269531,10.4765415,0.030303030303030304,0.003495985,Riesgo desabastecimiento
"MOBILE,SM-A346M/N,LIGHT GREEN ,COM",MOBILE,34056.0,1032.0,1039.697,2.0,1.160441,4.443509,0.06060606060606061,0.008332986,Riesgo desabastecimiento
"MOBILE,SM-A346M/N,SILVER,COM",MOBILE,40169.0,535.5867,462.86667,1.0,0.6178111,4.1062984,0.04,0.008027935,Riesgo desabastecimiento
"MOBILE,SM-A356E,BLACK,COM",MOBILE,60311.0,1435.9762,2468.1428,0.0,0.75042903,23.123926,0.023809523809523808,0.0,Riesgo desabastecimiento
"MOBILE,SM-A356E,LIGHT BLUE,COM",MOBILE,35317.0,840.881,1275.381,0.0,0.49665532,72.57694,0.023809523809523808,0.0,Riesgo desabastecimiento
"MOBILE,SM-A356E,LIGHT VIOLET,COM",MOBILE,14594.0,347.4762,432.38095,0.0,0.39543846,46.26956,0.023809523809523808,0.0,Riesgo desabastecimiento
"MOBILE,SM-A356E,YELLOW,COM",MOBILE,18751.0,892.9048,1939.0952,9.0,0.8028827,115.514114,0.0,0.043339603,Riesgo desabastecimiento
"MOBILE,SM-A356E/DS,BLACK,LTC",MOBILE,112506.0,237.35443,276.14136,4.0,15.462298,17.49022,0.0970464135021097,0.072452344,Riesgo desabastecimiento
"MOBILE,SM-A356E/DS,LIGHT BLUE,LTC",MOBILE,71711.0,151.28903,176.52531,0.0,19.579992,14.90098,0.10759493670886076,0.0,Riesgo desabastecimiento
"MOBILE,SM-A356E/DS,LIGHT VIOLET,LTC",MOBILE,51419.0,146.49287,121.74074,0.0,26.771538,8.653319,0.14245014245014245,0.0,Riesgo desabastecimiento
"MOBILE,SM-A356E/DS,YELLOW,LTC",MOBILE,10887.0,37.412373,50.041237,0.0,5.9889526,9.618128,0.13058419243986255,0.0,Riesgo desabastecimiento
"MOBILE,SM-A366E,BLACK,COM",MOBILE,11090.0,528.0952,1129.8096,4290.0,0.14549775,9.424521,0.0,34.928356,Normal
"MOBILE,SM-A366E,LIGHT GREEN,COM",MOBILE,5713.0,272.0476,734.5238,4396.0,0.11116684,4.2080483,0.0,69.47245,Normal
"MOBILE,SM-A366E,LIGHT VIOLET,COM",MOBILE,1281.0,61.0,70.61905,10.0,0.44618484,1.7339374,0.0,0.7044215,Riesgo desabastecimiento
"MOBILE,SM-A366E,WHITE,COM",MOBILE,8737.0,416.0476,1262.9524,5931.0,0.08952919,19.811302,0.0,61.29266,Normal
"MOBILE,SM-A366E/DS,BLACK,LTC",MOBILE,17860.0,38.65801,59.55411,5.0,2.6178432,3.351335,0.02813852813852814,0.5555411,Riesgo desabastecimiento
"MOBILE,SM-A366E/DS,LIGHT GREEN,LTC",MOBILE,6514.0,22.156462,25.744898,49.0,2.313915,2.7421722,0.034013605442176874,9.491221,Alta rotacion
"MOBILE,SM-A366E/DS,LIGHT VIOLET,LTC",MOBILE,6017.0,20.465986,14.6292515,2.0,3.394988,2.310456,0.05442176870748299,0.4193284,Riesgo desabastecimiento
"MOBILE,SM-A366E/DS,WHITE,LTC",MOBILE,10663.0,28.208994,47.88889,42.0,0.9860648,4.2708755,0.023809523809523808,6.3924694,Alta rotacion
"MOBILE,SM-A505G,BLACK,COM",MOBILE,3.0,0.125,0.0,0.0,0.125,0.0,0.16666666666666666,0.0,Riesgo desabastecimiento
"MOBILE,SM-A505G,BLUE,COM",MOBILE,1.0,0.083333336,0.0,0.0,0.083333336,0.0,0.08333333333333333,0.0,Riesgo desabastecimiento
"MOBILE,SM-A505G,WHITE,COM",MOBILE,1.0,0.041666668,0.0,0.0,0.041666668,0.0,0.041666666666666664,0.0,Riesgo desabastecimiento
"MOBILE,SM-A505G/DS,BLACK,COL",MOBILE,0.0,0.0,0.0,0.0,0.0,0.0,0.0,0.0,Normal
"MOBILE,SM-A505G/DS,BLACK,COO",MOBILE,0.0,0.0,0.22222222,0.0,0.0,0.22222222,0.0,0.0,Normal
"MOBILE,SM-A505G/DS,BLUE,COL",MOBILE,0.0,0.0,0.0,0.0,0.0,0.0,0.0,0.0,Normal
"MOBILE,SM-A505G/DS,BLUE,COO",MOBILE,-1.0,-0.027777778,0.19444445,0.0,-0.027777778,0.19444445,0.0,0.0,Normal
"MOBILE,SM-A510M,BLACK,COM",MOBILE,0.0,0.0,1.6666666,0.0,0.0,1.6666666,0.0,0.0,Normal
"MOBILE,SM-A510M,BLACK,COO",MOBILE,0.0,0.0,0.6666667,0.0,0.0,0.6666667,0.0,0.0,Normal
"MOBILE,SM-A510M,GOLD,COM",MOBILE,0.0,0.0,0.0,0.0,0.0,0.0,0.0,0.0,Normal
"MOBILE,SM-A510M,GOLD,COO",MOBILE,0.0,0.0,0.0,0.0,0.0,0.0,0.0,0.0,Normal
"MOBILE,SM-A515F,BLACK,COM",MOBILE,37.0,1.1212121,1.030303,0.0,0.61601734,0.7973323,0.09090909090909091,0.0,Riesgo desabastecimiento
"MOBILE,SM-A515F,PINK,COM",MOBILE,0.0,0.0,0.0,0.0,0.0,0.0,0.0,0.0,Normal
"MOBILE,SM-A515F,WHITE,COM",MOBILE,7.0,0.5833333,0.16666667,0.0,0.5416667,0.1509434,0.3333333333333333,0.0,Riesgo desabastecimiento
"MOBILE,SM-A515F/DS,BLACK,COB",MOBILE,0.0,0.0,0.0,0.0,0.0,0.0,0.0,0.0,Normal
"MOBILE,SM-A515F/DS,BLACK,COO",MOBILE,4.0,0.030303031,0.18939394,0.0,0.011363637,0.18029577,0.0,0.0,Riesgo desabastecimiento
"MOBILE,SM-A515F/DS,BLUE,COB",MOBILE,0.0,0.0,0.5,0.0,0.0,0.5,0.0,0.0,Normal
"MOBILE,SM-A515F/DS,BLUE,COL",MOBILE,0.0,0.0,0.0,0.0,0.0,0.0,0.0,0.0,Normal
"MOBILE,SM-A515F/DS,BLUE,COO",MOBILE,0.0,0.0,0.23958333,0.0,0.0,0.23958333,0.0,0.0,Normal
"MOBILE,SM-A515F/DS,METALLIC SILVER,COO",MOBILE,0.0,0.0,0.0625,0.0,0.0,0.0625,0.0,0.0,Normal
"MOBILE,SM-A515F/DS,WHITE,COO",MOBILE,2.0,0.023809524,0.3809524,0.0,0.007936508,0.3733938,0.0,0.0,Riesgo desabastecimiento
"MOBILE,SM-A520F,BLACK,COM",MOBILE,0.0,0.0,0.0,0.0,0.0,0.0,0.0,0.0,Normal
"MOBILE,SM-A520F,BLACK,COO",MOBILE,2.0,0.055555556,0.41666666,0.0,0.027777778,0.40784833,0.0,0.0,Riesgo desabastecimiento
"MOBILE,SM-A520F,GOLD,COB",MOBILE,0.0,0.0,0.5,0.0,0.0,0.5,0.0,0.0,Normal
"MOBILE,SM-A520F,GOLD,COO",MOBILE,0.0,0.0,0.0,0.0,0.0,0.0,0.0,0.0,Normal
"MOBILE,SM-A525M,BLACK,COM",MOBILE,10.0,0.3030303,0.90909094,0.0,0.19502164,0.7769351,0.09090909090909091,0.0,Riesgo desabastecimiento
"MOBILE,SM-A525M,BLUE,COM",MOBILE,17.0,0.5151515,0.6060606,0.0,0.34444445,0.47954255,0.12121212121212122,0.0,Riesgo desabastecimiento
"MOBILE,SM-A525M,LIGHT VIOLET,COM",MOBILE,3.0,0.25,0.16666667,0.0,0.20833333,0.1509434,0.25,0.0,Riesgo desabastecimiento
"MOBILE,SM-A525M/DS,BLACK,LTC",MOBILE,521.0,1.4005376,7.4408603,0.0,0.24654624,6.679142,0.024193548387096774,0.0,Riesgo desabastecimiento
"MOBILE,SM-A525M/DS,BLUE,LTC",MOBILE,354.0,1.1238096,4.438095,0.0,0.20236689,2.6566331,0.05396825396825397,0.0,Riesgo desabastecimiento
"MOBILE,SM-A525M/DS,LIGHT VIOLET,LTC",MOBILE,64.0,0.28070176,2.991228,0.0,0.050347228,2.435087,0.017543859649122806,0.0,Riesgo desabastecimiento
"MOBILE,SM-A526B,BLACK,COM",MOBILE,2.0,0.16666667,0.0,0.0,0.16666667,0.0,0.16666666666666666,0.0,Riesgo desabastecimiento
"MOBILE,SM-A526B,BLUE,COM",MOBILE,0.0,0.0,0.0,0.0,0.0,0.0,0.0,0.0,Normal
"MOBILE,SM-A528B,BLACK,COM",MOBILE,4.0,0.16666667,0.375,0.0,0.19444443,0.375,0.08333333333333333,0.0,Riesgo desabastecimiento
"MOBILE,SM-A528B,LIGHT VIOLET,COM",MOBILE,3.0,0.125,0.16666667,0.0,0.083333336,0.15343915,0.08333333333333333,0.0,Riesgo desabastecimiento
"MOBILE,SM-A528B/DS,BLACK,LTC",MOBILE,26.0,0.07046071,0.6314363,0.0,0.035288427,0.6038892,0.024390243902439025,0.0,Riesgo desabastecimiento
"MOBILE,SM-A528B/DS,LIGHT GREEN ,LTC",MOBILE,12.0,0.03508772,0.28070176,0.0,0.022612087,0.27074498,0.014619883040935672,0.0,Riesgo desabastecimiento
"MOBILE,SM-A528B/DS,LIGHT VIOLET,LTC",MOBILE,12.0,0.036036037,0.13213213,0.0,0.027027028,0.12810446,0.018018018018018018,0.0,Riesgo desabastecimiento
"MOBILE,SM-A528B/DS,WHITE,LTC",MOBILE,0.0,0.0,0.0,0.0,0.0,0.0,0.0,0.0,Normal
"MOBILE,SM-A530F,BLACK,COB",MOBILE,0.0,0.0,0.0,0.0,0.0,0.0,0.0,0.0,Normal
"MOBILE,SM-A530F,BLACK,COM",MOBILE,0.0,0.0,0.0,0.0,0.0,0.0,0.0,0.0,Normal
"MOBILE,SM-A530F,GOLD,COB",MOBILE,0.0,0.0,0.0,0.0,0.0,0.0,0.0,0.0,Normal
"MOBILE,SM-A530F,GOLD,COM",MOBILE,0.0,0.0,0.0,0.0,0.0,0.0,0.0,0.0,Normal
"MOBILE,SM-A530F/DS,BLACK,COO",MOBILE,0.0,0.0,0.0,0.0,0.0,0.0,0.0,0.0,Normal
"MOBILE,SM-A530F/DS,GOLD,COO",MOBILE,0.0,0.0,0.0,0.0,0.0,0.0,0.0,0.0,Normal
"MOBILE,SM-A536E,BLACK,COM",MOBILE,11207.0,466.95834,463.08334,0.0,0.74457043,2.9789546,0.041666666666666664,0.0,Riesgo desabastecimiento
"MOBILE,SM-A536E,LIGHT BLUE,COM",MOBILE,8229.0,182.86667,140.35556,0.0,0.60179555,1.5857732,0.0,0.0,Riesgo desabastecimiento
"MOBILE,SM-A536E,ORANGE,COM",MOBILE,2725.0,113.541664,83.625,0.0,0.7808761,1.0437466,0.08333333333333333,0.0,Riesgo desabastecimiento
"MOBILE,SM-A536E/DS,BLACK,LTC",MOBILE,11387.0,20.189716,42.618793,3.0,1.5542464,6.67454,0.05319148936170213,0.6375812,Riesgo desabastecimiento
"MOBILE,SM-A536E/DS,LIGHT BLUE,LTC",MOBILE,8956.0,15.468048,35.867012,0.0,1.0087495,6.843496,0.05181347150259067,0.0,Riesgo desabastecimiento
"MOBILE,SM-A536E/DS,ORANGE,LTC",MOBILE,429.0,1.8333334,4.213675,0.0,0.35181734,1.970969,0.038461538461538464,0.0,Riesgo desabastecimiento
"MOBILE,SM-A536E/DS,WHITE,LTC",MOBILE,0.0,0.0,0.0,0.0,0.0,0.0,0.0,0.0,Normal
"MOBILE,SM-A546E,BLACK,COM",MOBILE,21215.0,642.8788,1103.9395,0.0,0.5839943,6.1094947,0.09090909090909091,0.0,Riesgo desabastecimiento
"MOBILE,SM-A546E,LIGHT GREEN ,COM",MOBILE,16579.0,502.39395,1128.5758,0.0,0.9232659,6.969429,0.030303030303030304,0.0,Riesgo desabastecimiento
"MOBILE,SM-A546E,LIGHT VIOLET,COM",MOBILE,3187.0,96.57576,166.09091,0.0,0.6093587,20.721516,0.06060606060606061,0.0,Riesgo desabastecimiento
"MOBILE,SM-A546E/DS,BLACK,LTC",MOBILE,29874.0,39.05098,88.664055,2.0,3.1404395,9.011741,0.07320261437908497,0.21998271,Riesgo desabastecimiento
"MOBILE,SM-A546E/DS,LIGHT GREEN ,LTC",MOBILE,18452.0,31.063972,84.01852,0.0,2.7679114,11.454709,0.08417508417508418,0.0,Riesgo desabastecimiento
"MOBILE,SM-A546E/DS,LIGHT VIOLET,LTC",MOBILE,2578.0,11.160173,9.935065,0.0,3.36246,3.2058394,0.12987012987012986,0.0,Riesgo desabastecimiento
"MOBILE,SM-A546E/DS,WHITE,LTC",MOBILE,765.0,4.6363635,2.0121212,0.0,3.100847,0.599946,0.17575757575757575,0.0,Riesgo desabastecimiento
"MOBILE,SM-A556E,BLACK,COM",MOBILE,34408.0,1638.4762,2622.6191,13.0,1.0337871,34.533546,0.0,0.03411617,Riesgo desabastecimiento
"MOBILE,SM-A556E,LIGHT BLUE,COM",MOBILE,28456.0,677.5238,1391.4762,0.0,0.33952755,115.33092,0.047619047619047616,0.0,Riesgo desabastecimiento
"MOBILE,SM-A556E,LIGHT VIOLET,COM",MOBILE,12616.0,600.7619,978.0476,516.0,0.6359974,131.04805,0.0,3.693046,Normal
"MOBILE,SM-A556E,YELLOW,COM",MOBILE,11404.0,543.0476,1123.8096,13.0,0.9511688,135.59988,0.0,0.10292942,Riesgo desabastecimiento
"MOBILE,SM-A556E/DS,BLACK,LEC",MOBILE,0.0,0.0,0.0,0.0,0.0,0.0,0.0,0.0,Normal
"MOBILE,SM-A556E/DS,BLACK,LTC",MOBILE,30135.0,65.653595,111.62092,1.0,8.004116,12.484428,0.0915032679738562,0.065452404,Riesgo desabastecimiento
"MOBILE,SM-A556E/DS,LIGHT BLUE,LTC",MOBILE,20254.0,43.556988,77.658066,1.0,9.931738,12.649584,0.11182795698924732,0.09862388,Riesgo desabastecimiento
"MOBILE,SM-A556E/DS,LIGHT VIOLET,LTC",MOBILE,17196.0,47.371902,41.440773,0.0,11.891253,8.786134,0.12672176308539945,0.0,Riesgo desabastecimiento
"MOBILE,SM-A556E/DS,YELLOW,LTC",MOBILE,6673.0,23.17014,45.961807,0.0,4.6522145,7.60581,0.1111111111111111,0.0,Riesgo desabastecimiento
"MOBILE,SM-A566E,BLACK,COM",MOBILE,9231.0,439.57144,1319.1428,4258.0,0.0972662,4.2009997,0.0,41.64877,Normal
"MOBILE,SM-A566E,GRAY,COM",MOBILE,7021.0,334.33334,903.0952,3272.0,0.103430256,3.782502,0.0,42.07714,Normal
"MOBILE,SM-A566E,GREEN,COM",MOBILE,6608.0,314.66666,886.2381,3396.0,0.10207594,4.518045,0.0,46.400864,Normal
"MOBILE,SM-A566E,LIGHT PINK,COM",MOBILE,916.0,43.61905,32.0,22.0,0.30193835,1.9088926,0.0,2.1666412,Normal
"MOBILE,SM-A566E/DS,BLACK,LTC",MOBILE,7197.0,18.596899,56.806202,8.0,3.3871212,4.1357355,0.020671834625323,1.8455036,Riesgo desabastecimiento
"MOBILE,SM-A566E/DS,GRAY,LTC",MOBILE,5760.0,15.737705,38.48907,9.0,3.2199714,3.5506885,0.02459016393442623,2.452362,Alta rotacion
"MOBILE,SM-A566E/DS,GREEN,LTC",MOBILE,3679.0,10.663768,30.562319,9.0,2.0934067,4.0086923,0.020289855072463767,3.6145363,Alta rotacion
"MOBILE,SM-A566E/DS,LIGHT PINK,LTC",MOBILE,3913.0,17.86758,26.269407,14.0,4.4551373,2.2902224,0.0365296803652968,3.3611417,Alta rotacion
"MOBILE,SM-A600GN/DS,GOLD,COO",MOBILE,0.0,0.0,0.41666666,0.0,0.0,0.41666666,0.0,0.0,Normal
"MOBILE,SM-A605GN,BLACK,COM",MOBILE,0.0,0.0,0.0,0.0,0.0,0.0,0.0,0.0,Normal
"MOBILE,SM-A605GN/DS,BLACK,COB",MOBILE,0.0,0.0,0.0,0.0,0.0,0.0,0.0,0.0,Normal
"MOBILE,SM-A605GN/DS,BLACK,COO",MOBILE,0.0,0.0,0.0,0.0,0.0,0.0,0.0,0.0,Normal
"MOBILE,SM-A605GN/DS,GOLD,COB",MOBILE,0.0,0.0,0.0,0.0,0.0,0.0,0.0,0.0,Normal
"MOBILE,SM-A605GN/DS,GOLD,COO",MOBILE,1.0,0.083333336,0.33333334,0.0,0.083333336,0.33333334,0.08333333333333333,0.0,Riesgo desabastecimiento
"MOBILE,SM-A705MN,BLACK,COM",MOBILE,2.0,0.16666667,0.0,0.0,0.16666667,0.0,0.08333333333333333,0.0,Riesgo desabastecimiento
"MOBILE,SM-A705MN,BLUE,COM",MOBILE,5.0,0.41666666,0.0,0.0,0.41666666,0.0,0.25,0.0,Riesgo desabastecimiento
"MOBILE,SM-A705MN/DS,BLACK,COB",MOBILE,0.0,0.0,0.0,0.0,0.0,0.0,0.0,0.0,Normal
"MOBILE,SM-A705MN/DS,BLACK,COO",MOBILE,0.0,0.0,0.0,0.0,0.0,0.0,0.0,0.0,Normal
"MOBILE,SM-A705MN/DS,BLUE,COB",MOBILE,0.0,0.0,0.0,0.0,0.0,0.0,0.0,0.0,Normal
"MOBILE,SM-A705MN/DS,BLUE,COO",MOBILE,0.0,0.0,0.0,0.0,0.0,0.0,0.0,0.0,Normal
"MOBILE,SM-A705MN/DS,WHITE,COO",MOBILE,1.0,0.083333336,0.33333334,0.0,0.083333336,0.33333334,0.08333333333333333,0.0,Riesgo desabastecimiento
"MOBILE,SM-A710M,GOLD,COO",MOBILE,0.0,0.0,0.0,0.0,0.0,0.0,0.0,0.0,Normal
"MOBILE,SM-A710M/DS,PINK GOLD,COO",MOBILE,1.0,0.083333336,0.0,0.0,0.083333336,0.0,0.08333333333333333,0.0,Riesgo desabastecimiento
"MOBILE,SM-A715F,BLACK,COM",MOBILE,10.0,0.41666666,0.041666668,0.0,0.41666666,0.041666668,0.20833333333333334,0.0,Riesgo desabastecimiento
"MOBILE,SM-A715F,SILVER,COM",MOBILE,6.0,0.5,0.0,0.0,0.5,0.0,0.25,0.0,Riesgo desabastecimiento
"MOBILE,SM-A715F/DS,BLACK,COB",MOBILE,0.0,0.0,0.0,0.0,0.0,0.0,0.0,0.0,Normal
"MOBILE,SM-A715F/DS,BLACK,COL",MOBILE,0.0,0.0,0.0,0.0,0.0,0.0,0.0,0.0,Normal
"MOBILE,SM-A715F/DS,BLACK,COO",MOBILE,2.0,0.027777778,0.25,0.0,0.009259259,0.23951782,0.0,0.0,Riesgo desabastecimiento
"MOBILE,SM-A715F/DS,BLUE,COB",MOBILE,0.0,0.0,0.083333336,0.0,0.0,0.083333336,0.0,0.0,Normal
"MOBILE,SM-A715F/DS,BLUE,COL",MOBILE,0.0,0.0,0.0,0.0,0.0,0.0,0.0,0.0,Normal
"MOBILE,SM-A715F/DS,BLUE,COO",MOBILE,5.0,0.05952381,0.023809524,0.0,0.05952381,0.023809524,0.03571428571428571,0.0,Riesgo desabastecimiento
"MOBILE,SM-A715F/DS,METALLIC SILVER,COO",MOBILE,0.0,0.0,-0.6666667,0.0,0.0,-0.6666667,0.0,0.0,Normal
"MOBILE,SM-A715F/DS,SILVER,COO",MOBILE,1.0,0.012345679,1.8271605,0.0,0.0061728396,1.8248311,0.0,0.0,Riesgo desabastecimiento
"MOBILE,SM-A720F,BLACK,COM",MOBILE,0.0,0.0,0.0,0.0,0.0,0.0,0.0,0.0,Normal
"MOBILE,SM-A720F,GOLD,COM",MOBILE,0.0,0.0,0.0,0.0,0.0,0.0,0.0,0.0,Normal
"MOBILE,SM-A720F/DS,BLACK,COO",MOBILE,0.0,0.0,0.0,0.0,0.0,0.0,0.0,0.0,Normal
"MOBILE,SM-A720F/DS,GOLD,COO",MOBILE,0.0,0.0,0.0,0.0,0.0,0.0,0.0,0.0,Normal
"MOBILE,SM-A725M,BLACK,COM",MOBILE,3.0,0.25,0.0,0.0,0.25,0.0,0.16666666666666666,0.0,Riesgo desabastecimiento
"MOBILE,SM-A725M,BLUE,COM",MOBILE,10.0,0.8333333,0.0,0.0,0.8333333,0.0,0.4166666666666667,0.0,Riesgo desabastecimiento
"MOBILE,SM-A725M,LIGHT VIOLET,COM",MOBILE,1.0,0.083333336,0.0,0.0,0.083333336,0.0,0.08333333333333333,0.0,Riesgo desabastecimiento
"MOBILE,SM-A725M/DS,BLACK,LTC",MOBILE,6.0,0.031746034,0.41269842,0.0,0.02116402,0.41014853,0.010582010582010581,0.0,Riesgo desabastecimiento
"MOBILE,SM-A725M/DS,BLUE,LTC",MOBILE,4.0,0.026143791,1.0849674,0.0,0.022875817,1.0822812,0.0196078431372549,0.0,Riesgo desabastecimiento
"MOBILE,SM-A725M/DS,LIGHT VIOLET,LTC",MOBILE,3.0,0.028571429,1.3619047,0.0,0.028571429,1.3619047,0.01904761904761905,0.0,Riesgo desabastecimiento
"MOBILE,SM-A730F/DS,GOLD,COO",MOBILE,0.0,0.0,0.22222222,0.0,0.0,0.22222222,0.0,0.0,Normal
"MOBILE,SM-A750G,BLACK,COM",MOBILE,0.0,0.0,0.0,0.0,0.0,0.0,0.0,0.0,Normal
"MOBILE,SM-A750G,GOLD,COM",MOBILE,0.0,0.0,0.0,0.0,0.0,0.0,0.0,0.0,Normal
"MOBILE,SM-A750G/DS,BLACK,COB",MOBILE,0.0,0.0,0.0,0.0,0.0,0.0,0.0,0.0,Normal
"MOBILE,SM-A750G/DS,BLACK,COO",MOBILE,6.0,0.16666667,1.1666666,0.0,0.16666667,1.1666666,0.027777777777777776,0.0,Riesgo desabastecimiento
"MOBILE,SM-A750G/DS,BLUE,COB",MOBILE,0.0,0.0,0.0,0.0,0.0,0.0,0.0,0.0,Normal
"MOBILE,SM-A750G/DS,BLUE,COO",MOBILE,6.0,0.5,4.25,0.0,0.25,4.2014565,0.0,0.0,Riesgo desabastecimiento
"MOBILE,SM-A750G/DS,GOLD,COO",MOBILE,3.0,0.083333336,0.8333333,0.0,0.041666668,0.8219178,0.0,0.0,Riesgo desabastecimiento
"MOBILE,SM-A805F,BLACK,COM",MOBILE,5.0,0.15151516,0.0,0.0,0.15151516,0.0,0.15151515151515152,0.0,Riesgo desabastecimiento
"MOBILE,SM-A805F,GOLD,COM",MOBILE,5.0,0.41666666,0.0,0.0,0.41666666,0.0,0.25,0.0,Riesgo desabastecimiento
"MOBILE,SM-A805F/DS,BLACK,COB",MOBILE,0.0,0.0,0.0,0.0,0.0,0.0,0.0,0.0,Normal
"MOBILE,SM-A805F/DS,BLACK,COO",MOBILE,0.0,0.0,0.9111111,1.0,0.0,0.9111111,0.0,100.0,Exceso inventario
"MOBILE,SM-A805F/DS,GOLD,COO",MOBILE,1.0,0.083333336,0.25,0.0,0.083333336,0.25,0.08333333333333333,0.0,Riesgo desabastecimiento
"MOBILE,SM-A805F/DS,SILVER,COB",MOBILE,0.0,0.0,0.5,0.0,0.0,0.5,0.0,0.0,Normal
"MOBILE,SM-A920F,BLUE,COM",MOBILE,0.0,0.0,0.0,0.0,0.0,0.0,0.0,0.0,Normal
"MOBILE,SM-A920F/DS,BLACK,COB",MOBILE,5.0,0.41666666,0.0,0.0,0.41666666,0.0,0.08333333333333333,0.0,Riesgo desabastecimiento
"MOBILE,SM-A920F/DS,BLACK,COO",MOBILE,2.0,0.028985508,6.405797,0.0,0.0032608695,6.3620453,0.0,0.0,Riesgo desabastecimiento
"MOBILE,SM-A920F/DS,BLUE,COO",MOBILE,0.0,0.0,2.7246377,0.0,0.0,2.7246377,0.0,0.0,Normal
"MOBILE,SM-E500M,BLACK,COM",MOBILE,0.0,0.0,0.0,0.0,0.0,0.0,0.0,0.0,Normal
"MOBILE,SM-F700F/DS,BLACK,COO",MOBILE,5.0,0.034722224,0.104166664,0.0,0.037037034,0.10154612,0.041666666666666664,0.0,Riesgo desabastecimiento
"MOBILE,SM-F700F/DS,PURPLE,COO",MOBILE,0.0,0.0,0.0,0.0,0.0,0.0,0.0,0.0,Normal
"MOBILE,SM-F711B,BEIGE,COO",MOBILE,37.0,0.12585033,0.8197279,0.0,0.043773618,0.7730363,0.013605442176870748,0.0,Riesgo desabastecimiento
"MOBILE,SM-F711B,BLACK,COO",MOBILE,72.0,0.18461539,1.3769231,0.0,0.09393526,1.3145957,0.03333333333333333,0.0,Riesgo desabastecimiento
"MOBILE,SM-F711B,LIGHT VIOLET,COO",MOBILE,125.0,0.36231884,2.4956522,0.0,0.09984686,1.8486822,0.017391304347826087,0.0,Riesgo desabastecimiento
"MOBILE,SM-F721B,GOLD,LTC",MOBILE,311.0,2.3560605,4.280303,0.0,0.7189522,1.8106862,0.10606060606060606,0.0,Riesgo desabastecimiento
"MOBILE,SM-F721B,GRAY,COM",MOBILE,1157.0,48.208332,94.166664,0.0,1.046453,5.436456,0.16666666666666666,0.0,Riesgo desabastecimiento
"MOBILE,SM-F721B,GRAY,LTC",MOBILE,2232.0,4.0655737,22.25683,1.0,0.43824202,9.734634,0.052823315118397086,1.046592,Riesgo desabastecimiento
"MOBILE,SM-F721B,LIGHT BLUE,COM",MOBILE,679.0,20.575758,37.636364,0.0,0.54254335,2.4533503,0.15151515151515152,0.0,Riesgo desabastecimiento
"MOBILE,SM-F721B,LIGHT BLUE,LTC",MOBILE,915.0,2.6068375,18.951567,0.0,0.46632394,10.112373,0.07122507122507123,0.0,Riesgo desabastecimiento
"MOBILE,SM-F721B,LIGHT VIOLET,COM",MOBILE,450.0,13.636364,21.90909,0.0,0.38803428,1.7968553,0.12121212121212122,0.0,Riesgo desabastecimiento
"MOBILE,SM-F721B,LIGHT VIOLET,LTC",MOBILE,616.0,2.0533333,8.756667,0.0,0.51936257,4.4582996,0.08,0.0,Riesgo desabastecimiento
"MOBILE,SM-F731B,BEIGE,COM",MOBILE,1022.0,30.969696,58.575756,0.0,0.37496686,4.0669694,0.030303030303030304,0.0,Riesgo desabastecimiento
"MOBILE,SM-F731B,BEIGE,LTC",MOBILE,694.0,1.9942529,6.715517,0.0,0.4566588,3.1256692,0.07471264367816093,0.0,Riesgo desabastecimiento
"MOBILE,SM-F731B,GRAY,COM",MOBILE,1310.0,39.696968,64.0,13.0,0.34755847,8.3657875,0.0,1.4066443,Riesgo desabastecimiento
"MOBILE,SM-F731B,GRAY,LTC",MOBILE,2444.0,4.379928,15.100358,0.0,0.706836,5.455429,0.06093189964157706,0.0,Riesgo desabastecimiento
"MOBILE,SM-F731B,LIGHT GREEN,COM",MOBILE,767.0,14.203704,25.277779,0.0,0.31796953,2.6551557,0.018518518518518517,0.0,Riesgo desabastecimiento
"MOBILE,SM-F731B,LIGHT GREEN,LTC",MOBILE,1407.0,3.1904762,10.399093,0.0,0.6484047,4.6711025,0.05668934240362812,0.0,Riesgo desabastecimiento
"MOBILE,SM-F731B,LIGHT PINK,COM",MOBILE,579.0,17.545454,37.696968,0.0,0.32364976,6.9288573,0.0,0.0,Riesgo desabastecimiento
"MOBILE,SM-F731B,LIGHT PINK,LTC",MOBILE,1256.0,2.9483569,7.2206573,3.0,0.51862276,3.1839168,0.04460093896713615,4.3124247,Normal
"MOBILE,SM-F741B,ABSOLUTE BLACK,COO",MOBILE,44.0,2.0952382,0.0,0.0,2.0952382,0.0,0.2857142857142857,0.0,Riesgo desabastecimiento
"MOBILE,SM-F741B,LIGHT BLUE,COM",MOBILE,521.0,24.809525,74.666664,4.0,0.3312947,12.019802,0.0,0.6920826,Riesgo desabastecimiento
"MOBILE,SM-F741B,LIGHT BLUE,COO",MOBILE,841.0,4.9181285,19.16959,0.0,0.932288,7.181911,0.05263157894736842,0.0,Riesgo desabastecimiento
"MOBILE,SM-F741B,LIGHT BLUE,LTC",MOBILE,3.0,0.25,0.75,0.0,0.25,0.75,0.08333333333333333,0.0,Riesgo desabastecimiento
"MOBILE,SM-F741B,LIGHT GREEN,COM",MOBILE,397.0,18.904762,73.61905,3.0,0.28831086,16.747349,0.0,0.68081915,Riesgo desabastecimiento
"MOBILE,SM-F741B,LIGHT GREEN,COO",MOBILE,463.0,2.5722222,8.233334,0.0,0.70568794,4.221207,0.06111111111111111,0.0,Riesgo desabastecimiento
"MOBILE,SM-F741B,LIGHT GREEN,LTC",MOBILE,2.0,0.16666667,0.16666667,0.0,0.16666667,0.16666667,0.08333333333333333,0.0,Riesgo desabastecimiento
"MOBILE,SM-F741B,SILVER,COM",MOBILE,749.0,35.666668,156.09525,5.0,0.35643658,26.357407,0.0,0.60207784,Riesgo desabastecimiento
"MOBILE,SM-F741B,SILVER,COO",MOBILE,358.0,2.4353743,8.435374,1.0,0.4465337,4.7942953,0.061224489795918366,1.7350085,Riesgo desabastecimiento
"MOBILE,SM-F741B,SILVER,LTC",MOBILE,402.0,2.9130435,10.043478,0.0,0.8831245,3.8725383,0.09420289855072464,0.0,Riesgo desabastecimiento
"MOBILE,SM-F741B,YELLOW,COO",MOBILE,301.0,1.5925926,4.989418,0.0,0.47505435,2.766905,0.08465608465608465,0.0,Riesgo desabastecimiento
"MOBILE,SM-F761B,BLACK,COO",MOBILE,1.0,0.055555556,0.0,0.0,0.055555556,0.0,0.05555555555555555,0.0,Riesgo desabastecimiento
"MOBILE,SM-F761B,WHITE,COO",MOBILE,2.0,0.11111111,0.0,0.0,0.11111111,0.0,0.1111111111111111,0.0,Riesgo desabastecimiento
"MOBILE,SM-F766B,BLACK,COO",MOBILE,3.0,0.083333336,0.0,0.0,0.083333336,0.0,0.027777777777777776,0.0,Riesgo desabastecimiento
"MOBILE,SM-F766B,DARK BLUE,COO",MOBILE,4.0,0.11111111,0.0,0.0,0.11111111,0.0,0.027777777777777776,0.0,Riesgo desabastecimiento
"MOBILE,SM-F766B,RED,COO",MOBILE,8.0,0.8888889,0.0,0.0,0.8888889,0.0,0.1111111111111111,0.0,Riesgo desabastecimiento
"MOBILE,SM-F916B,BLACK,COO",MOBILE,0.0,0.0,0.0,0.0,0.0,0.0,0.0,0.0,Normal
"MOBILE,SM-F916B,BLACK,WWD",MOBILE,1.0,0.083333336,0.0,0.0,0.083333336,0.0,0.08333333333333333,0.0,Riesgo desabastecimiento
"MOBILE,SM-F926B/DS,BLACK,COO",MOBILE,20.0,0.08032128,0.5461847,0.0,0.04799197,0.52692586,0.024096385542168676,0.0,Riesgo desabastecimiento
"MOBILE,SM-F936B,GRAY,COM",MOBILE,116.0,9.666667,15.583333,0.0,0.69375753,3.0640433,0.16666666666666666,0.0,Riesgo desabastecimiento
"MOBILE,SM-F936B/DS,BEIGE,LTC",MOBILE,119.0,0.8623188,3.652174,0.0,0.18766636,2.4668326,0.036231884057971016,0.0,Riesgo desabastecimiento
"MOBILE,SM-F936B/DS,BLACK,LTC",MOBILE,784.0,1.8666667,9.088096,0.0,0.3297216,5.5679464,0.05476190476190476,0.0,Riesgo desabastecimiento
"MOBILE,SM-F936B/DS,GRAY,LTC",MOBILE,350.0,1.6666666,7.1285715,0.0,0.38584158,4.582229,0.08571428571428572,0.0,Riesgo desabastecimiento
"MOBILE,SM-F946B,BLACK,COM",MOBILE,104.0,3.1515152,7.212121,0.0,0.29792437,2.8405137,0.030303030303030304,0.0,Riesgo desabastecimiento
"MOBILE,SM-F946B,LIGHT BLUE,COM",MOBILE,0.0,0.0,0.0,0.0,0.0,0.0,0.0,0.0,Normal
"MOBILE,SM-F946B/DS,BEIGE,LTC",MOBILE,364.0,0.94056845,6.5374675,0.0,0.32051495,4.9090676,0.06718346253229975,0.0,Riesgo desabastecimiento
"MOBILE,SM-F946B/DS,BLACK,LTC",MOBILE,818.0,1.7938596,6.5548244,0.0,0.37173575,3.8346822,0.05482456140350877,0.0,Riesgo desabastecimiento
"MOBILE,SM-F946B/DS,LIGHT BLUE,LTC",MOBILE,736.0,2.0968661,7.6324787,0.0,0.45414627,4.2805,0.06267806267806268,0.0,Riesgo desabastecimiento
"MOBILE,SM-F956B,DARK BLUE,COM",MOBILE,20.0,0.95238096,3.2857144,0.0,0.18439154,2.6943638,0.0,0.0,Riesgo desabastecimiento
"MOBILE,SM-F956B,SILVER,COM",MOBILE,28.0,1.3333334,3.9047618,0.0,0.26964286,2.8657475,0.047619047619047616,0.0,Riesgo desabastecimiento
"MOBILE,SM-F956B/DS,DARK BLUE,COO",MOBILE,466.0,2.9308176,7.8867927,0.0,0.63948196,3.376972,0.06918238993710692,0.0,Riesgo desabastecimiento
"MOBILE,SM-F956B/DS,LIGHT PINK,LTC",MOBILE,2.0,0.0952381,0.3809524,0.0,0.0952381,0.3809524,0.047619047619047616,0.0,Riesgo desabastecimiento
"MOBILE,SM-F956B/DS,SILVER,COO",MOBILE,294.0,2.5128205,6.059829,0.0,0.74815786,2.7659242,0.08547008547008547,0.0,Riesgo desabastecimiento
"MOBILE,SM-F956B/DS,SILVER,LTC",MOBILE,211.0,1.327044,4.5597486,0.0,0.49529347,3.2852433,0.06918238993710692,0.0,Riesgo desabastecimiento
"MOBILE,SM-F966B/DS,BLACK,COO",MOBILE,1.0,0.055555556,0.0,0.0,0.055555556,0.0,0.05555555555555555,0.0,Riesgo desabastecimiento
"MOBILE,SM-F966B/DS,DARK BLUE,COO",MOBILE,4.0,0.14814815,0.0,0.0,0.14814815,0.0,0.037037037037037035,0.0,Riesgo desabastecimiento
"MOBILE,SM-F966B/DS,SILVER,COO",MOBILE,1.0,0.022222223,0.0,0.0,0.022222223,0.0,0.022222222222222223,0.0,Riesgo desabastecimiento
"MOBILE,SM-G313ML,BLACK,COO",MOBILE,0.0,0.0,0.6666667,0.0,0.0,0.6666667,0.0,0.0,Normal
"MOBILE,SM-G313ML,CERAMIC WHITE,COO",MOBILE,0.0,0.0,0.6666667,0.0,0.0,0.6666667,0.0,0.0,Normal
"MOBILE,SM-G313MU,CERAMIC WHITE,COO",MOBILE,1.0,0.083333336,0.5833333,0.0,0.083333336,0.5833333,0.08333333333333333,0.0,Riesgo desabastecimiento
"MOBILE,SM-G318ML,CERAMIC WHITE,COO",MOBILE,0.0,0.0,0.41666666,0.0,0.0,0.41666666,0.0,0.0,Normal
"MOBILE,SM-G3502L,WHITE,COO",MOBILE,0.0,0.0,0.6666667,0.0,0.0,0.6666667,0.0,0.0,Normal
"MOBILE,SM-G355M,BLACK,COM",MOBILE,0.0,0.0,0.0,0.0,0.0,0.0,0.0,0.0,Normal
"MOBILE,SM-G360M,CHARCOAL GRAY,COM",MOBILE,0.0,0.0,0.0,0.0,0.0,0.0,0.0,0.0,Normal
"MOBILE,SM-G360M,CHARCOAL GRAY,COO",MOBILE,0.0,0.0,2.0833333,0.0,0.0,2.0833333,0.0,0.0,Normal
"MOBILE,SM-G360M,WHITE,COO",MOBILE,0.0,0.0,4.0,0.0,0.0,4.0,0.0,0.0,Normal
"MOBILE,SM-G525F/DS,BLACK,COO",MOBILE,100.0,4.1666665,2.75,0.0,1.057971,1.8812271,0.041666666666666664,0.0,Riesgo desabastecimiento
"MOBILE,SM-G530M,GRAY,COM",MOBILE,0.0,0.0,0.0,0.0,0.0,0.0,0.0,0.0,Normal
"MOBILE,SM-G530M,WHITE,COM",MOBILE,0.0,0.0,0.0,0.0,0.0,0.0,0.0,0.0,Normal
"MOBILE,SM-G531M,GRAY,COM",MOBILE,0.0,0.0,0.0,0.0,0.0,0.0,0.0,0.0,Normal
"MOBILE,SM-G531M,WHITE,COO",MOBILE,1.0,0.083333336,-0.083333336,0.0,0.041666668,-0.06761006,0.08333333333333333,0.0,Riesgo desabastecimiento
"MOBILE,SM-G532M,BLACK,COB",MOBILE,0.0,0.0,2.5,0.0,0.0,2.5,0.0,0.0,Normal
"MOBILE,SM-G532M,BLACK,COM",MOBILE,0.0,0.0,0.0,0.0,0.0,0.0,0.0,0.0,Normal
"MOBILE,SM-G532M,SILVER,COM",MOBILE,0.0,0.0,0.0,0.0,0.0,0.0,0.0,0.0,Normal
"MOBILE,SM-G532M/DS,BLACK,COO",MOBILE,0.0,0.0,1.3333334,0.0,0.0,1.3333334,0.0,0.0,Normal
"MOBILE,SM-G532M/DS,METALLIC GOLD,COO",MOBILE,0.0,0.0,0.0,0.0,0.0,0.0,0.0,0.0,Normal
"MOBILE,SM-G532M/DS,SILVER,COO",MOBILE,0.0,0.0,0.25,0.0,0.0,0.25,0.0,0.0,Normal
"MOBILE,SM-G556B,BLACK,LEC",MOBILE,473.0,6.306667,16.4,25.0,4.1317873,9.676361,0.10666666666666667,16.930023,Alta rotacion
"MOBILE,SM-G570M,BLACK,COM",MOBILE,0.0,0.0,0.0,0.0,0.0,0.0,0.0,0.0,Normal
"MOBILE,SM-G570M,WHITE GOLD,COM",MOBILE,0.0,0.0,0.0,0.0,0.0,0.0,0.0,0.0,Normal
"MOBILE,SM-G610M,BLACK,COM",MOBILE,0.0,0.0,0.0,0.0,0.0,0.0,0.0,0.0,Normal
"MOBILE,SM-G610M,WHITE GOLD,COM",MOBILE,0.0,0.0,0.0,0.0,0.0,0.0,0.0,0.0,Normal
"MOBILE,SM-G610M/DS,BLACK,COO",MOBILE,21.0,1.75,11.833333,0.0,0.39069262,11.06974,0.0,0.0,Riesgo desabastecimiento
"MOBILE,SM-G610M/DS,WHITE GOLD,COO",MOBILE,13.0,1.0833334,7.9166665,0.0,0.20634921,7.2332554,0.0,0.0,Riesgo desabastecimiento
"MOBILE,SM-G715U1,BLACK,L13",MOBILE,253.0,4.4385967,6.8245616,0.0,0.46220973,2.94275,0.03508771929824561,0.0,Riesgo desabastecimiento
"MOBILE,SM-G770F/DS,BLUE,COL",MOBILE,0.0,0.0,0.0,0.0,0.0,0.0,0.0,0.0,Normal
"MOBILE,SM-G770F/DS,WHITE,COO",MOBILE,0.0,0.0,0.0,0.0,0.0,0.0,0.0,0.0,Normal
"MOBILE,SM-G780F,BLUE,COM",MOBILE,11.0,0.45833334,0.6666667,0.0,0.43194446,0.5801887,0.2916666666666667,0.0,Riesgo desabastecimiento
"MOBILE,SM-G780F/DS,BLUE,LTC",MOBILE,2.0,0.024691358,0.67901236,0.0,0.018518519,0.67668295,0.012345679012345678,0.0,Riesgo desabastecimiento
"MOBILE,SM-G780F/DS,GREEN,LTC",MOBILE,2.0,0.033333335,0.06666667,0.0,0.025,0.06352201,0.016666666666666666,0.0,Riesgo desabastecimiento
"MOBILE,SM-G780F/DS,LIGHT VIOLET,LTC",MOBILE,1.0,0.016666668,0.0,0.0,0.016666668,0.0,0.016666666666666666,0.0,Riesgo desabastecimiento
"MOBILE,SM-G780F/DS,ORANGE,LTC",MOBILE,0.0,0.0,0.0,0.0,0.0,0.0,0.0,0.0,Normal
"MOBILE,SM-G780F/DS,RED,LTC",MOBILE,0.0,0.0,0.0,0.0,0.0,0.0,0.0,0.0,Normal
"MOBILE,SM-G780F/DS,WHITE,LTC",MOBILE,0.0,0.0,0.4722222,0.0,0.0,0.4722222,0.0,0.0,Normal
"MOBILE,SM-G780G,BLUE,COM",MOBILE,5.0,0.20833333,0.041666668,0.0,0.1875,0.03380503,0.16666666666666666,0.0,Riesgo desabastecimiento
"MOBILE,SM-G780G,GREEN,COM",MOBILE,7.0,0.29166666,0.041666668,0.0,0.22916667,0.02454338,0.25,0.0,Riesgo desabastecimiento
"MOBILE,SM-G780G,LIGHT VIOLET,COM",MOBILE,1.0,0.041666668,0.29166666,0.0,0.06944444,0.28380504,0.16666666666666666,0.0,Riesgo desabastecimiento
"MOBILE,SM-G780G/DS,BLUE,LTC",MOBILE,42.0,0.09929078,1.3191489,1.0,0.04775695,1.2878159,0.018912529550827423,30.219809,Exceso inventario
"MOBILE,SM-G780G/DS,GREEN,LTC",MOBILE,40.0,0.11594203,0.6115942,0.0,0.04778468,0.5804996,0.017391304347826087,0.0,Riesgo desabastecimiento
"MOBILE,SM-G780G/DS,LIGHT VIOLET,LTC",MOBILE,72.0,0.25263157,1.8877193,0.0,0.15819028,1.6666452,0.02456140350877193,0.0,Riesgo desabastecimiento
"MOBILE,SM-G781B,BLUE,COM",MOBILE,4455.0,135.0,135.0303,1.0,0.64387226,1.7439173,0.0,0.03184171,Riesgo desabastecimiento
"MOBILE,SM-G781B,GREEN,COM",MOBILE,1079.0,89.916664,162.83333,0.0,2.0099463,4.5403285,0.3333333333333333,0.0,Riesgo desabastecimiento
"MOBILE,SM-G781B,LIGHT VIOLET,COM",MOBILE,1742.0,72.583336,107.166664,0.0,0.67313975,2.270222,0.041666666666666664,0.0,Riesgo desabastecimiento
"MOBILE,SM-G781B/DS,BLUE,LTC",MOBILE,7265.0,18.345959,24.325758,0.0,0.69731355,4.3858614,0.050505050505050504,0.0,Riesgo desabastecimiento
"MOBILE,SM-G781B/DS,GREEN,LTC",MOBILE,4919.0,15.182098,38.092594,0.0,0.68586296,4.292851,0.04938271604938271,0.0,Riesgo desabastecimiento
"MOBILE,SM-G781B/DS,LIGHT VIOLET,LTC",MOBILE,2309.0,10.400901,10.117117,0.0,1.1432481,2.2980995,0.09009009009009009,0.0,Riesgo desabastecimiento
"MOBILE,SM-G800M,WHITE,COO",MOBILE,0.0,0.0,0.083333336,0.0,0.0,0.083333336,0.0,0.0,Normal
"MOBILE,SM-G850M,BLACK,COO",MOBILE,0.0,0.0,0.083333336,0.0,0.0,0.083333336,0.0,0.0,Normal
"MOBILE,SM-G900M,WHITE,COM",MOBILE,0.0,0.0,0.0,0.0,0.0,0.0,0.0,0.0,Normal
"MOBILE,SM-G903M,BLACK,COO",MOBILE,1.0,0.083333336,0.33333334,0.0,0.083333336,0.33333334,0.08333333333333333,0.0,Riesgo desabastecimiento
"MOBILE,SM-G925I,BLACK,COO",MOBILE,1.0,0.083333336,0.33333334,0.0,0.083333336,0.33333334,0.08333333333333333,0.0,Riesgo desabastecimiento
"MOBILE,SM-G930F,BLACK,COO",MOBILE,1.0,0.083333336,0.41666666,0.0,0.083333336,0.41666666,0.08333333333333333,0.0,Riesgo desabastecimiento
"MOBILE,SM-G930F,GOLD,COM",MOBILE,0.0,0.0,0.0,0.0,0.0,0.0,0.0,0.0,Normal
"MOBILE,SM-G930F,GOLD,COO",MOBILE,0.0,0.0,1.25,0.0,0.0,1.25,0.0,0.0,Normal
"MOBILE,SM-G930F,SILVER,COO",MOBILE,0.0,0.0,0.33333334,0.0,0.0,0.33333334,0.0,0.0,Normal
"MOBILE,SM-G935F,BLACK,COO",MOBILE,0.0,0.0,0.0,0.0,0.0,0.0,0.0,0.0,Normal
"MOBILE,SM-G935F,GOLD,COB",MOBILE,0.0,0.0,0.0,0.0,0.0,0.0,0.0,0.0,Normal
"MOBILE,SM-G935F,SILVER,COB",MOBILE,0.0,0.0,0.0,0.0,0.0,0.0,0.0,0.0,Normal
"MOBILE,SM-G950F,BLACK,COB",MOBILE,0.0,0.0,0.0,0.0,0.0,0.0,0.0,0.0,Normal
"MOBILE,SM-G950F,BLACK,COM",MOBILE,3.0,0.125,0.0,0.0,0.125,0.0,0.125,0.0,Riesgo desabastecimiento
"MOBILE,SM-G950F,VIOLET,COB",MOBILE,0.0,0.0,0.0,0.0,0.0,0.0,0.0,0.0,Normal
"MOBILE,SM-G950FD,SILVER,COO",MOBILE,0.0,0.0,1.0,1.0,0.0,1.0,0.0,100.0,Exceso inventario
"MOBILE,SM-G955F,BLACK,COB",MOBILE,0.0,0.0,0.0,0.0,0.0,0.0,0.0,0.0,Normal
"MOBILE,SM-G955FD,BLACK,COO",MOBILE,0.0,0.0,0.0,0.0,0.0,0.0,0.0,0.0,Normal
"MOBILE,SM-G9600,GOLD,COM",MOBILE,0.0,0.0,0.0,0.0,0.0,0.0,0.0,0.0,Normal
"MOBILE,SM-G9600,PURPLE,COM",MOBILE,0.0,0.0,0.0,0.0,0.0,0.0,0.0,0.0,Normal
"MOBILE,SM-G9600/DS,BLACK,COO",MOBILE,0.0,0.0,0.6666667,0.0,0.0,0.6666667,0.0,0.0,Normal
"MOBILE,SM-G9600/DS,GOLD,COO",MOBILE,0.0,0.0,0.0,0.0,0.0,0.0,0.0,0.0,Normal
"MOBILE,SM-G9600/DS,GRAY,COO",MOBILE,0.0,0.0,0.6666667,0.0,0.0,0.6666667,0.0,0.0,Normal
"MOBILE,SM-G9650/DS,BLACK,COO",MOBILE,1.0,0.01754386,0.49122807,0.0,0.01754386,0.49122807,0.017543859649122806,0.0,Riesgo desabastecimiento
"MOBILE,SM-G9650/DS,GRAY,COB",MOBILE,0.0,0.0,0.5,0.0,0.0,0.5,0.0,0.0,Normal
"MOBILE,SM-G9650/DS,GRAY,COO",MOBILE,0.0,0.0,1.030303,1.0,0.0,1.030303,0.0,100.0,Exceso inventario
"MOBILE,SM-G9650/DS,PURPLE,COO",MOBILE,0.0,0.0,0.33333334,0.0,0.0,0.33333334,0.0,0.0,Normal
"MOBILE,SM-G970F,BLUE,COM",MOBILE,0.0,0.0,0.0,0.0,0.0,0.0,0.0,0.0,Normal
"MOBILE,SM-G970F/DS,BLACK,COO",MOBILE,0.0,0.0,0.19444445,0.0,0.0,0.19444445,0.0,0.0,Normal
"MOBILE,SM-G970F/DS,BLUE,COO",MOBILE,0.0,0.0,0.16666667,0.0,0.0,0.16666667,0.0,0.0,Normal
"MOBILE,SM-G970F/DS,WHITE,COO",MOBILE,0.0,0.0,0.8333333,0.0,0.0,0.8333333,0.0,0.0,Normal
"MOBILE,SM-G970F/DS,YELLOW,COB",MOBILE,0.0,0.0,0.0,0.0,0.0,0.0,0.0,0.0,Normal
"MOBILE,SM-G973F,BLACK,COM",MOBILE,0.0,0.0,0.0,0.0,0.0,0.0,0.0,0.0,Normal
"MOBILE,SM-G973F,WHITE,COM",MOBILE,0.0,0.0,0.0,0.0,0.0,0.0,0.0,0.0,Normal
"MOBILE,SM-G973F/DS,BLACK,COO",MOBILE,3.0,0.125,0.33333334,0.0,0.0625,0.31621006,0.0,0.0,Riesgo desabastecimiento
"MOBILE,SM-G973F/DS,BLUE,COB",MOBILE,0.0,0.0,0.0,0.0,0.0,0.0,0.0,0.0,Normal
"MOBILE,SM-G973F/DS,BLUE,COO",MOBILE,0.0,0.0,0.11111111,0.0,0.0,0.11111111,0.0,0.0,Normal
"MOBILE,SM-G973F/DS,WHITE,COO",MOBILE,0.0,0.0,0.0,0.0,0.0,0.0,0.0,0.0,Normal
"MOBILE,SM-G975F,BLACK,COM",MOBILE,0.0,0.0,0.0,0.0,0.0,0.0,0.0,0.0,Normal
"MOBILE,SM-G975F,BLUE,COM",MOBILE,0.0,0.0,0.0,0.0,0.0,0.0,0.0,0.0,Normal
"MOBILE,SM-G975F,RED,COM",MOBILE,0.0,0.0,0.0,0.0,0.0,0.0,0.0,0.0,Normal
"MOBILE,SM-G975F,WHITE,COM",MOBILE,0.0,0.0,0.0,0.0,0.0,0.0,0.0,0.0,Normal
"MOBILE,SM-G975F/DS,BLACK,COB",MOBILE,1.0,0.083333336,0.083333336,0.0,0.083333336,0.083333336,0.08333333333333333,0.0,Riesgo desabastecimiento
"MOBILE,SM-G975F/DS,BLACK,COO",MOBILE,2.0,0.033333335,0.11666667,0.0,0.033333335,0.11666667,0.03333333333333333,0.0,Riesgo desabastecimiento
"MOBILE,SM-G975F/DS,BLUE,COO",MOBILE,1.0,0.041666668,0.083333336,0.0,0.041666668,0.083333336,0.041666666666666664,0.0,Riesgo desabastecimiento
"MOBILE,SM-G975F/DS,CERAMIC WHITE,COO",MOBILE,0.0,0.0,0.0,0.0,0.0,0.0,0.0,0.0,Normal
"MOBILE,SM-G975F/DS,SILVER,COO",MOBILE,0.0,0.0,0.0,0.0,0.0,0.0,0.0,0.0,Normal
"MOBILE,SM-G975F/DS,WHITE,COO",MOBILE,0.0,0.0,0.0,0.0,0.0,0.0,0.0,0.0,Normal
"MOBILE,SM-G980F,GRAY,COM",MOBILE,0.0,0.0,0.0,0.0,0.0,0.0,0.0,0.0,Normal
"MOBILE,SM-G980F,LIGHT BLUE,COM",MOBILE,1.0,0.041666668,0.0,0.0,0.041666668,0.0,0.041666666666666664,0.0,Riesgo desabastecimiento
"MOBILE,SM-G980F,PINK,COM",MOBILE,1.0,0.083333336,0.0,0.0,0.083333336,0.0,0.08333333333333333,0.0,Riesgo desabastecimiento
"MOBILE,SM-G980F/DS,GRAY,COB",MOBILE,1.0,0.083333336,0.0,0.0,0.083333336,0.0,0.08333333333333333,0.0,Riesgo desabastecimiento
"MOBILE,SM-G980F/DS,GRAY,COO",MOBILE,1.0,0.020833334,0.0,0.0,0.020833334,0.0,0.020833333333333332,0.0,Riesgo desabastecimiento
"MOBILE,SM-G980F/DS,LIGHT BLUE,COO",MOBILE,1.0,0.027777778,0.22222222,0.0,0.027777778,0.22222222,0.027777777777777776,0.0,Riesgo desabastecimiento
"MOBILE,SM-G985F,BLACK,COM",MOBILE,0.0,0.0,0.0,0.0,0.0,0.0,0.0,0.0,Normal
"MOBILE,SM-G985F,LIGHT BLUE,COM",MOBILE,0.0,0.0,0.16666667,0.0,0.0,0.16666667,0.0,0.0,Normal
"MOBILE,SM-G985F/DS,BLACK,COB",MOBILE,0.0,0.0,0.5,0.0,0.0,0.5,0.0,0.0,Normal
"MOBILE,SM-G985F/DS,BLACK,COO",MOBILE,1.0,0.020833334,0.0625,0.0,0.020833334,0.0625,0.020833333333333332,0.0,Riesgo desabastecimiento
"MOBILE,SM-G985F/DS,GRAY,COO",MOBILE,0.0,0.0,0.055555556,0.0,0.013888889,0.055555556,0.027777777777777776,0.0,Normal
"MOBILE,SM-G985F/DS,LIGHT BLUE,COO",MOBILE,0.0,0.0,0.0,0.0,0.0,0.0,0.0,0.0,Normal
"MOBILE,SM-G988B/DS,BLACK,COB",MOBILE,1.0,0.027777778,0.6666667,0.0,0.013888889,0.6614256,0.0,0.0,Riesgo desabastecimiento
"MOBILE,SM-G988B/DS,BLACK,COL",MOBILE,0.0,0.0,1.8333334,0.0,0.0,1.8333334,0.0,0.0,Normal
"MOBILE,SM-G988B/DS,BLACK,COO",MOBILE,1.0,0.083333336,0.0,0.0,0.083333336,0.0,0.08333333333333333,0.0,Riesgo desabastecimiento
"MOBILE,SM-G988B/DS,GRAY,COO",MOBILE,0.0,0.0,0.0,0.0,0.0,0.0,0.0,0.0,Normal
"MOBILE,SM-G990B/DS,GRAY,LTC",MOBILE,0.0,0.0,0.0,0.0,0.0,0.0,0.0,0.0,Normal
"MOBILE,SM-G990B/DS,LIGHT GREEN ,LTC",MOBILE,1442.0,120.166664,284.33334,0.0,55.431763,10.445917,0.08333333333333333,0.0,Riesgo desabastecimiento
"MOBILE,SM-G990B/DS,LIGHT VIOLET,LTC",MOBILE,10.0,0.8333333,0.0,0.0,0.8333333,0.0,0.08333333333333333,0.0,Riesgo desabastecimiento
"MOBILE,SM-G990E,GRAY,COM",MOBILE,22551.0,683.36365,891.4545,2.0,0.8318417,4.519372,0.0,0.012584017,Riesgo desabastecimiento
"MOBILE,SM-G990E,LIGHT GREEN ,COM",MOBILE,4421.0,133.9697,177.81818,0.0,0.7854111,4.434697,0.09090909090909091,0.0,Riesgo desabastecimiento
"MOBILE,SM-G990E,LIGHT VIOLET,COM",MOBILE,10834.0,328.30304,281.72726,0.0,0.9709785,2.3862112,0.09090909090909091,0.0,Riesgo desabastecimiento
"MOBILE,SM-G990E/DS,GRAY,LTC",MOBILE,20402.0,35.42014,89.43576,0.0,1.1118276,8.770306,0.05381944444444445,0.0,Riesgo desabastecimiento
"MOBILE,SM-G990E/DS,LIGHT GREEN ,LTC",MOBILE,9512.0,22.64762,63.30238,0.0,0.9369674,7.5093307,0.07857142857142857,0.0,Riesgo desabastecimiento
"MOBILE,SM-G990E/DS,LIGHT VIOLET,LTC",MOBILE,3543.0,10.094017,22.806269,0.0,1.0357555,5.753952,0.07977207977207977,0.0,Riesgo desabastecimiento
"MOBILE,SM-G991B,GRAY,COM",MOBILE,2.0,0.16666667,0.16666667,0.0,0.16666667,0.1509434,0.16666666666666666,0.0,Riesgo desabastecimiento
"MOBILE,SM-G991B,VIOLET,COM",MOBILE,0.0,0.0,0.0,0.0,0.0,0.0,0.0,0.0,Normal
"MOBILE,SM-G991B,WHITE,COM",MOBILE,0.0,0.0,0.0,0.0,0.0,0.0,0.0,0.0,Normal
"MOBILE,SM-G991B/DS,GRAY,LTC",MOBILE,71.0,0.28514057,4.016064,2.0,0.09677759,3.9569678,0.024096385542168676,26.20828,Normal
"MOBILE,SM-G991B/DS,PINK,LTC",MOBILE,1.0,0.01754386,1.5614035,0.0,0.01754386,1.5614035,0.017543859649122806,0.0,Riesgo desabastecimiento
"MOBILE,SM-G991B/DS,VIOLET,LTC",MOBILE,34.0,0.18579236,4.612022,0.0,0.062683426,4.4566603,0.02185792349726776,0.0,Riesgo desabastecimiento
"MOBILE,SM-G991B/DS,WHITE,LTC",MOBILE,9.0,0.06,3.4666667,0.0,0.037333332,3.4465408,0.02,0.0,Riesgo desabastecimiento
"MOBILE,SM-G996B,BLACK,COM",MOBILE,5.0,0.41666666,0.5,0.0,0.35416666,0.4528302,0.16666666666666666,0.0,Riesgo desabastecimiento
"MOBILE,SM-G996B,BLACK,WWD",MOBILE,0.0,0.0,0.6666667,0.0,0.0,0.6666667,0.0,0.0,Normal
"MOBILE,SM-G996B,SILVER,COM",MOBILE,4.0,0.33333334,0.0,0.0,0.33333334,0.0,0.25,0.0,Riesgo desabastecimiento
"MOBILE,SM-G996B,SILVER,WWD",MOBILE,0.0,0.0,2.25,0.0,0.0,2.25,0.0,0.0,Normal
"MOBILE,SM-G996B,VIOLET,COM",MOBILE,3.0,0.25,0.33333334,0.0,0.25,0.33333334,0.25,0.0,Riesgo desabastecimiento
"MOBILE,SM-G996B,VIOLET,WWD",MOBILE,0.0,0.0,3.5,0.0,0.0,3.5,0.0,0.0,Normal
"MOBILE,SM-G996B/DS,BLACK,LTC",MOBILE,112.0,0.51141554,3.4155252,1.0,0.048925325,2.6281817,0.0182648401826484,7.755915,Normal
"MOBILE,SM-G996B/DS,SILVER,LTC",MOBILE,9.0,0.054545455,0.54545456,0.0,0.054545455,0.54545456,0.012121212121212121,0.0,Riesgo desabastecimiento
"MOBILE,SM-G996B/DS,VIOLET,LTC",MOBILE,17.0,0.120567374,1.0070922,0.0,0.081560284,0.9957249,0.03546099290780142,0.0,Riesgo desabastecimiento
"MOBILE,SM-G998B,BLACK,COM",MOBILE,1.0,0.083333336,0.0,0.0,0.083333336,0.0,0.08333333333333333,0.0,Riesgo desabastecimiento
"MOBILE,SM-G998B,SILVER,COM",MOBILE,3.0,0.125,0.083333336,0.0,0.125,0.083333336,0.16666666666666666,0.0,Riesgo desabastecimiento
"MOBILE,SM-G998B/DS,BLACK,LTC",MOBILE,1.0,0.0070921984,1.7304964,0.0,0.0070921984,1.7304964,0.0070921985815602835,0.0,Riesgo desabastecimiento
"MOBILE,SM-G998B/DS,SILVER,LTC",MOBILE,1.0,0.007751938,1.2790698,0.0,0.007751938,1.2790698,0.007751937984496124,0.0,Riesgo desabastecimiento
"MOBILE,SM-J105B/DS,BLACK,COO",MOBILE,0.0,0.0,0.41666666,0.0,0.0,0.41666666,0.0,0.0,Normal
"MOBILE,SM-J106B/DS,BLACK,COO",MOBILE,0.0,0.0,0.5833333,0.0,0.0,0.5833333,0.0,0.0,Normal
"MOBILE,SM-J106B/DS,WHITE,COO",MOBILE,1.0,0.041666668,0.5,0.0,0.020833334,0.4921384,0.0,0.0,Riesgo desabastecimiento
"MOBILE,SM-J110M,BLACK,COM",MOBILE,0.0,0.0,0.0,0.0,0.0,0.0,0.0,0.0,Normal
"MOBILE,SM-J111M,BLACK,COB",MOBILE,0.0,0.0,0.0,0.0,0.0,0.0,0.0,0.0,Normal
"MOBILE,SM-J111M,BLACK,COO",MOBILE,0.0,0.0,0.0,0.0,0.0,0.0,0.0,0.0,Normal
"MOBILE,SM-J111M,WHITE,COB",MOBILE,0.0,0.0,0.33333334,0.0,0.0,0.33333334,0.0,0.0,Normal
"MOBILE,SM-J111M,WHITE,COO",MOBILE,0.0,0.0,0.0,0.0,0.0,0.0,0.0,0.0,Normal
"MOBILE,SM-J120M,BLACK,COM",MOBILE,0.0,0.0,0.0,0.0,0.0,0.0,0.0,0.0,Normal
"MOBILE,SM-J120M,WHITE,COM",MOBILE,0.0,0.0,0.0,0.0,0.0,0.0,0.0,0.0,Normal
"MOBILE,SM-J200M,WHITE,COM",MOBILE,0.0,0.0,0.0,0.0,0.0,0.0,0.0,0.0,Normal
"MOBILE,SM-J200M,WHITE,COO",MOBILE,0.0,0.0,0.6666667,0.0,0.0,0.6666667,0.0,0.0,Normal
"MOBILE,SM-J250M/DS,BLACK,COO",MOBILE,0.0,0.0,2.6666667,0.0,0.0,2.6666667,0.0,0.0,Normal
"MOBILE,SM-J250M/DS,GOLD,COL",MOBILE,0.0,0.0,0.0,0.0,0.0,0.0,0.0,0.0,Normal
"MOBILE,SM-J250M/DS,GOLD,COO",MOBILE,0.0,0.0,0.22222222,0.0,0.0,0.22222222,0.0,0.0,Normal
"MOBILE,SM-J250M/DS,SILVER,COO",MOBILE,0.0,0.0,0.0,0.0,0.0,0.0,0.0,0.0,Normal
"MOBILE,SM-J260M/DS,BLACK,COB",MOBILE,0.0,0.0,0.0,0.0,0.0,0.0,0.0,0.0,Normal
"MOBILE,SM-J260M/DS,BLACK,COO",MOBILE,4.0,0.11111111,0.027777778,0.0,0.11111111,0.027777778,0.05555555555555555,0.0,Riesgo desabastecimiento
"MOBILE,SM-J260M/DS,BLUE,COO",MOBILE,0.0,0.0,0.0,0.0,0.0,0.0,0.0,0.0,Normal
"MOBILE,SM-J260M/DS,GOLD,COB",MOBILE,1.0,0.083333336,1.1666666,0.0,0.027777778,1.1352202,0.0,0.0,Riesgo desabastecimiento
"MOBILE,SM-J260M/DS,GOLD,COO",MOBILE,1.0,0.020833334,0.0,0.0,0.020833334,0.0,0.020833333333333332,0.0,Riesgo desabastecimiento
"MOBILE,SM-J260MU,BLACK,COM",MOBILE,0.0,0.0,0.0,0.0,0.0,0.0,0.0,0.0,Normal
"MOBILE,SM-J260MU,GOLD,COM",MOBILE,0.0,0.0,0.0,0.0,0.0,0.0,0.0,0.0,Normal
"MOBILE,SM-J260MU/DS,BLACK,COO",MOBILE,1.0,0.083333336,0.0,0.0,0.083333336,0.0,0.08333333333333333,0.0,Riesgo desabastecimiento
"MOBILE,SM-J260MU/DS,BLUE,COO",MOBILE,0.0,0.0,0.0,0.0,0.0,0.0,0.0,0.0,Normal
"MOBILE,SM-J260MU/DS,GOLD,COO",MOBILE,1.0,0.083333336,0.0,0.0,0.083333336,0.0,0.08333333333333333,0.0,Riesgo desabastecimiento
"MOBILE,SM-J320M,BLACK,COM",MOBILE,1.0,0.083333336,0.0,0.0,0.083333336,0.0,0.08333333333333333,0.0,Riesgo desabastecimiento
"MOBILE,SM-J320M/DS,BLACK,COO",MOBILE,0.0,0.0,0.6666667,0.0,0.0,0.6666667,0.0,0.0,Normal
"MOBILE,SM-J320M/DS,WHITE,COO",MOBILE,0.0,0.0,0.8333333,0.0,0.0,0.8333333,0.0,0.0,Normal
"MOBILE,SM-J400M,BLACK,COM",MOBILE,0.0,0.0,0.0,0.0,0.0,0.0,0.0,0.0,Normal
"MOBILE,SM-J400M,GOLD,COM",MOBILE,0.0,0.0,0.0,0.0,0.0,0.0,0.0,0.0,Normal
"MOBILE,SM-J400M/DS,BLACK,COB",MOBILE,0.0,0.0,0.0,0.0,0.0,0.0,0.0,0.0,Normal
"MOBILE,SM-J400M/DS,GOLD,COB",MOBILE,0.0,0.0,0.0,0.0,0.0,0.0,0.0,0.0,Normal
"MOBILE,SM-J400M/DS,GOLD,COO",MOBILE,0.0,0.0,0.45833334,0.0,0.0,0.45833334,0.0,0.0,Normal
"MOBILE,SM-J410G,BLACK,COM",MOBILE,0.0,0.0,0.0,0.0,0.0,0.0,0.0,0.0,Normal
"MOBILE,SM-J410G,GOLD,COM",MOBILE,0.0,0.0,0.0,0.0,0.0,0.0,0.0,0.0,Normal
"MOBILE,SM-J415G/DS,BLACK,COO",MOBILE,1.0,0.083333336,0.41666666,0.0,0.083333336,0.41666666,0.08333333333333333,0.0,Riesgo desabastecimiento
"MOBILE,SM-J415G/DS,GOLD,COO",MOBILE,14.0,0.29166666,1.7916666,0.0,0.234375,1.6974887,0.020833333333333332,0.0,Riesgo desabastecimiento
"MOBILE,SM-J500M,BLACK,COM",MOBILE,0.0,0.0,0.0,0.0,0.0,0.0,0.0,0.0,Normal
"MOBILE,SM-J530G,BLACK,COB",MOBILE,0.0,0.0,1.875,0.0,0.0,1.875,0.0,0.0,Normal
"MOBILE,SM-J530G,GOLD,COM",MOBILE,0.0,0.0,0.0,0.0,0.0,0.0,0.0,0.0,Normal
"MOBILE,SM-J600G,BLACK,COB",MOBILE,0.0,0.0,0.0,0.0,0.0,0.0,0.0,0.0,Normal
"MOBILE,SM-J600G,GOLD,COO",MOBILE,0.0,0.0,0.0,0.0,0.0,0.0,0.0,0.0,Normal
"MOBILE,SM-J600G,ORCHID GRAY,COO",MOBILE,0.0,0.0,0.6666667,0.0,0.0,0.6666667,0.0,0.0,Normal
"MOBILE,SM-J610G,BLACK,COM",MOBILE,0.0,0.0,0.0,0.0,0.0,0.0,0.0,0.0,Normal
"MOBILE,SM-J610G,GRAY,COM",MOBILE,0.0,0.0,0.0,0.0,0.0,0.0,0.0,0.0,Normal
"MOBILE,SM-J610G,RED,COM",MOBILE,0.0,0.0,0.0,0.0,0.0,0.0,0.0,0.0,Normal
"MOBILE,SM-J610G/DS,BLACK,COO",MOBILE,0.0,0.0,0.0,0.0,0.0,0.0,0.0,0.0,Normal
"MOBILE,SM-J610G/DS,GRAY,COO",MOBILE,0.0,0.0,0.33333334,0.0,0.0,0.33333334,0.0,0.0,Normal
"MOBILE,SM-J610G/DS,RED,COO",MOBILE,0.0,0.0,0.0,0.0,0.0,0.0,0.0,0.0,Normal
"MOBILE,SM-J700M,BLACK,COM",MOBILE,0.0,0.0,0.0,0.0,0.0,0.0,0.0,0.0,Normal
"MOBILE,SM-J700M,BLACK,COO",MOBILE,0.0,0.0,0.0,0.0,0.0,0.0,0.0,0.0,Normal
"MOBILE,SM-J701M/DS,BLACK,COO",MOBILE,0.0,0.0,0.8787879,1.0,0.0,0.8787879,0.0,100.0,Exceso inventario
"MOBILE,SM-J701M/DS,GOLD,COO",MOBILE,0.0,0.0,0.0,0.0,0.0,0.0,0.0,0.0,Normal
"MOBILE,SM-J710MN/DS,BLACK,COO",MOBILE,0.0,0.0,0.5555556,0.0,0.0,0.5555556,0.0,0.0,Normal
"MOBILE,SM-J710MN/DS,WHITE,COO",MOBILE,0.0,0.0,0.0,0.0,0.0,0.0,0.0,0.0,Normal
"MOBILE,SM-J730G,BLACK,COM",MOBILE,0.0,0.0,0.0,0.0,0.0,0.0,0.0,0.0,Normal
"MOBILE,SM-J810M/DS,BLACK,COO",MOBILE,2.0,0.055555556,0.3611111,0.0,0.041666668,0.35587004,0.027777777777777776,0.0,Riesgo desabastecimiento
"MOBILE,SM-J810M/DS,GOLD,COO",MOBILE,0.0,0.0,0.0,0.0,0.0,0.0,0.0,0.0,Normal
"MOBILE,SM-J810M/DS,ORCHID GRAY,COB",MOBILE,1.0,0.041666668,1.0416666,0.0,0.041666668,1.0416666,0.041666666666666664,0.0,Riesgo desabastecimiento
"MOBILE,SM-J810M/DS,ORCHID GRAY,COO",MOBILE,15.0,0.625,3.625,0.0,0.25277779,3.398387,0.041666666666666664,0.0,Riesgo desabastecimiento
"MOBILE,SM-M115M/DS,BLACK,COO",MOBILE,3.0,0.083333336,0.0,0.0,0.083333336,0.0,0.027777777777777776,0.0,Riesgo desabastecimiento
"MOBILE,SM-M115M/DS,METALLIC BLUE,COO",MOBILE,0.0,0.0,0.0,0.0,0.0,0.0,0.0,0.0,Normal
"MOBILE,SM-M127F/DS,BLACK,COO",MOBILE,20.0,0.15151516,0.5,0.0,0.13560605,0.4889506,0.022727272727272728,0.0,Riesgo desabastecimiento
"MOBILE,SM-M127F/DS,GREEN,COO",MOBILE,-1.0,-0.016666668,0.016666668,0.0,-0.008333334,0.016666668,0.0,0.0,Normal
"MOBILE,SM-M127F/DS,LIGHT BLUE,COO",MOBILE,0.0,0.0,0.2580645,0.0,0.0,0.2580645,0.0,0.0,Normal
"MOBILE,SM-M135M/DS,GREEN,COO",MOBILE,7683.0,73.171425,115.209526,0.0,0.26649278,7.0907865,0.05714285714285714,0.0,Riesgo desabastecimiento
"MOBILE,SM-M135M/DS,LIGHT BLUE,COO",MOBILE,7101.0,55.046513,93.04651,0.0,1.8095537,12.596324,0.06976744186046512,0.0,Riesgo desabastecimiento
"MOBILE,SM-M146B/DSN,BLUE,COO",MOBILE,2076.0,25.62963,19.185184,0.0,18.95417,5.3253393,0.24691358024691357,0.0,Riesgo desabastecimiento
"MOBILE,SM-M146B/DSN,DARK BLUE ,COO",MOBILE,1844.0,25.61111,24.86111,0.0,17.82252,6.630165,0.2638888888888889,0.0,Riesgo desabastecimiento
"MOBILE,SM-M146B/DSN,SILVER,COO",MOBILE,97.0,8.083333,0.0,0.0,8.083333,0.0,0.16666666666666666,0.0,Riesgo desabastecimiento
"MOBILE,SM-M156B/DSN,GRAY,COO",MOBILE,2813.0,37.506668,102.13333,2.0,7.2679167,5.944297,0.21333333333333335,0.22902998,Riesgo desabastecimiento
"MOBILE,SM-M156B/DSN,LIGHT BLUE,COO",MOBILE,1634.0,21.786667,56.106667,3.0,8.9868,8.373244,0.2,0.5909389,Riesgo desabastecimiento
"MOBILE,SM-M236B/DS,GREEN,COO",MOBILE,10977.0,66.527275,93.90303,0.0,1.3555514,5.094683,0.07272727272727272,0.0,Riesgo desabastecimiento
"MOBILE,SM-M236B/DS,LIGHT BLUE,COO",MOBILE,10971.0,85.04651,92.852715,0.0,1.2254837,6.71435,0.06201550387596899,0.0,Riesgo desabastecimiento
"MOBILE,SM-M236B/DS,PINK GOLD,COO",MOBILE,154.0,1.655914,0.75268817,0.0,0.8458781,0.7299737,0.03225806451612903,0.0,Riesgo desabastecimiento
"MOBILE,SM-M315F/DS,BLACK,COO",MOBILE,2.0,0.055555556,0.22222222,0.0,0.055555556,0.22222222,0.05555555555555555,0.0,Riesgo desabastecimiento
"MOBILE,SM-M315F/DS,BLUE,COO",MOBILE,0.0,0.0,0.0,0.0,0.0,0.0,0.0,0.0,Normal
"MOBILE,SM-M315F/DS,RED,COO",MOBILE,2.0,0.041666668,0.0,0.0,0.041666668,0.0,0.041666666666666664,0.0,Riesgo desabastecimiento
"MOBILE,SM-M325FV/DS,BLACK,COO",MOBILE,312.0,2.6666667,0.93162394,0.0,2.325736,0.90010184,0.03418803418803419,0.0,Riesgo desabastecimiento
"MOBILE,SM-M325FV/DS,LIGHT BLUE,COO",MOBILE,254.0,2.1709402,0.52991456,0.0,1.0710497,0.49965996,0.042735042735042736,0.0,Riesgo desabastecimiento
"MOBILE,SM-M346B/DS,BLUE,COO",MOBILE,100.0,2.0833333,0.0,0.0,2.0833333,0.0,0.125,0.0,Riesgo desabastecimiento
"MOBILE,SM-M346B/DS,DARK BLUE,COO",MOBILE,765.0,15.9375,0.0,0.0,15.9375,0.0,0.3958333333333333,0.0,Riesgo desabastecimiento
"MOBILE,SM-M346B/DS,SILVER,COO",MOBILE,745.0,9.551282,0.051282052,0.0,9.551282,0.051282052,0.1794871794871795,0.0,Riesgo desabastecimiento
"MOBILE,SM-M526B/DS,BLACK,COO",MOBILE,1.0,0.013888889,0.1388889,0.0,0.013888889,0.1388889,0.013888888888888888,0.0,Riesgo desabastecimiento
"MOBILE,SM-M526B/DS,LIGHT BLUE,COO",MOBILE,0.0,0.0,0.0,0.0,0.0,0.0,0.0,0.0,Normal
"MOBILE,SM-M526B/DS,WHITE,COO",MOBILE,0.0,0.0,0.0,0.0,0.0,0.0,0.0,0.0,Normal
"MOBILE,SM-M546B/DS,DARK BLUE ,COO",MOBILE,3252.0,20.074074,104.47531,0.0,5.721294,23.621456,0.13580246913580246,0.0,Riesgo desabastecimiento
"MOBILE,SM-M546B/DS,SILVER,COO",MOBILE,1089.0,10.676471,13.421569,0.0,6.008707,4.6001477,0.1568627450980392,0.0,Riesgo desabastecimiento
"MOBILE,SM-M556B/DS,BLACK,COO",MOBILE,6738.0,40.107143,322.13095,121.0,0.6275987,23.953236,0.041666666666666664,12.9588585,Normal
"MOBILE,SM-M556B/DS,LIGHT GREEN,COO",MOBILE,5563.0,33.113094,145.8631,76.0,1.2190666,12.40195,0.03571428571428571,9.856408,Alta rotacion
"MOBILE,SM-N770F,BLACK,COM",MOBILE,0.0,0.0,0.50877196,1.0,0.0,0.50877196,0.0,100.0,Exceso inventario
"MOBILE,SM-N770F,SILVER,COM",MOBILE,0.0,0.0,0.0,0.0,0.0,0.0,0.0,0.0,Normal
"MOBILE,SM-N770F/DS,BLACK,COB",MOBILE,0.0,0.0,0.0,0.0,0.0,0.0,0.0,0.0,Normal
"MOBILE,SM-N770F/DS,BLACK,COO",MOBILE,0.0,0.0,0.0,0.0,0.0,0.0,0.0,0.0,Normal
"MOBILE,SM-N770F/DS,RED,COO",MOBILE,0.0,0.0,0.0,0.0,0.0,0.0,0.0,0.0,Normal
"MOBILE,SM-N770F/DS,SILVER,COO",MOBILE,0.0,0.0,0.0,0.0,0.0,0.0,0.0,0.0,Normal
"MOBILE,SM-N910C,WHITE,COM",MOBILE,0.0,0.0,0.0,0.0,0.0,0.0,0.0,0.0,Normal
"MOBILE,SM-N920G,BLACK,COM",MOBILE,0.0,0.0,0.0,0.0,0.0,0.0,0.0,0.0,Normal
"MOBILE,SM-N950F,BLACK,COM",MOBILE,0.0,0.0,0.0,0.0,0.0,0.0,0.0,0.0,Normal
"MOBILE,SM-N950F/DS,BLACK,COO",MOBILE,0.0,0.0,0.0,0.0,0.0,0.0,0.0,0.0,Normal
"MOBILE,SM-N9600,BLACK,COO",MOBILE,0.0,0.0,1.0,1.0,0.0,1.0,0.0,100.0,Exceso inventario
"MOBILE,SM-N9600,BLUE,COB",MOBILE,0.0,0.0,0.0,0.0,0.0,0.0,0.0,0.0,Normal
"MOBILE,SM-N9600,BLUE,COO",MOBILE,0.0,0.0,0.8484849,1.0,0.0,0.8484849,0.0,100.0,Exceso inventario
"MOBILE,SM-N9600/SS,BLACK,COM",MOBILE,0.0,0.0,0.0,0.0,0.0,0.0,0.0,0.0,Normal
"MOBILE,SM-N9600/SS,BLUE,COM",MOBILE,0.0,0.0,0.0,0.0,0.0,0.0,0.0,0.0,Normal
"MOBILE,SM-N970F,BLACK,COM",MOBILE,0.0,0.0,0.0,0.0,0.0,0.0,0.0,0.0,Normal
"MOBILE,SM-N970F,SILVER,COM",MOBILE,0.0,0.0,0.0,0.0,0.0,0.0,0.0,0.0,Normal
"MOBILE,SM-N970F/DS,BLACK,COO",MOBILE,0.0,0.0,0.0,0.0,0.0,0.0,0.0,0.0,Normal
"MOBILE,SM-N970F/DS,PINK,COO",MOBILE,1.0,0.083333336,0.0,0.0,0.083333336,0.0,0.08333333333333333,0.0,Riesgo desabastecimiento
"MOBILE,SM-N970F/DS,SILVER,COB",MOBILE,0.0,0.0,0.75,0.0,0.0,0.75,0.0,0.0,Normal
"MOBILE,SM-N970F/DS,SILVER,COO",MOBILE,-1.0,-0.041666668,0.041666668,0.0,-0.020833334,0.041666668,0.0,0.0,Normal
"MOBILE,SM-N975F,BLACK,COM",MOBILE,0.0,0.0,0.0,0.0,0.0,0.0,0.0,0.0,Normal
"MOBILE,SM-N975F,SILVER,COM",MOBILE,0.0,0.0,0.0,0.0,0.0,0.0,0.0,0.0,Normal
"MOBILE,SM-N975F/DS,BLACK,COO",MOBILE,0.0,0.0,0.0,0.0,0.0,0.0,0.0,0.0,Normal
"MOBILE,SM-N975F/DS,SILVER,COO",MOBILE,0.0,0.0,0.0,0.0,0.0,0.0,0.0,0.0,Normal
"MOBILE,SM-N975F/DS,WHITE,COO",MOBILE,0.0,0.0,0.0,0.0,0.0,0.0,0.0,0.0,Normal
"MOBILE,SM-N980F,BROWN,COM",MOBILE,0.0,0.0,0.0,0.0,0.0,0.0,0.0,0.0,Normal
"MOBILE,SM-N980F/DS,BROWN,COB",MOBILE,1.0,0.083333336,0.0,0.0,0.083333336,0.0,0.08333333333333333,0.0,Riesgo desabastecimiento
"MOBILE,SM-N980F/DS,BROWN,COO",MOBILE,0.0,0.0,0.73333335,0.0,0.0,0.73333335,0.0,0.0,Normal
"MOBILE,SM-N980F/DS,GRAY,COB",MOBILE,1.0,0.083333336,0.0,0.0,0.083333336,0.0,0.08333333333333333,0.0,Riesgo desabastecimiento
"MOBILE,SM-N980F/DS,GRAY,COO",MOBILE,47.0,0.44761905,5.1904764,0.0,0.025149573,4.447031,0.0,0.0,Riesgo desabastecimiento
"MOBILE,SM-N980F/DS,GREEN,COO",MOBILE,0.0,0.0,0.0,0.0,0.0,0.0,0.0,0.0,Normal
"MOBILE,SM-N985F,BLACK,COM",MOBILE,3.0,0.25,0.0,0.0,0.25,0.0,0.3333333333333333,0.0,Riesgo desabastecimiento
"MOBILE,SM-N985F,BROWN,COM",MOBILE,5.0,0.41666666,0.0,0.0,0.41666666,0.0,0.3333333333333333,0.0,Riesgo desabastecimiento
"MOBILE,SM-N985F/DS,BLACK,COB",MOBILE,0.0,0.0,0.0,0.0,0.0,0.0,0.0,0.0,Normal
"MOBILE,SM-N985F/DS,BLACK,COL",MOBILE,0.0,0.0,0.0,0.0,0.0,0.0,0.0,0.0,Normal
"MOBILE,SM-N985F/DS,BLACK,COO",MOBILE,3.0,0.025641026,2.6666667,0.0,0.01017871,2.6360264,0.008547008547008548,0.0,Riesgo desabastecimiento
"MOBILE,SM-N985F/DS,BROWN,COO",MOBILE,1.0,0.010752688,1.827957,0.0,0.010752688,1.827957,0.010752688172043012,0.0,Riesgo desabastecimiento
"MOBILE,SM-N985F/DS,WHITE,COO",MOBILE,0.0,0.0,0.4074074,0.0,0.0,0.4074074,0.0,0.0,Normal
"MOBILE,SM-S711B,GRAY,COM",MOBILE,13392.0,405.81818,652.8485,5.0,0.6028856,5.2315707,0.0,0.05297378,Riesgo desabastecimiento
"MOBILE,SM-S711B,LIGHT GREEN,COM",MOBILE,4795.0,145.30302,233.21213,0.0,0.6322415,5.0613823,0.0,0.0,Riesgo desabastecimiento
"MOBILE,SM-S711B,PURPLE,COM",MOBILE,2846.0,86.242424,86.545456,1.0,0.6414082,3.712995,0.030303030303030304,0.049834605,Riesgo desabastecimiento
"MOBILE,SM-S711B,WHITE,COM",MOBILE,4297.0,79.57407,122.55556,0.0,0.36082438,2.623643,0.037037037037037035,0.0,Riesgo desabastecimiento
"MOBILE,SM-S711B/DS,GRAY,LTC",MOBILE,13254.0,24.820225,50.054306,0.0,2.993672,6.207449,0.07677902621722846,0.0,Riesgo desabastecimiento
"MOBILE,SM-S711B/DS,LIGHT GREEN,LTC",MOBILE,8058.0,19.75,37.17647,0.0,2.3154697,4.319579,0.06862745098039216,0.0,Riesgo desabastecimiento
"MOBILE,SM-S711B/DS,PURPLE,LTC",MOBILE,6024.0,16.595041,39.76584,0.0,2.3542812,6.18547,0.0743801652892562,0.0,Riesgo desabastecimiento
"MOBILE,SM-S711B/DS,WHITE,LTC",MOBILE,3388.0,9.25683,14.959017,0.0,2.3705924,3.210117,0.08743169398907104,0.0,Riesgo desabastecimiento
"MOBILE,SM-S721B,BLACK,COM",MOBILE,16599.0,790.4286,1499.762,3258.0,0.31671348,6.302776,0.0,17.72284,Normal
"MOBILE,SM-S721B,GRAY,COM",MOBILE,12606.0,600.2857,1502.7142,3342.0,0.23286481,8.265031,0.0,23.93789,Normal
"MOBILE,SM-S721B,LIGHT BLUE,COM",MOBILE,9611.0,457.66666,1176.4762,2473.0,0.25143108,8.387607,0.0,23.232851,Normal
"MOBILE,SM-S721B,LIGHT GREEN,COM",MOBILE,5904.0,281.14285,897.5238,369.0,0.23592651,12.211817,0.0,5.642887,Normal
"MOBILE,SM-S721B/DS,BLACK,LEC",MOBILE,7574.0,72.13333,199.12381,15.0,3.080776,7.550807,0.0761904761904762,0.8936448,Riesgo desabastecimiento
"MOBILE,SM-S721B/DS,BLACK,LTC",MOBILE,12992.0,31.381643,53.514492,40.0,6.4072094,5.639402,0.06038647342995169,5.4734116,Alta rotacion
"MOBILE,SM-S721B/DS,GRAY,LTC",MOBILE,8082.0,20.25564,39.005013,0.0,5.730617,7.383703,0.06015037593984962,0.0,Riesgo desabastecimiento
"MOBILE,SM-S721B/DS,LIGHT BLUE,LTC",MOBILE,6743.0,18.887955,35.10644,59.0,5.41529,6.4093165,0.0700280112044818,13.401331,Alta rotacion
"MOBILE,SM-S721B/DS,LIGHT GREEN,LTC",MOBILE,4645.0,16.298246,27.512281,0.0,4.264338,5.475038,0.08421052631578947,0.0,Riesgo desabastecimiento
"MOBILE,SM-S901E,BLACK,COM",MOBILE,4210.0,127.57576,112.606064,1.0,0.6750258,2.668088,0.0,0.033694107,Riesgo desabastecimiento
"MOBILE,SM-S901E,BLACK,LTC",MOBILE,6351.0,13.570513,40.824787,0.0,1.0471823,8.205122,0.07051282051282051,0.0,Riesgo desabastecimiento
"MOBILE,SM-S901E,GREEN,LTC",MOBILE,2259.0,6.275,20.525,0.0,1.0599215,7.172153,0.08055555555555556,0.0,Riesgo desabastecimiento
"MOBILE,SM-S901E,PINK GOLD,COM",MOBILE,1233.0,51.375,45.0,0.0,0.89897704,2.114335,0.08333333333333333,0.0,Riesgo desabastecimiento
"MOBILE,SM-S901E,PINK GOLD,LTC",MOBILE,1243.0,3.8722742,14.373832,0.0,0.44277284,4.8462377,0.059190031152647975,0.0,Riesgo desabastecimiento
"MOBILE,SM-S901E,WHITE,COM",MOBILE,27.0,2.25,3.5833333,0.0,0.35587606,2.105192,0.08333333333333333,0.0,Riesgo desabastecimiento
"MOBILE,SM-S901E,WHITE,LTC",MOBILE,56.0,0.4057971,3.347826,0.0,0.119387485,3.0042586,0.021739130434782608,0.0,Riesgo desabastecimiento
"MOBILE,SM-S901E/DS,LIGHT VIOLET,LTC",MOBILE,180.0,2.6086957,4.0,0.0,1.0040033,2.276327,0.10144927536231885,0.0,Riesgo desabastecimiento
"MOBILE,SM-S906E/DS,BLACK,COM",MOBILE,361.0,15.041667,16.583334,0.0,0.6797693,0.9213974,0.20833333333333334,0.0,Riesgo desabastecimiento
"MOBILE,SM-S906E/DS,BLACK,LTC",MOBILE,185.0,0.581761,3.4874213,0.0,0.1321686,2.7016869,0.03773584905660377,0.0,Riesgo desabastecimiento
"MOBILE,SM-S906E/DS,GREEN,COM",MOBILE,22.0,1.8333334,2.0833333,0.0,0.3796296,1.3178658,0.16666666666666666,0.0,Riesgo desabastecimiento
"MOBILE,SM-S906E/DS,GREEN,LTC",MOBILE,150.0,0.5154639,4.549828,0.0,0.06277044,3.3358152,0.020618556701030927,0.0,Riesgo desabastecimiento
"MOBILE,SM-S906E/DS,PINK GOLD,COM",MOBILE,31.0,1.2916666,1.3333334,0.0,0.2388889,0.49947086,0.125,0.0,Riesgo desabastecimiento
"MOBILE,SM-S906E/DS,PINK GOLD,LTC",MOBILE,164.0,0.6356589,3.996124,0.0,0.17037044,3.1788864,0.050387596899224806,0.0,Riesgo desabastecimiento
"MOBILE,SM-S906E/DS,WHITE,LTC",MOBILE,6.0,0.046511628,0.82945734,0.0,0.020284237,0.8119058,0.007751937984496124,0.0,Riesgo desabastecimiento
"MOBILE,SM-S908E,BLACK,COM",MOBILE,1612.0,48.848484,30.363636,1.0,0.37749812,1.346809,0.0,0.08794988,Riesgo desabastecimiento
"MOBILE,SM-S908E,DARK RED,COM",MOBILE,225.0,6.818182,7.909091,1.0,0.25751704,1.4552974,0.0,0.6267142,Riesgo desabastecimiento
"MOBILE,SM-S908E,GREEN,COM",MOBILE,360.0,15.0,11.5,0.0,0.58099633,0.9091831,0.16666666666666666,0.0,Riesgo desabastecimiento
"MOBILE,SM-S908E/DS,BLACK,LTC",MOBILE,3573.0,8.954887,30.93985,0.0,0.9827865,6.682798,0.06766917293233082,0.0,Riesgo desabastecimiento
"MOBILE,SM-S908E/DS,DARK RED,LTC",MOBILE,1907.0,5.778788,18.790909,0.0,1.121554,4.7979164,0.06363636363636363,0.0,Riesgo desabastecimiento
"MOBILE,SM-S908E/DS,GREEN,LTC",MOBILE,15.0,1.25,1.4166666,0.0,0.27367425,0.59419006,0.16666666666666666,0.0,Riesgo desabastecimiento
"MOBILE,SM-S908E/DS,WHITE,LTC",MOBILE,0.0,0.0,0.6666667,0.0,0.0,0.6666667,0.0,0.0,Normal
"MOBILE,SM-S911B,BLACK,COM",MOBILE,8895.0,134.77272,246.83333,0.0,2.0066094,24.63255,0.06060606060606061,0.0,Riesgo desabastecimiento
"MOBILE,SM-S911B,GREEN,COM",MOBILE,2852.0,86.42424,153.24243,1.0,1.2214077,12.201919,0.030303030303030304,0.04972982,Riesgo desabastecimiento
"MOBILE,SM-S911B,LIGHT PINK ,COM",MOBILE,388.0,32.333332,105.5,0.0,0.99870753,28.34945,0.08333333333333333,0.0,Riesgo desabastecimiento
"MOBILE,SM-S911B/DS,BEIGE,LTC",MOBILE,871.0,4.1476192,8.642858,0.0,1.438299,4.3154593,0.15714285714285714,0.0,Riesgo desabastecimiento
"MOBILE,SM-S911B/DS,BLACK,LTC",MOBILE,7048.0,12.979742,37.151012,0.0,1.8321643,8.515947,0.10128913443830571,0.0,Riesgo desabastecimiento
"MOBILE,SM-S911B/DS,GREEN,LTC",MOBILE,4609.0,10.819249,25.434273,0.0,2.3169093,8.896661,0.11737089201877934,0.0,Riesgo desabastecimiento
"MOBILE,SM-S911B/DS,LIGHT PINK ,LTC",MOBILE,3441.0,8.689394,17.04798,4.0,1.2034327,5.106569,0.1111111111111111,1.9696777,Riesgo desabastecimiento
"MOBILE,SM-S916B,BLACK,COM",MOBILE,1118.0,46.583332,118.416664,0.0,0.43518457,9.300153,0.08333333333333333,0.0,Riesgo desabastecimiento
"MOBILE,SM-S916B,GREEN,COM",MOBILE,137.0,11.416667,9.333333,0.0,1.0201247,1.0630242,0.08333333333333333,0.0,Riesgo desabastecimiento
"MOBILE,SM-S916B,LIGHT PINK ,COM",MOBILE,566.0,17.151516,82.121216,1.0,0.27951634,21.665585,0.030303030303030304,0.25007975,Riesgo desabastecimiento
"MOBILE,SM-S916B/DS,BEIGE,LTC",MOBILE,226.0,3.1388888,9.166667,0.0,0.8255498,4.3234134,0.16666666666666666,0.0,Riesgo desabastecimiento
"MOBILE,SM-S916B/DS,BLACK,LTC",MOBILE,2763.0,6.673913,29.135265,15.0,1.2432271,10.335244,0.07971014492753623,9.602626,Alta rotacion
"MOBILE,SM-S916B/DS,GREEN,LTC",MOBILE,1195.0,4.237589,15.585107,0.0,1.0675957,7.102299,0.11702127659574468,0.0,Riesgo desabastecimiento
"MOBILE,SM-S916B/DS,LIGHT PINK ,LTC",MOBILE,1138.0,3.7933333,17.92,5.0,0.68228024,8.5393,0.08333333333333333,5.60431,Normal
"MOBILE,SM-S918B,BLACK,COM",MOBILE,6415.0,194.39394,546.0606,0.0,0.68570465,15.817883,0.030303030303030304,0.0,Riesgo desabastecimiento
"MOBILE,SM-S918B,GREEN,COM",MOBILE,2473.0,74.93939,233.09091,0.0,1.9214034,13.364937,0.06060606060606061,0.0,Riesgo desabastecimiento
"MOBILE,SM-S918B,LIGHT PINK ,COM",MOBILE,1616.0,67.333336,212.04167,0.0,0.6027563,10.998035,0.0,0.0,Riesgo desabastecimiento
"MOBILE,SM-S918B/DS,BEIGE,LTC",MOBILE,909.0,5.410714,8.244047,0.0,1.5742338,3.9353104,0.16071428571428573,0.0,Riesgo desabastecimiento
"MOBILE,SM-S918B/DS,BLACK,LTC",MOBILE,13216.0,20.878357,52.739338,0.0,3.2962756,8.981417,0.09636650868878358,0.0,Riesgo desabastecimiento
"MOBILE,SM-S918B/DS,GREEN,LTC",MOBILE,5929.0,11.423892,27.196531,0.0,1.7066852,8.244229,0.10789980732177264,0.0,Riesgo desabastecimiento
"MOBILE,SM-S918B/DS,LIGHT PINK ,LTC",MOBILE,3566.0,8.804938,27.05926,1.0,1.0783266,7.547599,0.10123456790123457,0.48598897,Riesgo desabastecimiento
"MOBILE,SM-S921B,BLACK,COM",MOBILE,3710.0,88.333336,140.0,0.0,0.44435316,3.2522237,0.023809523809523808,0.0,Riesgo desabastecimiento
"MOBILE,SM-S921B,GRAY,COM",MOBILE,3279.0,156.14285,361.7619,2.0,0.76994526,10.037307,0.0,0.05506261,Riesgo desabastecimiento
"MOBILE,SM-S921B,VIOLET,COM",MOBILE,2356.0,112.190475,225.38095,2.0,0.73018426,8.900758,0.0,0.07662598,Riesgo desabastecimiento
"MOBILE,SM-S921B,YELLOW,COM",MOBILE,1586.0,75.52381,239.4762,7.0,0.56162274,13.274578,0.0,0.398323,Riesgo desabastecimiento
"MOBILE,SM-S921B/DS,BLACK,LTC",MOBILE,6272.0,16.082052,35.502563,1.0,2.1997929,8.851354,0.07692307692307693,0.26666582,Riesgo desabastecimiento
"MOBILE,SM-S921B/DS,GRAY,LTC",MOBILE,3927.0,12.009174,33.77676,11.0,1.1838279,9.132697,0.08868501529051988,3.9246032,Alta rotacion
"MOBILE,SM-S921B/DS,VIOLET,LTC",MOBILE,3784.0,11.261905,21.318453,1.0,2.322158,7.4292884,0.09821428571428571,0.3803659,Riesgo desabastecimiento
"MOBILE,SM-S921B/DS,YELLOW,LTC",MOBILE,1644.0,5.2190475,22.079365,7.0,0.6875017,11.4781065,0.09206349206349207,5.720207,Normal
"MOBILE,SM-S926B,BLACK,COM",MOBILE,1915.0,91.190475,163.4762,7.0,0.6678282,8.379076,0.0,0.32992277,Riesgo desabastecimiento
"MOBILE,SM-S926B,GRAY,COM",MOBILE,2410.0,114.7619,237.38095,6.0,0.6321305,10.525414,0.0,0.22472909,Riesgo desabastecimiento
"MOBILE,SM-S926B,VIOLET,COM",MOBILE,295.0,14.047619,37.238094,2.0,0.32224107,8.762631,0.0,0.6103352,Riesgo desabastecimiento
"MOBILE,SM-S926B,YELLOW,COM",MOBILE,58.0,2.7619047,10.761905,1.0,0.19912077,5.1170063,0.0,1.533029,Riesgo desabastecimiento
"MOBILE,SM-S926B/DS,BLACK,LTC",MOBILE,2480.0,11.0222225,24.004444,6.0,3.7585475,8.960869,0.1111111111111111,2.3316295,Alta rotacion
"MOBILE,SM-S926B/DS,GRAY,LTC",MOBILE,1279.0,6.269608,18.049019,10.0,1.7179599,7.969165,0.10784313725490197,6.8117647,Alta rotacion
"MOBILE,SM-S926B/DS,VIOLET,LTC",MOBILE,1241.0,5.4429827,13.578947,0.0,2.0277689,6.8243146,0.11842105263157894,0.0,Riesgo desabastecimiento
"MOBILE,SM-S926B/DS,YELLOW,LTC",MOBILE,611.0,2.951691,10.42512,6.0,0.71570915,5.494829,0.09178743961352658,8.615247,Normal
"MOBILE,SM-S928B,BLACK,COM",MOBILE,5113.0,113.62222,215.62222,0.0,8.840862,12.95041,0.044444444444444446,0.0,Riesgo desabastecimiento
"MOBILE,SM-S928B,TITANIUM,COM",MOBILE,2855.0,86.51515,178.24243,2.0,0.723276,8.690701,0.030303030303030304,0.09935517,Riesgo desabastecimiento
"MOBILE,SM-S928B,VIOLET,COM",MOBILE,1953.0,93.0,163.61905,2.0,0.6654072,8.257974,0.0,0.09243038,Riesgo desabastecimiento
"MOBILE,SM-S928B,YELLOW,COM",MOBILE,508.0,15.393939,40.60606,0.0,0.70208937,5.521959,0.06060606060606061,0.0,Riesgo desabastecimiento
"MOBILE,SM-S928B/DS,BLACK,LTC",MOBILE,11549.0,29.386768,45.79898,5.0,6.613916,9.513637,0.10432569974554708,0.73055285,Riesgo desabastecimiento
"MOBILE,SM-S928B/DS,TITANIUM,LTC",MOBILE,7118.0,16.592075,26.634033,5.0,4.28463,7.3460617,0.10023310023310024,1.2924498,Riesgo desabastecimiento
"MOBILE,SM-S928B/DS,VIOLET,LTC",MOBILE,4728.0,13.243697,22.94678,0.0,3.6786544,7.2373004,0.11764705882352941,0.0,Riesgo desabastecimiento
"MOBILE,SM-S928B/DS,YELLOW,LTC",MOBILE,2848.0,8.790123,16.444445,0.0,1.57935,5.928039,0.09876543209876543,0.0,Riesgo desabastecimiento
"MOBILE,SM-S931B,DARK BLUE,COM",MOBILE,1596.0,76.0,168.90475,403.0,0.15902628,6.991761,0.0,22.788424,Normal
"MOBILE,SM-S931B,LIGHT BLUE,COM",MOBILE,659.0,31.380953,107.333336,228.0,0.102166615,9.535026,0.0,31.19913,Normal
"MOBILE,SM-S931B,LIGHT GREEN,COM",MOBILE,255.0,12.142858,28.904762,25.0,0.15526101,7.014268,0.0,8.821702,Normal
"MOBILE,SM-S931B,SILVER,COM",MOBILE,1558.0,74.190475,170.4762,497.0,0.15642142,5.3695774,0.0,28.7889,Normal
"MOBILE,SM-S931B/DS,DARK BLUE,LTC",MOBILE,1854.0,6.3061223,16.343538,12.0,1.5052385,2.577242,0.04421768707482993,8.127109,Alta rotacion
"MOBILE,SM-S931B/DS,LIGHT BLUE,LTC",MOBILE,1394.0,5.106227,13.758242,7.0,1.2199377,3.1105168,0.054945054945054944,5.8455377,Alta rotacion
"MOBILE,SM-S931B/DS,LIGHT GREEN,LTC",MOBILE,1301.0,7.7440476,20.916666,13.0,1.356558,3.3551955,0.07142857142857142,7.1785874,Alta rotacion
"MOBILE,SM-S931B/DS,SILVER,LTC",MOBILE,2320.0,7.3650794,15.892063,26.0,1.4715396,2.6034875,0.04126984126984127,15.091632,Alta rotacion
"MOBILE,SM-S936B,DARK BLUE,COM",MOBILE,56.0,2.6666667,14.238095,4.0,0.14103615,11.833081,0.0,6.3476443,Normal
"MOBILE,SM-S936B,LIGHT BLUE,COM",MOBILE,409.0,19.47619,59.61905,112.0,0.12540886,7.4891424,0.0,24.673155,Normal
"MOBILE,SM-S936B,LIGHT GREEN,COM",MOBILE,148.0,7.047619,31.047619,44.0,0.08540059,10.138399,0.0,26.683144,Normal
"MOBILE,SM-S936B,SILVER,COM",MOBILE,484.0,23.047619,63.0,101.0,0.15575913,11.246505,0.0,18.808504,Normal
"MOBILE,SM-S936B/DS,DARK BLUE,LTC",MOBILE,1214.0,6.4232802,15.825397,22.0,1.8705558,5.273774,0.042328042328042326,14.629742,Alta rotacion
"MOBILE,SM-S936B/DS,LIGHT BLUE,LTC",MOBILE,931.0,4.9259257,13.190476,14.0,1.115829,4.3067026,0.0582010582010582,12.115295,Alta rotacion
"MOBILE,SM-S936B/DS,LIGHT GREEN,LTC",MOBILE,762.0,6.047619,20.420635,82.0,1.0184463,7.44685,0.06349206349206349,57.89231,Alta rotacion
"MOBILE,SM-S936B/DS,SILVER,LTC",MOBILE,1315.0,6.2619047,14.1285715,12.0,1.7076043,4.497183,0.0380952380952381,8.184105,Alta rotacion
"MOBILE,SM-S938B,BLACK,COM",MOBILE,1394.0,66.38095,190.5238,306.0,0.14332154,16.649122,0.0,19.80912,Normal
"MOBILE,SM-S938B,BLUE,COM",MOBILE,1000.0,47.61905,145.80952,229.0,0.12934144,14.746089,0.0,20.660044,Normal
"MOBILE,SM-S938B,SILVER,COM",MOBILE,572.0,27.238094,112.2381,236.0,0.08951249,15.490251,0.0,37.19792,Normal
"MOBILE,SM-S938B,TITANIUM,COM",MOBILE,973.0,46.333332,150.19048,330.0,0.114184685,13.007086,0.0,30.597504,Normal
"MOBILE,SM-S938B/DS,BLACK,LTC",MOBILE,6069.0,17.0,23.109243,0.0,4.691594,3.2513866,0.0392156862745098,0.0,Riesgo desabastecimiento
"MOBILE,SM-S938B/DS,BLUE,LTC",MOBILE,3932.0,11.702381,15.172619,62.0,3.6096249,2.8576427,0.041666666666666664,22.698284,Alta rotacion
"MOBILE,SM-S938B/DS,SILVER,LTC",MOBILE,2889.0,8.598214,14.377976,59.0,2.3402896,3.5046387,0.044642857142857144,29.3593,Alta rotacion
"MOBILE,SM-S938B/DS,TITANIUM,LTC",MOBILE,3585.0,11.380953,16.146032,71.0,3.3348687,3.6443186,0.044444444444444446,26.724552,Alta rotacion
"MON,C24F390FHL,24,COLOMBIA,LW60/S24FL1-L",MON,3.0,0.021276595,0.22695035,0.0,0.0070921984,0.22112115,0.0,0.0,Riesgo desabastecimiento
"MON,C32G55TQWN,32,UNITED STATES,LR00/S32",MON,28.0,0.21212122,0.022727273,0.0,0.08585858,0.009799358,0.022727272727272728,0.0,Riesgo desabastecimiento
"MON,C34G55TWWN,34,UNITED STATES,LR01/S34",MON,1811.0,6.9386973,6.632184,0.0,3.3060424,3.469001,0.12643678160919541,0.0,Riesgo desabastecimiento
"MON,C49HG90DML,49,COLOMBIA,LM71/S49HL0-L",MON,0.0,0.0,1.8787879,2.0,0.0,1.8787879,0.0,200.0,Exceso inventario
"MON,F22T350FHL,22,COLOMBIA,LS00/S22TF0-L",MON,84.0,0.3943662,0.7183099,0.0,0.16172998,0.5678125,0.028169014084507043,0.0,Riesgo desabastecimiento
"MON,F24T452FQN,24,UNITED STATES,LT00/S24",MON,11602.0,37.91503,40.006535,0.0,13.607163,6.2676888,0.17973856209150327,0.0,Riesgo desabastecimiento
"MON,S22C310EAL,22,COLOMBIA,LM20/S22CN0-L",MON,9715.0,57.82738,131.67857,0.0,12.692063,28.577253,0.07738095238095238,0.0,Riesgo desabastecimiento
"MON,S22D300GAN,22,UNITED STATES,LL40/S22",MON,4329.0,24.457626,72.07345,0.0,1.5312632,4.8999233,0.04519774011299435,0.0,Riesgo desabastecimiento
"MON,S22D310EAN,22,UNITED STATES,LV40/S22",MON,4870.0,60.123455,110.950615,21.0,1.2917998,2.137009,0.024691358024691357,1.5008364,Riesgo desabastecimiento
"MON,S22D402GAN,22,UNITED STATES,LM41/S22",MON,423.0,4.0285716,17.885714,99.0,0.1707604,7.0824513,0.01904761904761905,104.55423,Normal
"MON,S24A310NHL,24,COLOMBIA,LA10/S24TA1-L",MON,1031.0,12.273809,25.404762,0.0,3.5116174,13.396154,0.023809523809523808,0.0,Riesgo desabastecimiento
"MON,S24A600NWN,24,UNITED STATES,LE11/S24",MON,13.0,0.18055555,0.0,0.0,0.18055555,0.0,0.05555555555555555,0.0,Riesgo desabastecimiento
"MON,S24A600UCN,24,UNITED STATES,LC11/S24",MON,341.0,3.1574075,11.75,0.0,2.0223927,5.8215003,0.16666666666666666,0.0,Riesgo desabastecimiento
"MON,S24D300GAN,24,UNITED STATES,LL40/S24",MON,9599.0,43.83105,125.11416,0.0,0.96349496,19.294662,0.0273972602739726,0.0,Riesgo desabastecimiento
"MON,S24D402GAN,24,UNITED STATES,LM41/S24",MON,2037.0,13.057693,21.75,70.0,0.8867927,5.393045,0.01282051282051282,22.975885,Normal
"MON,S24DG300EN,24,UNITED STATES,LL30/S24",MON,5710.0,38.843536,91.32653,373.0,3.0306053,15.904745,0.08843537414965986,41.245636,Alta rotacion
"MON,S27A600UUN,27,UNITED STATES,LC10/S27",MON,553.0,3.8402777,15.236111,0.0,2.4612072,8.416162,0.20833333333333334,0.0,Riesgo desabastecimiento
"MON,S27AG552EN,27,UNITED STATES,LJ13/S27",MON,990.0,4.0740743,12.205761,0.0,1.1923996,7.7682676,0.12757201646090535,0.0,Riesgo desabastecimiento
"MON,S27B610EQN,27,UNITED STATES,LS20/S27",MON,2818.0,19.569445,15.847222,0.0,10.127321,1.1669041,0.20833333333333334,0.0,Riesgo desabastecimiento
"MON,S27BG402EN,27,UNITED STATES,LA20/S27",MON,1379.0,7.071795,8.0717945,0.0,3.334682,3.6872458,0.20512820512820512,0.0,Riesgo desabastecimiento
"MON,S27C900PAN,27,UNITED STATES,LW30/S27",MON,25.0,0.3968254,2.0,0.0,0.10515195,1.7306645,0.015873015873015872,0.0,Riesgo desabastecimiento
"MON,S27CG552EN,27,UNITED STATES,LD30/S27",MON,411.0,9.785714,58.02381,172.0,0.30963558,17.467867,0.023809523809523808,75.24892,Normal
"MON,S27D300GAN,27,UNITED STATES,LL40/S27",MON,1623.0,9.169492,33.440678,0.0,1.4566001,5.333787,0.02824858757062147,0.0,Riesgo desabastecimiento
"MON,S27D390GAN,27,UNITED STATES,LW40/S27",MON,653.0,7.7738094,19.630953,49.0,0.44212908,5.0148883,0.023809523809523808,26.954733,Normal
"MON,S27D600UAN,27,UNITED STATES,LK30/S27",MON,231.0,1.4528302,3.9433963,0.0,0.6118303,2.7025685,0.08176100628930817,0.0,Riesgo desabastecimiento
"MON,S27D700EAN,27,UNITED STATES,LM30/S27",MON,780.0,3.880597,12.393035,0.0,0.8316758,5.8925185,0.07462686567164178,0.0,Riesgo desabastecimiento
"MON,S27DG300EN,27,UNITED STATES,LL30/S27",MON,6338.0,35.80791,93.59322,17.0,1.162828,10.24776,0.07909604519774012,2.0389998,Alta rotacion
"MON,S27DG500EN,27,UNITED STATES,LE30/S27",MON,420.0,3.3333333,21.039682,77.0,0.4515599,13.986799,0.031746031746031744,98.06497,Normal
"MON,S27DG600SN,27,UNITED STATES,LH30/S27",MON,359.0,2.6014493,7.1594205,0.0,0.9115469,5.0724225,0.050724637681159424,0.0,Riesgo desabastecimiento
"MON,S27F610EAN,27,UNITED STATES,LQ51/S27",MON,1364.0,10.825397,24.730158,0.0,1.3657162,10.06145,0.015873015873015872,0.0,Riesgo desabastecimiento
"MON,S27FG810SN,27,UNITED STATES,LR50/S27",MON,31.0,0.7380952,1.6190476,6.0,0.052774794,0.7610062,0.0,33.030544,Normal
"MON,S27FG900XN,27,UNITED STATES,LX50/S27",MON,2.0,0.04761905,1.0,3.0,0.005555556,0.91464514,0.0,142.35419,Exceso inventario
"MON,S32A600UUN,32,UNITED STATES,LC10/S32",MON,352.0,2.4444444,1.7777778,0.0,1.595839,0.7481193,0.22916666666666666,0.0,Riesgo desabastecimiento
"MON,S32A700NWN,32,UNITED STATES,LE10/S32",MON,39.0,1.0833334,4.9722223,0.0,0.2737746,3.617483,0.05555555555555555,0.0,Riesgo desabastecimiento
"MON,S32AG320NN,32,UNITED STATES,LR10/S32",MON,1558.0,12.077519,35.64341,4.0,1.1873382,11.930419,0.13178294573643412,1.4190811,Riesgo desabastecimiento
"MON,S32AG550EN,32,UNITED STATES,LJ14/S32",MON,910.0,4.892473,6.0107527,0.0,2.0369678,2.7080338,0.11290322580645161,0.0,Riesgo desabastecimiento
"MON,S32B300NWN,32,UNITED STATES,LV20/S32",MON,518.0,3.139394,9.127273,0.0,1.2104393,6.2511916,0.05454545454545454,0.0,Riesgo desabastecimiento
"MON,S32CG512EN,32,UNITED STATES,LH20/S32",MON,389.0,2.4465408,8.207547,0.0,0.5580271,4.2436495,0.08176100628930817,0.0,Riesgo desabastecimiento
"MON,S32CG550EN,32,UNITED STATES,LD30/S32",MON,451.0,4.5555553,12.545455,0.0,0.9467594,5.6791883,0.0707070707070707,0.0,Riesgo desabastecimiento
"MON,S32CM801UN,32,UNITED STATES,LP20/S32",MON,429.0,2.6981132,3.0754716,0.0,0.41354284,0.885101,0.1069182389937107,0.0,Riesgo desabastecimiento
"MON,S32D390GAN,32,UNITED STATES,LW40/S32",MON,844.0,6.251852,12.651852,0.0,0.17549261,2.6794705,0.007407407407407408,0.0,Riesgo desabastecimiento
"MON,S32D600UAN,32,UNITED STATES,LK30/S32",MON,219.0,1.3773584,6.943396,0.0,0.435553,5.224726,0.06918238993710692,0.0,Riesgo desabastecimiento
"MON,S32D700EAN,32,UNITED STATES,LM30/S32",MON,313.0,2.6752136,3.2649572,0.0,0.8265663,0.94191366,0.08547008547008547,0.0,Riesgo desabastecimiento
"MON,S32DG300EN,32,UNITED STATES,LL30/S32",MON,1075.0,8.531746,29.682539,0.0,0.81156415,6.93668,0.09523809523809523,0.0,Riesgo desabastecimiento
"MON,S32DG500EN,32,UNITED STATES,LE30/S32",MON,351.0,3.3428571,5.904762,14.0,0.7522587,2.2323806,0.05714285714285714,17.779842,Normal
"MON,S32DG800SN,32,UNITED STATES,LG30/S32",MON,184.0,5.5757575,6.6363635,0.0,0.87222844,2.50043,0.06060606060606061,0.0,Riesgo desabastecimiento
"MON,S32DM500EN,32,UNITED STATES,LY20/S32",MON,1414.0,13.092592,43.324074,189.0,0.44296944,11.685766,0.10185185185185185,61.87007,Normal
"MON,S32DM801UN,32,UNITED STATES,LP20/S32",MON,1162.0,4.9658117,12.41453,0.0,0.62934047,5.2310095,0.07692307692307693,0.0,Riesgo desabastecimiento
"MON,S32FG810SN,32,UNITED STATES,LR51/S32",MON,24.0,0.5714286,0.7619048,3.0,0.06997355,0.40358597,0.0,20.995117,Normal
"MON,S32FM700UN,32,UNITED STATES,LE51/S32",MON,4.0,0.1904762,1.6666666,16.0,0.010784314,1.1828454,0.0,294.67676,Exceso inventario
"MON,S32FM801UN,32,UNITED STATES,LD51/S32",MON,45.0,1.0714285,6.0238094,173.0,0.033103645,1.5469415,0.0,667.5171,Normal
"MON,S34A650UBN,34,UNITED STATES,LG20/S34",MON,63.0,1.05,0.016666668,0.0,1.025,0.009817352,0.21666666666666667,0.0,Riesgo desabastecimiento
"MON,S34A650UXN,34,UNITED STATES,LC10/S34",MON,109.0,0.82575756,0.719697,0.0,0.4310194,0.28864387,0.045454545454545456,0.0,Riesgo desabastecimiento
"MON,S34C654UAN,34,UNITED STATES,LR21/S34",MON,399.0,2.1111112,1.3650794,0.0,1.6073995,0.94320434,0.19576719576719576,0.0,Riesgo desabastecimiento
"MON,S43BM702UN,43,UNITED STATES,LU21/S43",MON,107.0,2.2291667,1.4166666,0.0,1.3796319,0.5946497,0.3125,0.0,Riesgo desabastecimiento
"MON,S43CG702NN,43,UNITED STATES,LJ20/S43",MON,95.0,1.6666666,1.9298246,0.0,0.86169595,0.9418488,0.21052631578947367,0.0,Riesgo desabastecimiento
"MON,S43FM700UN,43,UNITED STATES,LE52/S43",MON,1.0,0.04761905,0.42857143,4.0,0.00952381,0.39263254,0.0,189.80557,Exceso inventario
"MON,S49CG930SN,49,UNITED STATES,LX30/S49",MON,310.0,1.8452381,2.9404762,0.0,0.78799295,1.8503816,0.13095238095238096,0.0,Riesgo desabastecimiento
"MON,S49CG950EN,49,UNITED STATES,LB30/S49",MON,176.0,1.2753624,2.557971,0.0,0.6660232,1.9482613,0.08695652173913043,0.0,Riesgo desabastecimiento
"MON,S49DG91DSN,49,UNITED STATES,LP41/S49",MON,70.0,3.3333333,0.71428573,0.0,3.3333333,0.71428573,0.14285714285714285,0.0,Riesgo desabastecimiento
"MON,S49FG910EN,49,UNITED STATES,LS50/S49",MON,69.0,1.0952381,4.0,9.0,0.2577543,2.5966406,0.015873015873015872,33.999916,Normal
"MON,S55BG970NN,55,UNITED STATES,LB20/S55",MON,24.0,0.17391305,1.3115942,0.0,0.1273637,1.2719443,0.07246376811594203,0.0,Riesgo desabastecimiento
"MON,U28R550UQN,28,UNITED STATES,LF90/S28",MON,640.0,2.9223745,7.191781,0.0,1.2187188,4.0033407,0.0867579908675799,0.0,Riesgo desabastecimiento
"MON,U32J590UQL,32,COLOMBIA,LJ80/S32JL0-L",MON,0.0,0.0,0.0,0.0,0.0,0.0,0.0,0.0,Normal
"MON,U32J590UQN,32,UNITED STATES,LJ80/S32",MON,112.0,1.4358975,3.628205,0.0,0.2608364,2.8532872,0.05128205128205128,0.0,Riesgo desabastecimiento
"MWO(COMMON),0.8,1200WATTS,EBONY BLACK,TC",MWO(COMMON),0.0,0.0,0.0,0.0,0.0,0.0,0.0,0.0,Normal
"MWO(COMMON),0.8,120V 60HZ,BLACK CAVIAR,T",MWO(COMMON),10387.0,14.733334,32.767376,0.0,1.1352216,5.4625807,0.07943262411347518,0.0,Riesgo desabastecimiento
"MWO(COMMON),0.8,120V 60HZ,EBONY BLACK,TA",MWO(COMMON),11882.0,23.575397,54.305557,0.0,1.6568763,8.232855,0.02976190476190476,0.0,Riesgo desabastecimiento
"MWO(COMMON),0.8,120V 60HZ,REAL STAINLESS",MWO(COMMON),13636.0,25.67985,81.39548,0.0,0.3550078,12.074446,0.015065913370998116,0.0,Riesgo desabastecimiento
"MWO(COMMON),0.8,120V,ALL BLACK,TC",MWO(COMMON),20571.0,25.396296,55.07654,0.0,1.8695393,6.397957,0.06790123456790123,0.0,Riesgo desabastecimiento
"MWO(COMMON),0.8,120V,EBONY BLACK,TC",MWO(COMMON),0.0,0.0,0.25925925,0.0,0.0,0.25925925,0.0,0.0,Normal
"MWO(COMMON),0.8,120V,WHT,TC",MWO(COMMON),9144.0,13.981651,43.896023,0.0,1.003508,8.227084,0.07339449541284404,0.0,Riesgo desabastecimiento
"MWO(COMMON),0.8,120V-60HZ,CRYSTAL-WHITE",MWO(COMMON),0.0,0.0,-1.0,-1.0,0.0,-1.0,0.0,0.0,Normal
"MWO(COMMON),1.0,1500WATTS,PURE-WHT,TC",MWO(COMMON),0.0,0.0,0.8787879,0.0,0.0,0.8787879,0.0,0.0,Normal
"MWO(COMMON),1.1,120V 60HZ,BLACK CAVIAR,T",MWO(COMMON),14695.0,15.90368,46.243507,0.0,1.0600419,8.225274,0.06168831168831169,0.0,Riesgo desabastecimiento
"MWO(COMMON),1.1,120V 60HZ,CLEAN PINK,TOU",MWO(COMMON),582.0,2.282353,12.87451,0.0,0.2602718,6.9328094,0.07058823529411765,0.0,Riesgo desabastecimiento
"MWO(COMMON),1.1,120V 60HZ,CLEAN WHITE,TO",MWO(COMMON),1327.0,2.8910675,10.960784,0.0,0.36080104,5.3987074,0.05664488017429194,0.0,Riesgo desabastecimiento
"MWO(COMMON),1.1,120V 60HZ,REAL STAINLESS",MWO(COMMON),6256.0,21.722221,62.07639,0.0,0.37816226,8.44486,0.020833333333333332,0.0,Riesgo desabastecimiento
"MWO(COMMON),1.1,120V,NEO STSS SILVER(SP",MWO(COMMON),0.0,0.0,0.0,0.0,0.0,0.0,0.0,0.0,Normal
"MWO(COMMON),1.1,MIRROR BLACK(PAT),TC",MWO(COMMON),7.0,0.19444445,2.3888888,0.0,0.03423077,1.8897455,0.027777777777777776,0.0,Riesgo desabastecimiento
"MWO(COMMON),1.3,120V,EBONY BLACK,TC",MWO(COMMON),14341.0,18.107323,43.121212,0.0,1.3939056,7.902683,0.06818181818181818,0.0,Riesgo desabastecimiento
"MWO(COMMON),1.3,1550WATTS,GE-WHT,TC",MWO(COMMON),0.0,0.0,0.0,0.0,0.0,0.0,0.0,0.0,Normal
"MWO(COMMON),1.4,120V 60HZ,REAL STAINLESS",MWO(COMMON),9564.0,22.13889,58.57639,0.0,0.45034826,11.682739,0.013888888888888888,0.0,Riesgo desabastecimiento
"OLE MON,S27DG612SN,27,UNITED STATES,LN40",OLE MON,45.0,2.142857,4.714286,22.0,0.11789534,1.8546566,0.0,43.27822,Normal
"OLED SCREEN,QN42S90FAE,42,COLOMBIA,DWE51",OLED SCREEN,13.0,0.61904764,7.6666665,67.0,0.01350848,3.8677804,0.0,435.16507,Normal
"OLED SCREEN,QN48S90DAE,48,COLOMBIA,DWW42",OLED SCREEN,406.0,12.30303,17.0,0.0,2.1428244,2.8382735,0.09090909090909091,0.0,Riesgo desabastecimiento
"OLED SCREEN,QN48S90FAE,48,COLOMBIA,DWE51",OLED SCREEN,129.0,1.5357143,4.1904764,64.0,0.12087397,1.2167273,0.011904761904761904,174.31908,Normal
"OLED SCREEN,QN55S85FAK,55,COLOMBIA,DWW50",OLED SCREEN,80.0,0.5925926,4.9703703,5.0,0.040133566,2.66248,0.014814814814814815,33.8267,Normal
"OLED SCREEN,QN55S90DAK,55,COLOMBIA,DWW40",OLED SCREEN,1470.0,5.1578946,19.642105,0.0,0.6817892,8.461169,0.04912280701754386,0.0,Riesgo desabastecimiento
"OLED SCREEN,QN55S95FAK,55,COLOMBIA,DWE50",OLED SCREEN,17.0,0.8095238,2.1904762,6.0,0.07553098,1.2221676,0.0,30.263084,Normal
"OLED SCREEN,QN65S85FAK,65,COLOMBIA,DWW50",OLED SCREEN,62.0,0.54385966,5.8070173,59.0,0.036424574,3.7980485,0.008771929824561403,432.30096,Normal
"OLED SCREEN,QN65S90DAE,65,COLOMBIA,DWW42",OLED SCREEN,821.0,3.5541127,11.549784,0.0,0.7184157,5.353002,0.08225108225108226,0.0,Riesgo desabastecimiento
"OLED SCREEN,QN65S90FAK,65,COLOMBIA,DWE51",OLED SCREEN,0.0,0.0,0.11111111,1.0,0.0,0.11111111,0.0,100.0,Exceso inventario
"OLED SCREEN,QN65S95FAK,65,COLOMBIA,DWE50",OLED SCREEN,21.0,0.5,0.7619048,9.0,0.13506493,0.4881614,0.023809523809523808,71.27071,Normal
"OLED SCREEN,QN77S85FAE,77,COLOMBIA,DWW50",OLED SCREEN,40.0,0.47619048,3.702381,42.0,0.04174941,2.6811824,0.0,347.84924,Normal
"OLED SCREEN,QN77S90DAE,77,COLOMBIA,DWW42",OLED SCREEN,353.0,2.1011906,8.595238,40.0,0.27216402,4.694265,0.041666666666666664,80.21676,Normal
"OLED SCREEN,QN77S90FAK,77,COLOMBIA,DWE51",OLED SCREEN,2.0,0.0952381,2.2380953,28.0,0.0040229885,1.8158132,0.0,870.9612,Exceso inventario
"OLED SCREEN,QN77S95FAK,77,COLOMBIA,DWE50",OLED SCREEN,7.0,0.16666667,0.42857143,0.0,0.06764928,0.31376663,0.047619047619047616,0.0,Riesgo desabastecimiento
"OLED SCREEN,QN83S90FAE,83,COLOMBIA,DWE51",OLED SCREEN,7.0,0.33333334,2.2380953,14.0,0.021355473,1.5831764,0.0,159.96457,Normal
"OVEN(SPEED COMPACT),15,1550WATTS,STN,TB",OVEN(SPEED COMPACT),0.0,0.0,0.25,0.0,0.0,0.25,0.0,0.0,Normal
"OWM,SAMCOL,CO",OWM,0.0,0.0,0.125,0.0,0.0,0.125,0.0,0.0,Normal
"OWM,SAMCOL,CO,13",OWM,6744.0,29.194805,30.207792,20.0,0.47371143,2.983464,0.004329004329004329,2.9413972,Normal
"OWM,SAMCOL,CO,15",OWM,4276.0,16.968254,15.595238,317.0,4.6979213,2.554374,0.023809523809523808,80.12931,Alta rotacion
"OWM,SAMCOL,CO,17",OWM,4610.0,10.525114,13.575342,0.0,1.2808608,2.0143626,0.0319634703196347,0.0,Riesgo desabastecimiento
"OWM,SAMCOL,CO,19",OWM,11129.0,23.62845,26.751593,0.0,2.7655442,3.2227664,0.02335456475583864,0.0,Riesgo desabastecimiento
"OWM,SAMCOL,CO,21",OWM,3632.0,19.21693,30.915344,13.0,0.834426,4.213972,0.010582010582010581,2.9023988,Normal
"OWM,SAMCOL,CO,9",OWM,17.0,0.3148148,0.6851852,0.0,0.1537037,0.32177666,0.018518518518518517,0.0,Riesgo desabastecimiento
"OWM,SELACOL,CO",OWM,0.0,0.0,-0.5,0.0,0.0,-0.5,0.0,0.0,Normal
"OWM,SELACOL,CO,13",OWM,75074.0,50.35144,76.63715,131.0,1.8248249,8.550398,0.05298457411133468,11.177821,Alta rotacion
"OWM,SELACOL,CO,15",OWM,64112.0,42.99933,69.57143,37.0,2.2266026,8.0883,0.06237424547283702,3.6963613,Alta rotacion
"OWM,SELACOL,CO,16",OWM,5.0,0.026455026,0.47089946,1.0,0.014285714,0.4647319,0.005291005291005291,61.91057,Exceso inventario
"OWM,SELACOL,CO,17",OWM,54614.0,35.625572,68.5923,0.0,2.1060803,7.9869914,0.06262230919765166,0.0,Riesgo desabastecimiento
"OWM,SELACOL,CO,18",OWM,26937.0,39.730087,47.72714,6.0,2.54896,5.2531924,0.06932153392330384,0.64867985,Riesgo desabastecimiento
"OWM,SELACOL,CO,19",OWM,132365.0,88.775986,103.0664,0.0,2.1450553,6.157565,0.05767940979208585,0.0,Riesgo desabastecimiento
"OWM,SELACOL,CO,20",OWM,3568.0,30.495726,21.948717,0.0,2.6490018,1.0053214,0.19658119658119658,0.0,Riesgo desabastecimiento
"OWM,SELACOL,CO,21",OWM,5559.0,8.162995,18.56975,0.0,0.48442912,5.212453,0.05873715124816446,0.0,Riesgo desabastecimiento
"OWM,SELACOL,CO,22",OWM,9410.0,13.75731,20.1769,0.0,1.2459832,4.361007,0.10380116959064327,0.0,Riesgo desabastecimiento
"OWM,SELACOL,CO,23",OWM,7420.0,10.943953,15.017699,0.0,0.70502347,3.8874435,0.03687315634218289,0.0,Riesgo desabastecimiento
"OWM,SELACOL,CO,9",OWM,13747.0,18.780054,43.075138,0.0,1.9921925,8.543068,0.07377049180327869,0.0,Riesgo desabastecimiento
"OWM,SELCOL,CO",OWM,1.0,0.041666668,0.33333334,0.0,0.041666668,0.33333334,0.041666666666666664,0.0,Riesgo desabastecimiento
"OWM,SEM,MX,24",OWM,0.0,0.0,0.0,0.0,0.0,0.0,0.0,0.0,Normal
"PMA,2.5,KW,SETIN,HP,R410A",PMA,116.0,0.5296804,1.4520547,0.0,0.15531042,1.0000856,0.0091324200913242,0.0,Riesgo desabastecimiento
"PMA,2.6,KW,SETIN,HP,R410A",PMA,14.0,0.083333336,0.3809524,0.0,0.043169793,0.33336976,0.017857142857142856,0.0,Riesgo desabastecimiento
"PMA,3.5,KW,SETIN,HP,R410A",PMA,212.0,0.9177489,1.5541126,0.0,0.17290936,0.98771286,0.004329004329004329,0.0,Riesgo desabastecimiento
"PMA,5.0,KW,SETIN,HP,R410A",PMA,37.0,0.20903955,0.9830508,0.0,0.095025115,0.90625924,0.01694915254237288,0.0,Riesgo desabastecimiento
"PMA,5.2,KW,R22",PMA,1.0,0.041666668,1.4583334,0.0,0.0069444445,1.4190251,0.0,0.0,Riesgo desabastecimiento
"PMA,5.2,KW,SETIN,HP,R410A",PMA,15.0,0.083333336,0.12777779,0.0,0.06712963,0.11476657,0.03888888888888889,0.0,Riesgo desabastecimiento
"PMA,6.5,KW,SETIN,HP,R410A",PMA,19.0,0.13194445,0.6388889,0.0,0.09282407,0.6121427,0.027777777777777776,0.0,Riesgo desabastecimiento
"PROJECTOR,SP-LFF3CLAX,COLOMBIA,RWS10/R00",PROJECTOR,7062.0,13.847059,65.65098,0.0,0.65478873,16.558962,0.060784313725490195,0.0,Riesgo desabastecimiento
"PROJECTOR,SP-LSP3BLA,COLOMBIA,RWS10/R00B",PROJECTOR,4741.0,5.7258453,18.407005,0.0,0.8209491,5.8288393,0.04830917874396135,0.0,Riesgo desabastecimiento
"PROJECTOR,SP-LSP7TKA,COLOMBIA,RWC00/R00T",PROJECTOR,62.0,0.29107982,0.46478873,0.0,0.10893137,0.34572488,0.056338028169014086,0.0,Riesgo desabastecimiento
"PROJECTOR,SP-LSP9TKA,COLOMBIA,RWC00/R00T",PROJECTOR,5.0,0.046296295,0.4074074,0.0,0.03935185,0.40216634,0.018518518518518517,0.0,Riesgo desabastecimiento
"QD DISPLAY SCREEN,QN55S90CAK,55,COLOMBIA",QD DISPLAY SCREEN,1076.0,3.7361112,12.951389,0.0,0.78689665,6.5506344,0.0763888888888889,0.0,Riesgo desabastecimiento
"QD DISPLAY SCREEN,QN55S95BAK,55,COLOMBIA",QD DISPLAY SCREEN,374.0,1.8067633,6.6618357,0.0,0.44420236,3.6441996,0.04830917874396135,0.0,Riesgo desabastecimiento
"QD DISPLAY SCREEN,QN65S90CAK,65,COLOMBIA",QD DISPLAY SCREEN,579.0,2.3253012,6.4216866,0.0,0.27190882,2.986185,0.040160642570281124,0.0,Riesgo desabastecimiento
"QD DISPLAY SCREEN,QN65S95BAK,65,COLOMBIA",QD DISPLAY SCREEN,572.0,2.685446,6.4366198,0.0,0.63914776,3.102865,0.07981220657276995,0.0,Riesgo desabastecimiento
"QD DISPLAY SCREEN,QN77S90CAK,77,COLOMBIA",QD DISPLAY SCREEN,202.0,1.3202615,4.3986926,0.0,0.2363622,2.343466,0.05228758169934641,0.0,Riesgo desabastecimiento
"QLED TV,QN100QN80FK,100,COLOMBIA,QWW52/Q",QLED TV,6.0,0.2857143,0.0952381,0.0,0.25396827,0.077268645,0.09523809523809523,0.0,Riesgo desabastecimiento
"QLED TV,QN32LS03BBK,32,COLOMBIA,QWS20/Q3",QLED TV,451.0,2.9477124,9.411765,0.0,0.26099804,3.7107148,0.0457516339869281,0.0,Riesgo desabastecimiento
"QLED TV,QN32LS03CBK,32,COLOMBIA,QWS30/Q3",QLED TV,20.0,0.5555556,1.6111112,0.0,0.25046295,1.2982798,0.08333333333333333,0.0,Riesgo desabastecimiento
"QLED TV,QN32LS03TBK,32,COLOMBIA,QWL00/Q3",QLED TV,43.0,0.39814815,0.37037036,0.0,0.11291152,0.14512923,0.018518518518518517,0.0,Riesgo desabastecimiento
"QLED TV,QN43LS03DAK,43,COLOMBIA,QWW44/Q4",QLED TV,731.0,13.537037,31.092592,8.0,1.2148912,3.5482838,0.09259259259259259,2.5331302,Alta rotacion
"QLED TV,QN43LS05BAK,43,COLOMBIA,QWW24/Q4",QLED TV,120.0,0.90909094,1.8257576,0.0,0.40527406,1.3385009,0.11363636363636363,0.0,Riesgo desabastecimiento
"QLED TV,QN43LS05BBK,43,COLOMBIA,QWW24/Q4",QLED TV,13.0,1.0833334,0.0,0.0,1.0833334,0.0,0.08333333333333333,0.0,Riesgo desabastecimiento
"QLED TV,QN43LS05TAK,43,COLOMBIA,QWH01/Q4",QLED TV,48.0,0.18604651,1.2713178,0.0,0.093613684,1.1844183,0.031007751937984496,0.0,Riesgo desabastecimiento
"QLED TV,QN43Q65BAK,43,COLOMBIA,QWK20/Q43",QLED TV,13798.0,16.367735,39.776985,0.0,1.4574825,7.1334176,0.05931198102016608,0.0,Riesgo desabastecimiento
"QLED TV,QN43Q65CAK,43,COLOMBIA,QWK30/Q43",QLED TV,1228.0,10.77193,39.0,0.0,0.6697039,5.602293,0.08771929824561403,0.0,Riesgo desabastecimiento
"QLED TV,QN43QN90BAK,43,COLOMBIA,QWW21/Q4",QLED TV,716.0,6.8190475,8.742857,0.0,1.8532203,2.9421878,0.10476190476190476,0.0,Riesgo desabastecimiento
"QLED TV,QN43QN90CAK,43,COLOMBIA,QWW31/Q4",QLED TV,424.0,4.4166665,7.7604165,0.0,0.9093068,1.9735165,0.17708333333333334,0.0,Riesgo desabastecimiento
"QLED TV,QN50LS03AAK,50,COLOMBIA,QWR10/Q5",QLED TV,71.0,0.20760234,1.6608187,0.0,0.06399632,1.4204916,0.017543859649122806,0.0,Riesgo desabastecimiento
"QLED TV,QN50LS03BAK,50,COLOMBIA,QWW23/Q5",QLED TV,714.0,3.6060605,5.7474747,0.0,1.2557677,2.111167,0.08585858585858586,0.0,Riesgo desabastecimiento
"QLED TV,QN50LS03FAK,50,COLOMBIA,QWW53/Q5",QLED TV,100.0,4.7619047,11.142858,52.0,0.10089065,2.6454291,0.0,46.535786,Normal
"QLED TV,QN50Q60AAK,50,COLOMBIA,QWK10/Q50",QLED TV,101.0,0.19803922,2.3019607,0.0,0.062300272,2.1123533,0.027450980392156862,0.0,Riesgo desabastecimiento
"QLED TV,QN50Q60BAK,50,COLOMBIA,QWK20/Q50",QLED TV,6129.0,7.709434,20.535849,0.0,0.90291363,5.5974073,0.0440251572327044,0.0,Riesgo desabastecimiento
"QLED TV,QN50Q60CAK,50,COLOMBIA,QWK30/Q50",QLED TV,15697.0,19.166056,58.213676,0.0,1.3431885,8.505344,0.052503052503052504,0.0,Riesgo desabastecimiento
"QLED TV,QN50Q60DAK,50,COLOMBIA,QWK30/Q50",QLED TV,20753.0,29.43688,78.01986,16.0,0.8574781,9.192538,0.03687943262411347,2.333795,Normal
"QLED TV,QN50Q60TAK,50,COLOMBIA,QWK00/Q50",QLED TV,0.0,0.0,0.81578946,0.0,-0.012325954,0.7900429,0.0,0.0,Normal
"QLED TV,QN50Q65BAK,50,COLOMBIA,QWK20/Q50",QLED TV,5646.0,30.35484,42.18817,0.0,1.3702216,3.1478906,0.0913978494623656,0.0,Riesgo desabastecimiento
"QLED TV,QN50Q65CAK,50,COLOMBIA,QWK30/Q50",QLED TV,284.0,4.115942,24.15942,0.0,0.81940985,7.1737404,0.10144927536231885,0.0,Riesgo desabastecimiento
"QLED TV,QN50Q7FAAK,50,COLOMBIA,QWD51/Q50",QLED TV,2438.0,8.6453905,38.16312,0.0,0.20179486,3.8882117,0.0070921985815602835,0.0,Riesgo desabastecimiento
"QLED TV,QN50Q80BAK,50,COLOMBIA,QWW20/Q50",QLED TV,908.0,3.289855,9.42029,4.0,0.46884945,4.4192777,0.03260869565217391,5.160741,Normal
"QLED TV,QN50QEF1AK,50,COLOMBIA,QWD51/Q50",QLED TV,512.0,24.380953,28.761906,1.0,4.003541,1.036101,0.0,0.17605668,Riesgo desabastecimiento
"QLED TV,QN50QN80FAK,50,COLOMBIA,QWW51/Q5",QLED TV,10.0,0.47619048,1.0952381,0.0,0.22619048,1.0067426,0.047619047619047616,0.0,Riesgo desabastecimiento
"QLED TV,QN50QN90AAK,50,COLOMBIA,QWR10/Q5",QLED TV,363.0,4.321429,11.857142,0.0,0.5265392,3.3933134,0.07142857142857142,0.0,Riesgo desabastecimiento
"QLED TV,QN50QN90BAK,50,COLOMBIA,QWW20/Q5",QLED TV,1366.0,4.1021023,7.5165167,0.0,0.62573713,3.4848783,0.05105105105105105,0.0,Riesgo desabastecimiento
"QLED TV,QN50QN90CAK,50,COLOMBIA,QWW30/Q5",QLED TV,1646.0,4.6106443,13.753501,0.0,1.4683963,6.7654915,0.07563025210084033,0.0,Riesgo desabastecimiento
"QLED TV,QN50QN90DAK,50,COLOMBIA,QWW40/Q5",QLED TV,1637.0,6.7366257,22.053497,0.0,0.76702064,8.303603,0.024691358024691357,0.0,Riesgo desabastecimiento
"QLED TV,QN55LS01BAK,55,COLOMBIA,QWW20/Q5",QLED TV,333.0,3.46875,7.0,0.0,0.80269176,4.2012253,0.09375,0.0,Riesgo desabastecimiento
"QLED TV,QN55LS03AAK,55,COLOMBIA,QWR10/Q5",QLED TV,171.0,0.42857143,2.0802004,0.0,0.12881394,1.7093847,0.02506265664160401,0.0,Riesgo desabastecimiento
"QLED TV,QN55LS03BAK,55,COLOMBIA,QWW23/Q5",QLED TV,3199.0,6.791932,21.866241,0.0,0.67420894,7.188598,0.08067940552016985,0.0,Riesgo desabastecimiento
"QLED TV,QN55LS03DAK,55,COLOMBIA,QWW44/Q5",QLED TV,3562.0,9.349081,38.375328,0.0,0.42411184,9.957224,0.03937007874015748,0.0,Riesgo desabastecimiento
"QLED TV,QN55LS03FAK,55,COLOMBIA,QWW53/Q5",QLED TV,153.0,1.0625,7.6041665,0.0,0.2624135,3.3563783,0.006944444444444444,0.0,Riesgo desabastecimiento
"QLED TV,QN55LS03RAK,55,COLOMBIA,QWD90/Q5",QLED TV,0.0,0.0,0.0,0.0,0.0,0.0,0.0,0.0,Normal
"QLED TV,QN55LS03TAK,55,COLOMBIA,QWD90/Q5",QLED TV,14.0,0.07909604,0.94350284,0.0,0.049435027,0.9348382,0.022598870056497175,0.0,Riesgo desabastecimiento
"QLED TV,QN55Q60AAK,55,COLOMBIA,QWK10/Q55",QLED TV,62.0,0.16533333,1.9413333,0.0,0.06475946,1.8471235,0.018666666666666668,0.0,Riesgo desabastecimiento
"QLED TV,QN55Q60BAK,55,COLOMBIA,QWK20/Q55",QLED TV,3331.0,4.912979,9.936578,0.0,1.213284,3.8282306,0.06047197640117994,0.0,Riesgo desabastecimiento
"QLED TV,QN55Q60CAK,55,COLOMBIA,QWK30/Q55",QLED TV,24587.0,35.633335,93.44638,0.0,1.3150142,6.3379173,0.05507246376811594,0.0,Riesgo desabastecimiento
"QLED TV,QN55Q60DAK,55,COLOMBIA,QWK30/Q55",QLED TV,36708.0,55.618183,80.066666,0.0,1.1021256,5.045491,0.05,0.0,Riesgo desabastecimiento
"QLED TV,QN55Q60RAK,55,COLOMBIA,QWD91/Q55",QLED TV,3.0,0.035714287,0.22619048,0.0,0.029761905,0.2239443,0.011904761904761904,0.0,Riesgo desabastecimiento
"QLED TV,QN55Q60TAK,55,COLOMBIA,QWK00/Q55",QLED TV,22.0,0.10784314,0.8235294,0.0,0.039379086,0.77298963,0.014705882352941176,0.0,Riesgo desabastecimiento
"QLED TV,QN55Q65BAK,55,COLOMBIA,QWK20/Q55",QLED TV,10958.0,44.544716,85.37805,0.0,1.4836622,6.0574803,0.07317073170731707,0.0,Riesgo desabastecimiento
"QLED TV,QN55Q65CAK,55,COLOMBIA,QWK30/Q55",QLED TV,394.0,4.236559,13.44086,0.0,1.3693818,6.014513,0.10752688172043011,0.0,Riesgo desabastecimiento
"QLED TV,QN55Q6FNAK,55,COLOMBIA,QWY80/Q55",QLED TV,2.0,0.044444446,1.3333334,1.0,0.018518519,1.3207548,0.0,49.17408,Exceso inventario
"QLED TV,QN55Q70AAK,55,COLOMBIA,QWR10/Q55",QLED TV,0.0,0.0,0.0,0.0,0.0,0.0,0.0,0.0,Normal
"QLED TV,QN55Q70DAK,55,COLOMBIA,QWR40/Q55",QLED TV,1141.0,34.575756,13.515152,0.0,7.1954255,1.1664304,0.09090909090909091,0.0,Riesgo desabastecimiento
"QLED TV,QN55Q70RAK,55,COLOMBIA,QWD91/Q55",QLED TV,1.0,0.041666668,0.0,0.0,0.041666668,0.0,0.041666666666666664,0.0,Riesgo desabastecimiento
"QLED TV,QN55Q70TAK,55,COLOMBIA,QWH00/Q55",QLED TV,3.0,0.041666668,0.25,0.0,0.02314815,0.24118167,0.013888888888888888,0.0,Riesgo desabastecimiento
"QLED TV,QN55Q7FAAK,55,COLOMBIA,QWD51/Q55",QLED TV,7287.0,16.52381,49.49206,0.0,0.17234084,5.4443736,0.015873015873015872,0.0,Riesgo desabastecimiento
"QLED TV,QN55Q7FAMK,55,COLOMBIA,QWU70/Q55",QLED TV,0.0,0.0,0.29166666,0.0,0.0,0.29166666,0.0,0.0,Normal
"QLED TV,QN55Q80AAK,55,COLOMBIA,QWR10/Q55",QLED TV,151.0,0.54121864,1.2759857,0.0,0.19221687,0.953652,0.035842293906810034,0.0,Riesgo desabastecimiento
"QLED TV,QN55Q80BAK,55,COLOMBIA,QWW20/Q55",QLED TV,446.0,1.415873,4.974603,0.0,0.15277238,2.675609,0.047619047619047616,0.0,Riesgo desabastecimiento
"QLED TV,QN55Q80CAK,55,COLOMBIA,QWW30/Q55",QLED TV,389.0,4.0520835,5.8125,0.0,1.7231413,1.8401275,0.1875,0.0,Riesgo desabastecimiento
"QLED TV,QN55Q80DAK,55,COLOMBIA,QWW40/Q55",QLED TV,1393.0,22.11111,24.857143,3.0,1.7990886,2.3093204,0.07936507936507936,0.58228475,Riesgo desabastecimiento
"QLED TV,QN55Q80TAK,55,COLOMBIA,QWH00/Q55",QLED TV,0.0,0.0,0.083333336,0.0,0.0,0.083333336,0.0,0.0,Normal
"QLED TV,QN55Q8CNAK,55,COLOMBIA,QWA80/Q55",QLED TV,-1.0,-0.014492754,0.5072464,0.0,-0.014492754,0.5072464,0.0,0.0,Normal
"QLED TV,QN55Q8FAAK,55,COLOMBIA,QWD50/Q55",QLED TV,710.0,6.7619047,27.857143,365.0,0.18590991,7.327989,0.01904761904761905,230.64249,Normal
"QLED TV,QN55Q900RBK,55,COLOMBIA,QWD92/Q5",QLED TV,1.0,0.041666668,0.45833334,1.0,0.013888889,0.44261006,0.0,50.787403,Exceso inventario
"QLED TV,QN55Q90TDK,55,COLOMBIA,QWH00/Q55",QLED TV,3.0,0.05263158,0.61403507,0.0,0.021929825,0.5985351,0.0,0.0,Riesgo desabastecimiento
"QLED TV,QN55QEF1AK,55,COLOMBIA,QWD51/Q55",QLED TV,281.0,13.380953,30.714285,164.0,0.06638245,2.740497,0.0,52.532967,Normal
"QLED TV,QN55QN1EFAK,55,COLOMBIA,QWW50/Q5",QLED TV,126.0,6.0,3.4761906,23.0,2.734127,0.6679111,0.047619047619047616,16.366045,Alta rotacion
"QLED TV,QN55QN700BK,55,COLOMBIA,QWU20/Q5",QLED TV,528.0,2.5142858,9.071428,7.0,1.2285547,5.5148525,0.09047619047619047,11.770292,Alta rotacion
"QLED TV,QN55QN70FAK,55,COLOMBIA,QWW50/Q5",QLED TV,324.0,2.2040815,6.37415,17.0,0.187816,1.6138862,0.006802721088435374,32.53109,Normal
"QLED TV,QN55QN80FAK,55,COLOMBIA,QWW51/Q5",QLED TV,8.0,0.3809524,0.71428573,0.0,0.21428572,0.6847872,0.047619047619047616,0.0,Riesgo desabastecimiento
"QLED TV,QN55QN85AAK,55,COLOMBIA,QWR10/Q5",QLED TV,72.0,0.30769232,3.940171,0.0,0.055761058,3.3141377,0.02564102564102564,0.0,Riesgo desabastecimiento
"QLED TV,QN55QN85BAK,55,COLOMBIA,QWW20/Q5",QLED TV,3145.0,10.080129,22.23077,0.0,0.37932703,3.760348,0.05448717948717949,0.0,Riesgo desabastecimiento
"QLED TV,QN55QN85CAK,55,COLOMBIA,QWW30/Q5",QLED TV,4014.0,10.704,30.581333,0.0,0.48527074,5.926323,0.06666666666666667,0.0,Riesgo desabastecimiento
"QLED TV,QN55QN85DBK,55,COLOMBIA,QWW40/Q5",QLED TV,4440.0,16.086956,75.8442,0.0,0.43722254,13.658747,0.021739130434782608,0.0,Riesgo desabastecimiento
"QLED TV,QN55QN85FAK,55,COLOMBIA,QWW51/Q5",QLED TV,83.0,0.7280702,3.1578948,0.0,0.13531066,1.6081249,0.008771929824561403,0.0,Riesgo desabastecimiento
"QLED TV,QN55QN90AAK,55,COLOMBIA,QWR10/Q5",QLED TV,1.0,0.009259259,0.5185185,0.0,-0.01758157,0.47301254,0.027777777777777776,0.0,Riesgo desabastecimiento
"QLED TV,QN55QN90BAK,55,COLOMBIA,QWW20/Q5",QLED TV,353.0,2.3071895,2.2156863,0.0,1.7756387,1.6500046,0.08496732026143791,0.0,Riesgo desabastecimiento
"QLED TV,QN55QNX1DAK,55,COLOMBIA,QWW40/Q5",QLED TV,523.0,24.904762,30.285715,1.0,2.5254836,4.7932463,0.0,0.17236015,Riesgo desabastecimiento
"QLED TV,QN60Q60AAK,60,COLOMBIA,QWK10/Q60",QLED TV,196.0,0.9201878,2.7323945,0.0,0.2137004,1.8510208,0.04225352112676056,0.0,Riesgo desabastecimiento
"QLED TV,QN60Q65BAK,60,COLOMBIA,QWK20/Q60",QLED TV,2086.0,10.077294,14.386474,0.0,2.4918013,5.591386,0.10628019323671498,0.0,Riesgo desabastecimiento
"QLED TV,QN65LS03AAK,65,COLOMBIA,QWR10/Q6",QLED TV,63.0,0.25609756,1.5325203,0.0,0.091935545,1.402803,0.032520325203252036,0.0,Riesgo desabastecimiento
"QLED TV,QN65LS03BAK,65,COLOMBIA,QWW23/Q6",QLED TV,2669.0,5.6308017,16.599155,0.0,0.78508043,6.510795,0.07805907172995781,0.0,Riesgo desabastecimiento
"QLED TV,QN65LS03DAK,65,COLOMBIA,QWW44/Q6",QLED TV,3125.0,8.680555,27.963888,0.0,0.44122612,7.005304,0.06111111111111111,0.0,Riesgo desabastecimiento
"QLED TV,QN65LS03FAK,65,COLOMBIA,QWW53/Q6",QLED TV,66.0,1.0476191,4.6190476,29.0,0.041640613,2.259201,0.0,114.33873,Normal
"QLED TV,QN65LS03FWK,65,COLOMBIA,QWE53/Q6",QLED TV,34.0,1.6190476,2.0,10.0,0.35714287,0.9890199,0.0,25.871702,Normal
"QLED TV,QN65LS03TAK,65,COLOMBIA,QWD90/Q6",QLED TV,2.0,0.020833334,0.3125,0.0,0.0069444445,0.30588624,0.0,0.0,Riesgo desabastecimiento
"QLED TV,QN65LST7TAK,65,COLOMBIA,QNH00/Q6",QLED TV,31.0,0.32291666,0.71875,0.0,0.22268517,0.65090007,0.11458333333333333,0.0,Riesgo desabastecimiento
"QLED TV,QN65Q60AAK,65,COLOMBIA,QWK10/Q65",QLED TV,80.0,0.26936027,1.6868687,0.0,0.06642518,1.3908263,0.026936026936026935,0.0,Riesgo desabastecimiento
"QLED TV,QN65Q60CAK,65,COLOMBIA,QWK30/Q65",QLED TV,6758.0,14.918323,23.924944,0.0,0.9180847,4.59435,0.07947019867549669,0.0,Riesgo desabastecimiento
"QLED TV,QN65Q60DAK,65,COLOMBIA,QWK30/Q65",QLED TV,13495.0,26.460785,86.78432,146.0,0.67433214,10.032777,0.043137254901960784,23.687183,Normal
"QLED TV,QN65Q60RAK,65,COLOMBIA,QWD91/Q65",QLED TV,0.0,0.0,0.033333335,0.0,0.0,0.033333335,0.0,0.0,Normal
"QLED TV,QN65Q60TAK,65,COLOMBIA,QWK00/Q65",QLED TV,5.0,0.06944445,0.6388889,0.0,0.053240743,0.6310273,0.027777777777777776,0.0,Riesgo desabastecimiento
"QLED TV,QN65Q65BAK,65,COLOMBIA,QWK20/Q65",QLED TV,6437.0,27.160337,29.042194,0.0,1.7314416,2.665898,0.0970464135021097,0.0,Riesgo desabastecimiento
"QLED TV,QN65Q65CAK,65,COLOMBIA,QWK30/Q65",QLED TV,196.0,2.419753,4.0740743,0.0,1.8669826,3.3917139,0.14814814814814814,0.0,Riesgo desabastecimiento
"QLED TV,QN65Q700TAK,65,COLOMBIA,QWJ01/Q6",QLED TV,7.0,0.07526882,0.8494624,0.0,0.02831541,0.81339467,0.010752688172043012,0.0,Riesgo desabastecimiento
"QLED TV,QN65Q70AAK,65,COLOMBIA,QWR10/Q65",QLED TV,4.0,0.055555556,0.2777778,0.0,0.041666668,0.2733686,0.013888888888888888,0.0,Riesgo desabastecimiento
"QLED TV,QN65Q70DAK,65,COLOMBIA,QWR40/Q65",QLED TV,1020.0,30.90909,11.666667,0.0,8.248144,0.7843397,0.15151515151515152,0.0,Riesgo desabastecimiento
"QLED TV,QN65Q70RAK,65,COLOMBIA,QWD91/Q65",QLED TV,0.0,0.0,0.5507246,0.0,0.0,0.5507246,0.0,0.0,Normal
"QLED TV,QN65Q70TAK,65,COLOMBIA,QWH00/Q65",QLED TV,0.0,0.0,0.5,0.0,0.0,0.5,0.0,0.0,Normal
"QLED TV,QN65Q7FAAK,65,COLOMBIA,QWD51/Q65",QLED TV,2481.0,5.5133333,34.38889,9.0,0.073860794,4.048565,0.008888888888888889,6.965025,Normal
"QLED TV,QN65Q7FAMK,65,COLOMBIA,QWU70/Q65",QLED TV,0.0,0.0,0.0,0.0,0.0,0.0,0.0,0.0,Normal
"QLED TV,QN65Q7FNAK,65,COLOMBIA,QWA80/Q65",QLED TV,3.0,0.083333336,0.7222222,0.0,0.050925925,0.7064989,0.027777777777777776,0.0,Riesgo desabastecimiento
"QLED TV,QN65Q800TAK,65,COLOMBIA,QWJ01/Q6",QLED TV,15.0,0.07692308,0.74358976,0.0,0.05102564,0.732774,0.035897435897435895,0.0,Riesgo desabastecimiento
"QLED TV,QN65Q80AAK,65,COLOMBIA,QWR10/Q65",QLED TV,27.0,0.17307693,0.8333333,0.0,0.08237179,0.78564876,0.03205128205128205,0.0,Riesgo desabastecimiento
"QLED TV,QN65Q80BAK,65,COLOMBIA,QWW20/Q65",QLED TV,153.0,0.86440676,4.1073446,0.0,0.2435475,2.7608142,0.07909604519774012,0.0,Riesgo desabastecimiento
"QLED TV,QN65Q80CAK,65,COLOMBIA,QWW30/Q65",QLED TV,200.0,1.3888888,2.7291667,0.0,0.7678237,1.5452257,0.09027777777777778,0.0,Riesgo desabastecimiento
"QLED TV,QN65Q80DAK,65,COLOMBIA,QWW40/Q65",QLED TV,985.0,13.133333,18.866667,0.0,1.133195,2.6111262,0.06666666666666667,0.0,Riesgo desabastecimiento
"QLED TV,QN65Q80TAK,65,COLOMBIA,QWH00/Q65",QLED TV,0.0,0.0,0.0,0.0,0.0,0.0,0.0,0.0,Normal
"QLED TV,QN65Q8CAMK,65,COLOMBIA,QWU70/Q6",QLED TV,0.0,0.0,0.0,0.0,0.0,0.0,0.0,0.0,Normal
"QLED TV,QN65Q8CNAK,65,COLOMBIA,QWA80/Q65",QLED TV,0.0,0.0,0.0,0.0,0.0,0.0,0.0,0.0,Normal
"QLED TV,QN65Q8FAAK,65,COLOMBIA,QWD50/Q65",QLED TV,627.0,7.464286,13.869047,0.0,0.16803272,2.158563,0.011904761904761904,0.0,Riesgo desabastecimiento
"QLED TV,QN65Q900RBK,65,COLOMBIA,QWD92/Q6",QLED TV,0.0,0.0,0.0,0.0,0.0,0.0,0.0,0.0,Normal
"QLED TV,QN65Q90TDK,65,COLOMBIA,QWH00/Q65",QLED TV,393.0,3.6388888,1.5185186,0.0,3.1174242,1.3372828,0.08333333333333333,0.0,Riesgo desabastecimiento
"QLED TV,QN65QEF1AK,65,COLOMBIA,QWD51/Q65",QLED TV,120.0,5.714286,18.52381,114.0,0.06877621,2.5815847,0.0,85.14429,Normal
"QLED TV,QN65QN1EFAK,65,COLOMBIA,QWW50/Q6",QLED TV,100.0,4.7619047,3.047619,31.0,1.9064153,0.8324788,0.047619047619047616,27.742489,Alta rotacion
"QLED TV,QN65QN700AK,65,COLOMBIA,QWT11/Q6",QLED TV,-5.0,-0.036231883,0.44927537,0.0,-0.02415459,0.44927537,0.014492753623188406,0.0,Normal
"QLED TV,QN65QN70FAK,65,COLOMBIA,QWW50/Q6",QLED TV,129.0,1.5357143,4.3333335,14.0,0.23093006,2.083066,0.011904761904761904,38.132298,Normal
"QLED TV,QN65QN800AK,65,COLOMBIA,QWT10/Q6",QLED TV,20.0,0.18518518,0.4814815,0.0,0.1425926,0.45455506,0.046296296296296294,0.0,Riesgo desabastecimiento
"QLED TV,QN65QN800BK,65,COLOMBIA,QWX20/Q6",QLED TV,232.0,0.95473254,5.9218106,0.0,0.18469498,4.0349956,0.06584362139917696,0.0,Riesgo desabastecimiento
"QLED TV,QN65QN800CK,65,COLOMBIA,QWX30/Q6",QLED TV,208.0,1.0666667,3.476923,1.0,0.2757456,2.095122,0.07179487179487179,3.8750377,Normal
"QLED TV,QN65QN800DK,65,COLOMBIA,QWX32/Q6",QLED TV,411.0,2.0447762,13.154229,38.0,0.28204367,7.999665,0.03482587064676617,78.2651,Normal
"QLED TV,QN65QN85AAK,65,COLOMBIA,QWR10/Q6",QLED TV,53.0,0.3212121,1.0121212,0.0,0.123316646,0.8261018,0.048484848484848485,0.0,Riesgo desabastecimiento
"QLED TV,QN65QN85BAK,65,COLOMBIA,QWW20/Q6",QLED TV,1519.0,4.4415207,17.149122,1.0,0.3528252,7.2603345,0.049707602339181284,0.9588539,Riesgo desabastecimiento
"QLED TV,QN65QN85CAK,65,COLOMBIA,QWW30/Q6",QLED TV,1293.0,4.7362638,22.424908,2.0,0.4089301,8.482113,0.05128205128205128,1.7994404,Riesgo desabastecimiento
"QLED TV,QN65QN85DBK,65,COLOMBIA,QWW40/Q6",QLED TV,956.0,4.3063064,27.09009,2.0,0.32491052,10.881001,0.036036036036036036,1.977327,Riesgo desabastecimiento
"QLED TV,QN65QN85FAK,65,COLOMBIA,QWW51/Q6",QLED TV,21.0,0.18421052,1.3508772,1.0,0.024908643,1.0649145,0.0,18.925182,Exceso inventario
"QLED TV,QN65QN900FK,65,COLOMBIA,QWX50/Q6",QLED TV,27.0,0.25714287,1.1809524,16.0,0.04026811,0.85025734,0.009523809523809525,229.22417,Normal
"QLED TV,QN65QN90AAK,65,COLOMBIA,QWR10/Q6",QLED TV,3.0,0.041666668,0.06944445,0.0,0.03240741,0.06420335,0.013888888888888888,0.0,Riesgo desabastecimiento
"QLED TV,QN65QN90BAK,65,COLOMBIA,QWW20/Q6",QLED TV,26.0,0.30952382,0.3690476,0.0,0.08730159,0.30800587,0.011904761904761904,0.0,Riesgo desabastecimiento
"QLED TV,QN65QN90CAK,65,COLOMBIA,QWW30/Q6",QLED TV,61.0,1.6944444,1.9444444,0.0,1.325817,1.2852696,0.16666666666666666,0.0,Riesgo desabastecimiento
"QLED TV,QN65QN90DAK,65,COLOMBIA,QWW40/Q6",QLED TV,328.0,4.3733335,6.693333,0.0,0.6297756,3.3576775,0.05333333333333334,0.0,Riesgo desabastecimiento
"QLED TV,QN65QNX1DAK,65,COLOMBIA,QWW40/Q6",QLED TV,287.0,13.666667,29.666666,0.0,2.3569903,9.859277,0.09523809523809523,0.0,Riesgo desabastecimiento
"QLED TV,QN70Q60AAK,70,COLOMBIA,QWK10/Q70",QLED TV,2.0,0.033333335,0.55,0.0,0.009722223,0.5342767,0.0,0.0,Riesgo desabastecimiento
"QLED TV,QN70Q65DAK,70,COLOMBIA,QWK30/Q70",QLED TV,7984.0,46.69006,103.87719,0.0,1.7466197,5.454563,0.05847953216374269,0.0,Riesgo desabastecimiento
"QLED TV,QN75LS03AAK,75,COLOMBIA,QWR10/Q7",QLED TV,1.0,0.008547009,0.2735043,1.0,0.0042735045,0.27189162,0.0,83.41901,Exceso inventario
"QLED TV,QN75LS03BAK,75,COLOMBIA,QWW23/Q7",QLED TV,1237.0,2.9879227,6.0917873,0.0,0.7684998,2.922168,0.12560386473429952,0.0,Riesgo desabastecimiento
"QLED TV,QN75LS03DAK,75,COLOMBIA,QWW44/Q7",QLED TV,1058.0,4.007576,12.026515,0.0,0.41626033,5.021329,0.06060606060606061,0.0,Riesgo desabastecimiento
"QLED TV,QN75LS03FWK,75,COLOMBIA,QWE53/Q7",QLED TV,37.0,1.2333333,0.4,0.0,0.40555558,0.13979928,0.06666666666666667,0.0,Riesgo desabastecimiento
"QLED TV,QN75Q60CAK,75,COLOMBIA,QWK30/Q75",QLED TV,1706.0,6.769841,6.6865077,0.0,0.8019328,2.0192509,0.0873015873015873,0.0,Riesgo desabastecimiento
"QLED TV,QN75Q60DAK,75,COLOMBIA,QWK30/Q75",QLED TV,6743.0,21.204403,69.842766,0.0,1.0337418,7.7243133,0.040880503144654086,0.0,Riesgo desabastecimiento
"QLED TV,QN75Q60TAK,75,COLOMBIA,QWK00/Q75",QLED TV,0.0,0.0,0.0,0.0,0.0,0.0,0.0,0.0,Normal
"QLED TV,QN75Q65BAK,75,COLOMBIA,QWK20/Q75",QLED TV,598.0,4.530303,3.378788,0.0,1.3587354,0.90161866,0.15151515151515152,0.0,Riesgo desabastecimiento
"QLED TV,QN75Q65CAK,75,COLOMBIA,QWK30/Q75",QLED TV,96.0,1.6,0.35,0.0,1.5527778,0.23356165,0.2,0.0,Riesgo desabastecimiento
"QLED TV,QN75Q6FAAK,75,COLOMBIA,QWS51/Q75",QLED TV,160.0,1.1347518,17.702127,5.0,0.2923999,8.5467825,0.0070921985815602835,18.255121,Normal
"QLED TV,QN75Q70TAK,75,COLOMBIA,QWH00/Q75",QLED TV,0.0,0.0,0.0,0.0,0.0,0.0,0.0,0.0,Normal
"QLED TV,QN75Q7FAAK,75,COLOMBIA,QWD51/Q75",QLED TV,450.0,1.7241379,18.18774,5.0,0.05475604,4.0288415,0.011494252873563218,12.166567,Normal
"QLED TV,QN75Q7FNAK,75,COLOMBIA,QWA80/Q75",QLED TV,0.0,0.0,0.083333336,0.0,0.0,0.083333336,0.0,0.0,Normal
"QLED TV,QN75Q80RAK,75,COLOMBIA,QWD91/Q75",QLED TV,0.0,0.0,0.055555556,0.0,0.0,0.055555556,0.0,0.0,Normal
"QLED TV,QN75Q80TAK,75,COLOMBIA,QWH00/Q75",QLED TV,1.0,0.016666668,0.38333333,0.0,0.016666668,0.38333333,0.016666666666666666,0.0,Riesgo desabastecimiento
"QLED TV,QN75Q8CAMK,75,COLOMBIA,QWU70/Q7",QLED TV,0.0,0.0,0.5833333,0.0,0.0,0.5833333,0.0,0.0,Normal
"QLED TV,QN75Q8FAAK,75,COLOMBIA,QWD50/Q75",QLED TV,475.0,4.5238094,10.0,0.0,0.13223645,1.5280738,0.009523809523809525,0.0,Riesgo desabastecimiento
"QLED TV,QN75Q900RBK,75,COLOMBIA,QWD92/Q7",QLED TV,2.0,0.027777778,0.2777778,0.0,0.020833334,0.27515724,0.013888888888888888,0.0,Riesgo desabastecimiento
"QLED TV,QN75Q900TSK,75,COLOMBIA,QWJ01/Q7",QLED TV,2.0,0.033333335,0.1,0.0,0.025,0.09685535,0.016666666666666666,0.0,Riesgo desabastecimiento
"QLED TV,QN75QEF1AK,75,COLOMBIA,QWD51/Q75",QLED TV,188.0,8.952381,16.142857,0.0,7.1542487,5.945868,0.047619047619047616,0.0,Riesgo desabastecimiento
"QLED TV,QN75QN1EFAK,75,COLOMBIA,QWW50/Q7",QLED TV,61.0,2.9047618,4.047619,1.0,0.44174722,2.294035,0.0,1.4587339,Riesgo desabastecimiento
"QLED TV,QN75QN70FAK,75,COLOMBIA,QWW50/Q7",QLED TV,31.0,0.4920635,2.2857144,40.0,0.195518,1.5247462,0.031746031746031744,321.4572,Normal
"QLED TV,QN75QN800AK,75,COLOMBIA,QWT10/Q7",QLED TV,0.0,0.0,0.055555556,0.0,0.0,0.050314467,0.027777777777777776,0.0,Normal
"QLED TV,QN75QN800BK,75,COLOMBIA,QWX20/Q7",QLED TV,86.0,0.71666664,2.7166667,0.0,0.18645285,1.7966297,0.058333333333333334,0.0,Riesgo desabastecimiento
"QLED TV,QN75QN800CK,75,COLOMBIA,QWX30/Q7",QLED TV,29.0,0.3580247,1.1604939,0.0,0.12941284,0.89160174,0.037037037037037035,0.0,Riesgo desabastecimiento
"QLED TV,QN75QN85AAK,75,COLOMBIA,QWR10/Q7",QLED TV,0.0,0.0,0.0,0.0,0.0,0.0,0.0,0.0,Normal
"QLED TV,QN75QN85CAK,75,COLOMBIA,QWW30/Q7",QLED TV,364.0,1.7333333,4.2904763,0.0,0.3113772,2.015493,0.07142857142857142,0.0,Riesgo desabastecimiento
"QLED TV,QN75QN85DBK,75,COLOMBIA,QWW40/Q7",QLED TV,317.0,1.7611111,6.8055553,28.0,0.32242996,4.1005726,0.044444444444444446,66.73647,Normal
"QLED TV,QN75QN85FAK,75,COLOMBIA,QWW51/Q7",QLED TV,11.0,0.26190478,1.7619047,7.0,0.035334904,1.5134679,0.0,98.71935,Normal
"QLED TV,QN75QN900AK,75,COLOMBIA,QWT10/Q7",QLED TV,2.0,0.033333335,0.15,0.0,0.016666668,0.13627334,0.0,0.0,Riesgo desabastecimiento
"QLED TV,QN75QN900FK,75,COLOMBIA,QWX50/Q7",QLED TV,13.0,0.61904764,1.0,10.0,0.48809522,0.7847358,0.047619047619047616,64.95001,Normal
"QLED TV,QN75QN90BAK,75,COLOMBIA,QWW20/Q7",QLED TV,84.0,0.7,1.875,0.0,0.22602192,1.1673933,0.10833333333333334,0.0,Riesgo desabastecimiento
"QLED TV,QN75QNX1DAK,75,COLOMBIA,QWW40/Q7",QLED TV,52.0,2.4761906,5.047619,2.0,0.39718613,3.189629,0.0,3.4137952,Normal
"QLED TV,QN82Q60RAK,82,COLOMBIA,QWD91/Q82",QLED TV,0.0,0.0,0.041666668,0.0,0.0,0.041666668,0.0,0.0,Normal
"QLED TV,QN82Q60TAK,82,COLOMBIA,QWK00/Q82",QLED TV,3.0,0.025,0.0,0.0,0.025,0.0,0.025,0.0,Riesgo desabastecimiento
"QLED TV,QN85Q65BAK,85,COLOMBIA,QWK20/Q85",QLED TV,653.0,1.8927536,3.5391304,0.0,0.32369947,1.6224827,0.08985507246376812,0.0,Riesgo desabastecimiento
"QLED TV,QN85Q65CAK,85,COLOMBIA,QWK30/Q85",QLED TV,1523.0,4.8349204,12.980952,0.0,0.44278336,3.6849122,0.07301587301587302,0.0,Riesgo desabastecimiento
"QLED TV,QN85Q65DAK,85,COLOMBIA,QWK30/Q85",QLED TV,1389.0,4.409524,14.253968,0.0,0.33904287,5.3102093,0.04126984126984127,0.0,Riesgo desabastecimiento
"QLED TV,QN85Q6FAAK,85,COLOMBIA,QWS51/Q85",QLED TV,31.0,0.33333334,1.6236559,0.0,0.021832358,1.1465166,0.0,0.0,Riesgo desabastecimiento
"QLED TV,QN85Q70AAK,85,COLOMBIA,QWR10/Q85",QLED TV,1.0,0.041666668,0.083333336,0.0,0.041666668,0.083333336,0.041666666666666664,0.0,Riesgo desabastecimiento
"QLED TV,QN85Q70TAK,85,COLOMBIA,QWH00/Q85",QLED TV,2.0,0.018518519,0.12962963,0.0,0.018518519,0.12962963,0.018518518518518517,0.0,Riesgo desabastecimiento
"QLED TV,QN85Q7FAAK,85,COLOMBIA,QWD51/Q85",QLED TV,146.0,0.99319726,4.8911567,17.0,0.058694962,1.797159,0.0,70.54642,Normal
"QLED TV,QN85QEF1AK,85,COLOMBIA,QWD51/Q85",QLED TV,113.0,5.3809524,7.3333335,2.0,0.78476435,4.6404777,0.0,1.5855597,Riesgo desabastecimiento
"QLED TV,QN85QN70FAK,85,COLOMBIA,QWW50/Q8",QLED TV,17.0,0.4047619,2.2857144,20.0,0.03948562,1.564688,0.0,192.06638,Normal
"QLED TV,QN85QN800AK,85,COLOMBIA,QWT10/Q8",QLED TV,0.0,0.0,0.0,0.0,0.0,0.0,0.0,0.0,Normal
"QLED TV,QN85QN800BK,85,COLOMBIA,QWX20/Q8",QLED TV,34.0,0.35416666,0.9791667,0.0,0.13989335,0.79600257,0.052083333333333336,0.0,Riesgo desabastecimiento
"QLED TV,QN85QN800CK,85,COLOMBIA,QWX30/Q8",QLED TV,44.0,0.73333335,1.8833333,0.0,0.31805557,1.6635044,0.11666666666666667,0.0,Riesgo desabastecimiento
"QLED TV,QN85QN800DK,85,COLOMBIA,QWX32/Q8",QLED TV,66.0,0.62857145,1.6952381,1.0,0.17621553,1.2741327,0.0380952380952381,6.4028926,Normal
"QLED TV,QN85QN85AAK,85,COLOMBIA,QWR10/Q8",QLED TV,12.0,0.1,0.9,0.0,0.038888887,0.8499987,0.008333333333333333,0.0,Riesgo desabastecimiento
"QLED TV,QN85QN85BAK,85,COLOMBIA,QWW20/Q8",QLED TV,96.0,0.72727275,1.280303,0.0,0.32716098,0.8060421,0.07575757575757576,0.0,Riesgo desabastecimiento
"QLED TV,QN85QN85CAK,85,COLOMBIA,QWW30/Q8",QLED TV,192.0,1.1636363,3.230303,0.0,0.5114813,2.5124087,0.10303030303030303,0.0,Riesgo desabastecimiento
"QLED TV,QN85QN85DBK,85,COLOMBIA,QWW40/Q8",QLED TV,146.0,0.918239,3.8050315,0.0,0.21700373,2.9149873,0.03773584905660377,0.0,Riesgo desabastecimiento
"QLED TV,QN85QN85FAK,85,COLOMBIA,QWW51/Q8",QLED TV,11.0,0.17460318,0.93650794,11.0,0.07548501,0.7826267,0.031746031746031744,217.36816,Exceso inventario
"QLED TV,QN85QN900AK,85,COLOMBIA,QWT10/Q8",QLED TV,0.0,0.0,0.0,0.0,0.0,0.0,0.0,0.0,Normal
"QLED TV,QN85QN900FK,85,COLOMBIA,QWX50/Q8",QLED TV,5.0,0.23809524,1.7619047,11.0,0.062087912,1.3558807,0.047619047619047616,168.27037,Exceso inventario
"QLED TV,QN98Q80CAK,98,COLOMBIA,QWW33/Q98",QLED TV,261.0,0.5612903,3.4064517,0.0,0.1459873,2.694643,0.043010752688172046,0.0,Riesgo desabastecimiento
"RAC,2.37,KW,SET,CO,R410A",RAC,0.0,0.0,0.0,0.0,0.0,0.0,0.0,0.0,Normal
"RAC,2.49,KW,SET,CO,R410A",RAC,0.0,0.0,0.4888889,0.0,0.0,0.4888889,0.0,0.0,Normal
"RAC,2.5,KW,SETIN,CO,R410A",RAC,1.0,0.013888889,0.20833333,0.0,0.013888889,0.20833333,0.013888888888888888,0.0,Riesgo desabastecimiento
"RAC,2.6,KW,SET,CO,R410A",RAC,4918.0,6.2569976,26.326973,0.0,0.46611407,9.532415,0.04834605597964377,0.0,Riesgo desabastecimiento
"RAC,2.60,KW,SET,CO,R32",RAC,585.0,2.9545455,5.262626,0.0,0.19641487,1.9120125,0.020202020202020204,0.0,Riesgo desabastecimiento
"RAC,2.64,KW,SET,CO,R22",RAC,0.0,0.0,0.0,0.0,0.0,0.0,0.0,0.0,Normal
"RAC,2.64,KW,SET,CO,R410A",RAC,7.0,0.06481481,0.5462963,0.0,0.052469138,0.5404174,0.037037037037037035,0.0,Riesgo desabastecimiento
"RAC,2.7,KW,SETIN,CO,R410A",RAC,-1.0,-0.020833334,0.020833334,0.0,-0.010416667,0.020833334,0.0,0.0,Normal
"RAC,3.0,KW,SET,CO,R410A",RAC,3526.0,5.544025,12.940251,0.0,0.4385291,5.5598054,0.03773584905660377,0.0,Riesgo desabastecimiento
"RAC,3.2,KW,SETIN,CO,R410A",RAC,3.0,0.041666668,0.097222224,0.0,0.034722224,0.094601676,0.027777777777777776,0.0,Riesgo desabastecimiento
"RAC,3.22,KW,SET,CO,R410A",RAC,4.0,0.083333336,0.41666666,0.0,0.083333336,0.41666666,0.041666666666666664,0.0,Riesgo desabastecimiento
"RAC,3.37,KW,SET,CO,R410A",RAC,2.0,0.033333335,0.5,0.0,0.025,0.49685535,0.016666666666666666,0.0,Riesgo desabastecimiento
"RAC,3.4,KW,SET,CO,R410A",RAC,6963.0,7.487097,19.930107,0.0,0.6765371,6.633746,0.04408602150537634,0.0,Riesgo desabastecimiento
"RAC,3.4,KW,SETIN,CO,R410A",RAC,19.0,0.22619048,0.45238096,0.0,0.07680633,0.3132215,0.023809523809523808,0.0,Riesgo desabastecimiento
"RAC,3.5,KW,SET,CO,R22",RAC,0.0,0.0,0.0,0.0,0.0,0.0,0.0,0.0,Normal
"RAC,3.5,KW,SET,CO,R410A",RAC,1090.0,2.2427983,6.308642,0.0,0.37136602,3.0076988,0.037037037037037035,0.0,Riesgo desabastecimiento
"RAC,3.50,KW,SET,CO,R32",RAC,1084.0,4.754386,10.078947,0.0,0.112463705,2.3347328,0.008771929824561403,0.0,Riesgo desabastecimiento
"RAC,4.98,KW,SET,CO,R410A",RAC,0.0,0.0,0.0,0.0,0.0,0.0,0.0,0.0,Normal
"RAC,5.0,KW,SET,CO,R410A",RAC,1.0,0.083333336,0.25,0.0,0.083333336,0.25,0.08333333333333333,0.0,Riesgo desabastecimiento
"RAC,5.0,KW,SETIN,CO,R410A",RAC,0.0,0.0,0.0,0.0,0.0,0.0,0.0,0.0,Normal
"RAC,5.2,KW,SET,CO,R410A",RAC,3408.0,4.3193917,13.705956,0.0,0.41262528,5.6016803,0.04055766793409379,0.0,Riesgo desabastecimiento
"RAC,5.3,KW,SET,CO,R410A",RAC,703.0,1.5941043,5.451247,0.0,0.21227577,2.5697439,0.045351473922902494,0.0,Riesgo desabastecimiento
"RAC,5.3,KW,SETIN,CO,R410A",RAC,1.0,0.020833334,0.020833334,0.0,0.020833334,0.020833334,0.020833333333333332,0.0,Riesgo desabastecimiento
"RAC,5.30,KW,SET,CO,R32",RAC,799.0,3.6484017,7.4018264,0.0,0.32816172,2.8197935,0.0091324200913242,0.0,Riesgo desabastecimiento
"RAC,5.8,KW,SET,CO,R410A",RAC,1.0,0.083333336,0.8333333,0.0,0.083333336,0.8333333,0.08333333333333333,0.0,Riesgo desabastecimiento
"RAC,6.0,KW,SET,CO,R410A",RAC,0.0,0.0,0.41666666,0.0,0.0,0.41666666,0.0,0.0,Normal
"RAC,6.01,KW,SET,CO,R410A",RAC,1.0,0.041666668,0.25,0.0,0.041666668,0.25,0.041666666666666664,0.0,Riesgo desabastecimiento
"RAC,6.2,KW,SET,CO,R410A",RAC,3567.0,4.2769785,11.713429,0.0,0.49290705,4.8312397,0.045563549160671464,0.0,Riesgo desabastecimiento
"RAC,6.4,KW,SET,CO,R410A",RAC,7.0,0.054263566,0.3255814,0.0,0.048449613,0.32119352,0.023255813953488372,0.0,Riesgo desabastecimiento
"RAC,6.4,KW,SETIN,CO,R410A",RAC,2.0,0.041666668,0.16666667,0.0,0.041666668,0.16666667,0.020833333333333332,0.0,Riesgo desabastecimiento
"RAC,7.0,KW,SET,CO,R410A",RAC,548.0,1.7232704,4.154088,0.0,0.29632604,1.8487841,0.059748427672955975,0.0,Riesgo desabastecimiento
"RAC,7.0,KW,SETIN,CO,R410A",RAC,1.0,0.027777778,0.083333336,0.0,0.027777778,0.083333336,0.027777777777777776,0.0,Riesgo desabastecimiento
"RAC,7.00,KW,SET,CO,R32",RAC,624.0,3.3015873,7.015873,13.0,0.13677576,2.2877645,0.015873015873015872,16.713572,Normal
"RAC,9900,-,SET,CO,R410A",RAC,1.0,0.04761905,0.5714286,0.0,0.04761905,0.5714286,0.047619047619047616,0.0,Riesgo desabastecimiento
"REF;350LT,110~127V/60HZ,EZ CLEAN STEEL(S",REF;350LT,1.0,0.041666668,0.625,0.0,0.041666668,0.625,0.041666666666666664,0.0,Riesgo desabastecimiento
"RFD,0.0,110-120V 60HZ",RFD,-1.0,-0.003508772,0.24561404,0.0,-0.0024561405,0.2389937,0.010526315789473684,0.0,Normal
"RFD,0.0,120V 60HZ",RFD,2575.0,3.5177596,13.517759,0.0,0.37446657,5.450719,0.06284153005464481,0.0,Riesgo desabastecimiento
"RFD,24.2,120V 60HZ",RFD,0.0,0.0,0.25,0.0,0.0,0.25,0.013888888888888888,0.0,Normal
"RFD,25.5,110-120V 60HZ",RFD,4.0,0.043010753,1.655914,0.0,0.018177163,1.6286055,0.010752688172043012,0.0,Riesgo desabastecimiento
"RFD,28 CU.FT,110-127V 60HZ",RFD,0.0,0.0,1.0,1.0,0.0,1.0,0.0,100.0,Exceso inventario
"RFD,29.8,120V 60HZ",RFD,1043.0,1.8894928,7.4438405,0.0,0.2670139,4.6212096,0.04528985507246377,0.0,Riesgo desabastecimiento
"RFD,30.1,120V 60HZ",RFD,419.0,1.5347985,4.172161,0.0,0.35824242,2.5692978,0.07692307692307693,0.0,Riesgo desabastecimiento
"RFD,30.3,120V 60HZ",RFD,5183.0,8.187994,15.020537,0.0,0.55644643,3.7637494,0.03949447077409163,0.0,Riesgo desabastecimiento
"RFD,31 CU.FT,110-120/60",RFD,1.0,0.083333336,0.33333334,0.0,0.083333336,0.33333334,0.08333333333333333,0.0,Riesgo desabastecimiento
"RFD,31.5,120V 60HZ",RFD,1492.0,2.8419049,8.499047,0.0,0.2784984,3.8788967,0.03619047619047619,0.0,Riesgo desabastecimiento
"RFD,564.0,110-120V 60HZ",RFD,2.0,0.083333336,0.0,0.0,0.083333336,0.0,0.041666666666666664,0.0,Riesgo desabastecimiento
"RFD,568.0,120V 60HZ",RFD,0.0,0.0,-0.6388889,0.0,0.0,-0.6388889,0.0,0.0,Normal
"RFD,624.0,120V 60HZ",RFD,649.0,1.1952118,5.208103,0.0,0.2655149,2.7982018,0.06813996316758748,0.0,Riesgo desabastecimiento
"RFD,628.0,120V 60HZ",RFD,9993.0,8.765789,18.38421,0.0,0.5504317,4.399139,0.05701754385964912,0.0,Riesgo desabastecimiento
"RFD,639.8,120V 60HZ",RFD,2760.0,4.816754,10.005236,0.0,0.3681138,3.0637324,0.05410122164048865,0.0,Riesgo desabastecimiento
"RFD,664.0,127V 60HZ",RFD,2878.0,4.5901117,10.3046255,0.0,0.42062184,2.5958352,0.0685805422647528,0.0,Riesgo desabastecimiento
"RFD,682.0,110-127V 60HZ",RFD,3.0,0.083333336,0.5833333,0.0,0.083333336,0.5833333,0.027777777777777776,0.0,Riesgo desabastecimiento
"RFD,734.0,120V 60HZ",RFD,-2.0,-0.027777778,0.22222222,0.0,-0.011574075,0.22222222,0.013888888888888888,0.0,Normal
"RFD,771.0,120V 60HZ",RFD,-1.0,-0.027777778,0.6388889,0.0,-0.027777778,0.6388889,0.0,0.0,Normal
"RFD,806.0,120V-60HZ",RFD,0.0,0.0,0.40625,0.0,0.006944444,0.40625,0.010416666666666666,0.0,Normal
"RLF,313.0,120V 60HZ",RLF,7021.0,5.7220864,16.02771,0.0,0.56570524,5.6980023,0.04726976365118175,0.0,Riesgo desabastecimiento
"RLF,330.0,110-120V 60HZ",RLF,1456.0,8.51462,14.380117,0.0,0.71281904,2.9810896,0.1111111111111111,0.0,Riesgo desabastecimiento
"RLF,350.0,110V 60HZ",RLF,1558.0,3.2057614,9.224279,0.0,0.5362122,4.214232,0.08436213991769548,0.0,Riesgo desabastecimiento
"RLF,437.0,120V 60HZ",RLF,4654.0,8.715356,14.050562,0.0,0.92772424,2.3952591,0.08426966292134831,0.0,Riesgo desabastecimiento
"RLF,466.0,110-120V 60HZ",RLF,3690.0,8.785714,23.678572,0.0,0.31724808,6.2894545,0.011904761904761904,0.0,Riesgo desabastecimiento
"RLF,471.0,120V 60HZ",RLF,3001.0,4.2387004,11.59887,0.0,0.35761312,3.644171,0.059322033898305086,0.0,Riesgo desabastecimiento
"RLF,471.0,220-240V 50HZ",RLF,5398.0,6.495788,11.795427,0.0,0.57343656,2.9813702,0.06859205776173286,0.0,Riesgo desabastecimiento
"RLF,518.0,110-120V 60HZ",RLF,5336.0,12.018018,33.48649,0.0,0.36730716,8.566125,0.02927927927927928,0.0,Riesgo desabastecimiento
"RSD,330.0,115V 60HZ",RSD,636.0,1.0392157,6.003268,0.0,0.1811415,3.9013329,0.05065359477124183,0.0,Riesgo desabastecimiento
"RSD,330.0,120V 60HZ",RSD,1084.0,1.6203289,5.991031,0.0,0.34321842,3.1060705,0.061285500747384154,0.0,Riesgo desabastecimiento
"RSS,0.0,120V 60HZ",RSS,1.0,0.083333336,0.5,0.0,0.083333336,0.5,0.08333333333333333,0.0,Riesgo desabastecimiento
"RSS,21.8,120V 60HZ",RSS,9746.0,9.814703,19.650555,0.0,0.75641525,4.405309,0.050352467270896276,0.0,Riesgo desabastecimiento
"RSS,24.7,120V 60HZ",RSS,0.0,0.0,0.36842105,0.0,0.0,0.36842105,0.0,0.0,Normal
"RSS,25.0,110-127V 60HZ",RSS,0.0,0.0,0.71666664,0.0,0.0,0.71666664,0.0,0.0,Normal
"RSS,26.5,110-120V 60HZ",RSS,9851.0,7.818254,22.58492,0.0,0.4219682,5.4140153,0.04285714285714286,0.0,Riesgo desabastecimiento
"RSS,26.5,120V 60HZ",RSS,15651.0,14.3324175,30.52564,0.0,0.75711113,4.9030786,0.05128205128205128,0.0,Riesgo desabastecimiento
"RSS,545.0,120V 60HZ",RSS,0.0,0.0,0.0,0.0,0.0,0.0,0.0,0.0,Normal
"RSS,546.0,120V 60HZ",RSS,0.0,0.0,0.0,0.0,0.0,0.0,0.0,0.0,Normal
"RSS,593.0,120V 60HZ",RSS,3834.0,9.1285715,19.347618,0.0,0.25920883,3.2585313,0.009523809523809525,0.0,Riesgo desabastecimiento
"RSS,603.0,120V 60HZ",RSS,4585.0,7.0430107,13.388633,0.0,0.295728,3.3356383,0.015360983102918587,0.0,Riesgo desabastecimiento
"RSS,640.0,120V 60HZ",RSS,1596.0,3.4322581,11.055914,0.0,0.33244672,5.0788255,0.043010752688172046,0.0,Riesgo desabastecimiento
"RSS,651.0,120V 60HZ",RSS,1.0,0.0069444445,0.25,0.0,0.013078704,0.24737947,0.013888888888888888,0.0,Riesgo desabastecimiento
"RSS,655.0,120V 60HZ",RSS,-2.0,-0.083333336,0.0,0.0,-0.083333336,0.0,0.0,0.0,Normal
"RSS,660.0,115V 60HZ",RSS,-4.0,-0.02116402,0.22751322,0.0,-0.00239355,0.21816406,0.010582010582010581,0.0,Normal
"RSS,660.0,120V 60HZ",RSS,-3.0,-0.025,0.5,0.0,-0.004027778,0.4984277,0.008333333333333333,0.0,Normal
"RSS,663.0,115V 60HZ",RSS,2.0,0.013888889,0.13194445,0.0,0.019444443,0.13194445,0.020833333333333332,0.0,Riesgo desabastecimiento
"RSS,793.0,120V 60HZ",RSS,482.0,3.0314465,7.735849,0.0,0.5336105,3.2506583,0.15723270440251572,0.0,Riesgo desabastecimiento
"RSS,803.3,120V 60HZ",RSS,2616.0,5.55414,16.522293,0.0,0.4775475,5.0372763,0.04246284501061571,0.0,Riesgo desabastecimiento
"RSS,816.0,120V 60HZ",RSS,0.0,0.0,0.0,0.0,0.0,0.0,0.0,0.0,Normal
"RTF,243.0,120V 60HZ",RTF,35948.0,27.996885,52.58022,1.0,1.0707403,7.8166056,0.04906542056074766,0.15335298,Riesgo desabastecimiento
"RTF,264.0,120V 60HZ",RTF,25746.0,22.23316,41.37392,12.0,1.3204701,7.4383945,0.04922279792746114,2.3163776,Alta rotacion
"RTF,311.0,120V 60HZ",RTF,22842.0,30.578314,55.544846,0.0,1.0893831,9.276414,0.025435073627844713,0.0,Riesgo desabastecimiento
"RTF,312,120V 60HZ",RTF,0.0,0.0,0.0,0.0,0.0,0.0,0.0,0.0,Normal
"RTF,312,120V-60HZ",RTF,1.0,0.083333336,0.0,0.0,0.083333336,0.0,0.08333333333333333,0.0,Riesgo desabastecimiento
"RTF,312.0,110V 60HZ",RTF,595.0,3.148148,7.4708996,0.0,0.71038365,2.9169714,0.08465608465608465,0.0,Riesgo desabastecimiento
"RTF,312.0,120V 60HZ",RTF,10868.0,10.17603,15.373595,0.0,0.9076771,3.2934341,0.060861423220973786,0.0,Riesgo desabastecimiento
"RTF,314.0,120V 60HZ",RTF,1295.0,5.464135,5.371308,0.0,1.4725046,2.557236,0.11814345991561181,0.0,Riesgo desabastecimiento
"RTF,332,120V 60HZ",RTF,5.0,0.104166664,0.35416666,0.0,0.06666667,0.33182964,0.041666666666666664,0.0,Riesgo desabastecimiento
"RTF,332,120V-60HZ",RTF,0.0,0.0,0.0,0.0,0.0,0.0,0.0,0.0,Normal
"RTF,332.0,120V 60HZ",RTF,5078.0,5.6422224,8.671111,0.0,0.75526863,2.418912,0.07111111111111111,0.0,Riesgo desabastecimiento
"RTF,354.0,120V 60HZ",RTF,2998.0,6.844749,17.52968,0.0,0.5229595,5.510657,0.045662100456621,0.0,Riesgo desabastecimiento
"RTF,373,120V 60HZ",RTF,0.0,0.0,0.25,0.0,0.0,0.25,0.0,0.0,Normal
"RTF,373.0,120V 60HZ",RTF,10168.0,14.865497,24.380117,0.0,1.0569012,3.4731321,0.08625730994152046,0.0,Riesgo desabastecimiento
"RTF,375.0,120V 60HZ",RTF,8911.0,10.880342,14.57265,0.0,0.5776218,2.7742784,0.06837606837606838,0.0,Riesgo desabastecimiento
"RTF,394.0,120V 60HZ",RTF,0.0,0.0,0.0,0.0,0.0,0.0,0.0,0.0,Normal
"RTF,395,120V 60HZ",RTF,4.0,0.023809524,0.27380952,0.0,0.01686508,0.27044025,0.017857142857142856,0.0,Riesgo desabastecimiento
"RTF,396.0,120V 60HZ",RTF,0.0,0.0,0.041666668,0.0,0.0,0.041666668,0.0,0.0,Normal
"RTF,397.0,120V 60HZ",RTF,865.0,1.3600628,1.9669812,0.0,0.2653216,0.9805746,0.04559748427672956,0.0,Riesgo desabastecimiento
"RTF,398.0,120V 60HZ",RTF,3187.0,10.022013,35.70126,2.0,0.5717952,10.1856785,0.040880503144654086,0.85444504,Riesgo desabastecimiento
"RTF,399.0,120V 60HZ",RTF,11065.0,19.012028,42.01718,0.0,0.98488456,8.699509,0.03436426116838488,0.0,Riesgo desabastecimiento
"RTF,402.0,120V 60HZ",RTF,590.0,3.2240436,5.5737705,0.0,0.5373173,2.565738,0.060109289617486336,0.0,Riesgo desabastecimiento
"RTF,422.0,120V 60HZ",RTF,5246.0,8.287519,30.21169,0.0,0.3802718,9.953345,0.026856240126382307,0.0,Riesgo desabastecimiento
"RTF,466.0,120V 60HZ",RTF,-5.0,-0.026455026,0.45502645,0.0,-0.0051146387,0.45103326,0.005291005291005291,0.0,Normal
"RTF,470.0,120V 60HZ",RTF,0.0,0.0,0.0,0.0,0.0,0.0,0.0,0.0,Normal
"RTF,478.0,110-120V 60HZ",RTF,5808.0,5.6941175,14.408824,0.0,0.5700857,4.2546697,0.06666666666666667,0.0,Riesgo desabastecimiento
"RTF,481.0,110-120V 60HZ",RTF,1374.0,4.6734695,9.268707,0.0,0.6491911,3.1769695,0.1054421768707483,0.0,Riesgo desabastecimiento
"RTF,516.0,120V 60HZ",RTF,171.0,0.76,1.6933334,0.0,0.12502524,1.1866809,0.017777777777777778,0.0,Riesgo desabastecimiento
"RTF,518.0,110-120V 60HZ",RTF,4230.0,4.812287,10.185438,0.0,0.4853644,2.98079,0.05460750853242321,0.0,Riesgo desabastecimiento
"RTF,533.0,120V 60HZ",RTF,3689.0,6.71949,22.642986,0.0,0.51969016,8.25702,0.03642987249544627,0.0,Riesgo desabastecimiento
"SET BACK BOX,SNOW-AAE,0,UNITED STATES,FK",SET BACK BOX,0.0,0.0,0.0,0.0,0.0,0.0,0.0,0.0,Normal
"SET BACK BOX,SNOW-JMU,0,UNITED STATES,FH",SET BACK BOX,0.0,0.0,0.0,0.0,0.0,0.0,0.0,0.0,Normal
"SIGNAGE_OUTDOOR,OH46B-S,46,UNITED STATES",SIGNAGE_OUTDOOR,0.0,0.0,0.0,0.0,0.0,0.0,0.0,0.0,Normal
"SIGNAGE_OUTDOOR,OH55A-S,55,UNITED STATES",SIGNAGE_OUTDOOR,131.0,1.4086021,1.3870968,0.0,0.7997909,0.82676,0.0967741935483871,0.0,Riesgo desabastecimiento
"SIGNAGE_STANDALONE,QB13R-M,13,UNITED STA",SIGNAGE_STANDALONE,188.0,1.9583334,4.0416665,29.0,1.4520389,3.1166286,0.07291666666666667,62.308464,Alta rotacion
"SIGNAGE_STANDALONE,QB24C,23.8,UNITED STA",SIGNAGE_STANDALONE,113.0,0.96581197,1.6581197,3.0,0.6959857,1.3981713,0.1282051282051282,12.787319,Normal
"SIGNAGE_STANDALONE,QB43B,43,UNITED STATE",SIGNAGE_STANDALONE,248.0,2.2962964,7.1666665,0.0,0.96503246,5.6973386,0.09259259259259259,0.0,Riesgo desabastecimiento
"SIGNAGE_STANDALONE,QB43C,43,UNITED STATE",SIGNAGE_STANDALONE,694.0,3.5050504,9.156566,0.0,1.0290388,4.9082623,0.0707070707070707,0.0,Riesgo desabastecimiento
"SIGNAGE_STANDALONE,QB50C,50,UNITED STATE",SIGNAGE_STANDALONE,720.0,3.4782608,7.458937,0.0,1.6937143,5.231355,0.07729468599033816,0.0,Riesgo desabastecimiento
"SIGNAGE_STANDALONE,QB55C,55,UNITED STATE",SIGNAGE_STANDALONE,590.0,2.5877192,5.9473686,0.0,0.75557095,3.775244,0.043859649122807015,0.0,Riesgo desabastecimiento
"SIGNAGE_STANDALONE,QB65C,65,UNITED STATE",SIGNAGE_STANDALONE,264.0,1.5438596,2.2690058,0.0,0.69686913,1.6133196,0.08771929824561403,0.0,Riesgo desabastecimiento
"SIGNAGE_STANDALONE,QB75B,75,UNITED STATE",SIGNAGE_STANDALONE,4.0,0.083333336,0.104166664,0.0,0.083333336,0.104166664,0.0625,0.0,Riesgo desabastecimiento
"SIGNAGE_STANDALONE,QB75C,75,UNITED STATE",SIGNAGE_STANDALONE,62.0,0.4920635,1.3809524,0.0,0.28350338,1.2541096,0.07936507936507936,0.0,Riesgo desabastecimiento
"SIGNAGE_STANDALONE,QB85C,85,UNITED STATE",SIGNAGE_STANDALONE,49.0,0.33333334,0.5170068,0.0,0.14536767,0.3869389,0.047619047619047616,0.0,Riesgo desabastecimiento
"SIGNAGE_STANDALONE,QE98C,98,UNITED STATE",SIGNAGE_STANDALONE,21.0,0.18421052,0.7982456,0.0,0.12426901,0.73648614,0.05263157894736842,0.0,Riesgo desabastecimiento
"SIGNAGE_STANDALONE,QH55C,55,UNITED STATE",SIGNAGE_STANDALONE,1.0,0.041666668,0.0,0.0,0.041666668,0.0,0.041666666666666664,0.0,Riesgo desabastecimiento
"SIGNAGE_STANDALONE,QH65C,65,UNITED STATE",SIGNAGE_STANDALONE,2.0,0.0952381,0.0,0.0,0.0952381,0.0,0.047619047619047616,0.0,Riesgo desabastecimiento
"SIGNAGE_STANDALONE,QH75C,75,UNITED STATE",SIGNAGE_STANDALONE,1.0,0.083333336,0.0,0.0,0.083333336,0.0,0.08333333333333333,0.0,Riesgo desabastecimiento
"SIGNAGE_STANDALONE,QM32C,32,UNITED STATE",SIGNAGE_STANDALONE,605.0,3.8050315,4.8930817,0.0,1.0450944,2.6449375,0.07547169811320754,0.0,Riesgo desabastecimiento
"SIGNAGE_STANDALONE,QM43B,43,UNITED STATE",SIGNAGE_STANDALONE,555.0,4.3023257,10.44186,0.0,0.91797084,6.659093,0.05426356589147287,0.0,Riesgo desabastecimiento
"SIGNAGE_STANDALONE,QM43C,43,UNITED STATE",SIGNAGE_STANDALONE,1510.0,6.1382113,7.398374,0.0,1.2386776,2.8446743,0.056910569105691054,0.0,Riesgo desabastecimiento
"SIGNAGE_STANDALONE,QM55C,55,UNITED STATE",SIGNAGE_STANDALONE,1299.0,5.4125,8.720834,0.0,1.0676723,4.2541,0.05,0.0,Riesgo desabastecimiento
"SIGNAGE_STANDALONE,QM65C,65,UNITED STATE",SIGNAGE_STANDALONE,491.0,2.2117116,2.59009,0.0,1.0595771,1.8040481,0.0945945945945946,0.0,Riesgo desabastecimiento
"SIGNAGE_STANDALONE,QM75B,75,UNITED STATE",SIGNAGE_STANDALONE,21.0,0.5833333,0.7777778,0.0,0.46851853,0.70415294,0.027777777777777776,0.0,Riesgo desabastecimiento
"SIGNAGE_STANDALONE,QM75C,75,UNITED STATE",SIGNAGE_STANDALONE,128.0,1.0158731,1.7698413,0.0,0.61940306,1.5280166,0.12698412698412698,0.0,Riesgo desabastecimiento
"SIGNAGE_STANDALONE,QM85C,85,UNITED STATE",SIGNAGE_STANDALONE,54.0,0.46153846,1.1538461,4.0,0.3374644,1.1071302,0.13675213675213677,34.090565,Normal
"SIGNAGE_STANDALONE,QP105DX-5K,105,UNITED",SIGNAGE_STANDALONE,0.0,0.0,0.14285715,2.0,0.0,0.14285715,0.0,200.0,Exceso inventario
"SIGNAGE_STANDALONE,SH37C,37,UNITED STATE",SIGNAGE_STANDALONE,30.0,0.90909094,3.8181818,1.0,0.77922076,3.7204301,0.030303030303030304,4.5163755,Normal
"SIGNAGE_TOUCH,QB13R-TM,13,UNITED STATES,",SIGNAGE_TOUCH,7.0,0.21212122,0.27272728,0.0,0.21212122,0.27272728,0.09090909090909091,0.0,Riesgo desabastecimiento
"SIGNAGE_TOUCH,QB24C-T,23.8,UNITED STATES",SIGNAGE_TOUCH,4.0,0.06349207,7.269841,0.0,0.06349207,7.269841,0.047619047619047616,0.0,Riesgo desabastecimiento
"SIGNAGE_TOUCH,QM43B-T,43,UNITED STATES,F",SIGNAGE_TOUCH,57.0,0.3653846,0.41666666,0.0,0.29615384,0.30895552,0.07051282051282051,0.0,Riesgo desabastecimiento
"SIGNAGE_TOUCH,QM55B-T,55,UNITED STATES,F",SIGNAGE_TOUCH,39.0,0.27659574,0.8794326,1.0,0.14300911,0.7951371,0.05673758865248227,13.454498,Normal
"SIGNAGE_VIDEOWALL,VH55C-R,55,UNITED STAT",SIGNAGE_VIDEOWALL,14.0,0.6666667,3.857143,16.0,0.090569556,3.3234599,0.0,96.94692,Normal
"TABLET,GT-N5100,BROWN BLACK,COO",TABLET,0.0,0.0,0.5714286,1.0,0.0,0.5714286,0.0,100.0,Exceso inventario
"TABLET,GT-N5100,WHITE,COO",TABLET,0.0,0.0,1.5,0.0,0.0,1.5,0.0,0.0,Normal
"TABLET,GT-P5210,GOLD BROWN,COO",TABLET,0.0,0.0,0.5714286,1.0,0.0,0.5714286,0.0,100.0,Exceso inventario
"TABLET,SM-P200,BLACK,COO",TABLET,4.0,0.055555556,0.875,0.0,0.03587963,0.86189723,0.013888888888888888,0.0,Riesgo desabastecimiento
"TABLET,SM-P200,GRAY,COO",TABLET,4.0,0.083333336,1.2083334,0.0,0.055555556,1.1951058,0.020833333333333332,0.0,Riesgo desabastecimiento
"TABLET,SM-P205,BLACK,COO",TABLET,0.0,0.0,0.0,0.0,0.0,0.0,0.0,0.0,Normal
"TABLET,SM-P205,GRAY,COO",TABLET,0.0,0.0,2.0,2.0,0.0,2.0,0.0,200.0,Exceso inventario
"TABLET,SM-P350,GRAY,COO",TABLET,0.0,0.0,0.0,0.0,0.0,0.0,0.0,0.0,Normal
"TABLET,SM-P355M,WHITE,COO",TABLET,0.0,0.0,0.0,0.0,0.0,0.0,0.0,0.0,Normal
"TABLET,SM-P580,WHITE,COO",TABLET,0.0,0.0,3.75,0.0,0.0,3.75,0.0,0.0,Normal
"TABLET,SM-P585M,BLACK,COB",TABLET,0.0,0.0,0.16666667,0.0,0.0,0.16666667,0.0,0.0,Normal
"TABLET,SM-P585M,BLACK,COM",TABLET,5.0,0.41666666,4.3333335,0.0,0.28472224,4.207547,0.08333333333333333,0.0,Riesgo desabastecimiento
"TABLET,SM-P585M,BLACK,COO",TABLET,0.0,0.0,0.0,0.0,0.0,0.0,0.0,0.0,Normal
"TABLET,SM-P585M,WHITE,COO",TABLET,0.0,0.0,0.6666667,0.0,0.0,0.6666667,0.0,0.0,Normal
"TABLET,SM-P610,BLUE,COO",TABLET,6.0,0.04255319,0.75886524,0.0,0.039007094,0.75752705,0.028368794326241134,0.0,Riesgo desabastecimiento
"TABLET,SM-P610,GRAY,COO",TABLET,50.0,0.25252524,2.3181818,0.0,0.08557241,2.0245185,0.025252525252525252,0.0,Riesgo desabastecimiento
"TABLET,SM-P610,PINK,COO",TABLET,0.0,0.0,0.0,0.0,0.0,0.0,0.0,0.0,Normal
"TABLET,SM-P613,BLUE,COO",TABLET,3315.0,12.277778,21.207407,0.0,3.5893698,5.7371783,0.18888888888888888,0.0,Riesgo desabastecimiento
"TABLET,SM-P613,GRAY,COO",TABLET,9690.0,21.824324,51.853603,0.0,3.7664177,8.226151,0.10585585585585586,0.0,Riesgo desabastecimiento
"TABLET,SM-P613,PINK,COO",TABLET,455.0,3.2971015,14.528986,0.0,1.162938,7.1839995,0.08695652173913043,0.0,Riesgo desabastecimiento
"TABLET,SM-P615,BLUE,COO",TABLET,0.0,0.0,0.20833333,0.0,0.0,0.20833333,0.0,0.0,Normal
"TABLET,SM-P619,GRAY,COO",TABLET,438.0,36.5,64.333336,0.0,14.522731,6.1756263,0.08333333333333333,0.0,Riesgo desabastecimiento
"TABLET,SM-P620,GRAY,COO",TABLET,19789.0,60.51682,106.57492,41.0,6.777602,8.108287,0.10397553516819572,2.9111712,Alta rotacion
"TABLET,SM-P620,LIGHT GREEN,COO",TABLET,8779.0,33.253788,45.340908,2.0,8.105167,4.6528034,0.14772727272727273,0.2582832,Riesgo desabastecimiento
"TABLET,SM-P625,GRAY,COO",TABLET,117.0,1.8571428,13.825397,40.0,0.18743381,9.781913,0.031746031746031744,90.51952,Normal
"TABLET,SM-P625,LIGHT GREEN,COO",TABLET,121.0,5.7619047,19.285715,0.0,2.3204494,9.753237,0.047619047619047616,0.0,Riesgo desabastecimiento
"TABLET,SM-T113NU,CREAM WHITE,COO",TABLET,0.0,0.0,11.25,0.0,0.0,11.25,0.0,0.0,Normal
"TABLET,SM-T113NU,EBONY BLACK,COO",TABLET,0.0,0.0,1.5,0.0,0.0,1.5,0.0,0.0,Normal
"TABLET,SM-T116BU,CREAM WHITE,COO",TABLET,0.0,0.0,0.0,0.0,0.0,0.0,0.0,0.0,Normal
"TABLET,SM-T116BU,EBONY BLACK,COO",TABLET,0.0,0.0,0.75,0.0,0.0,0.75,0.0,0.0,Normal
"TABLET,SM-T210,GOLD BROWN,COO",TABLET,0.0,0.0,0.41666666,0.0,0.0,0.41666666,0.0,0.0,Normal
"TABLET,SM-T2105,GREENISH YELLOW,COO",TABLET,0.0,0.0,0.41666666,0.0,0.0,0.41666666,0.0,0.0,Normal
"TABLET,SM-T211,WHITE,COO",TABLET,0.0,0.0,0.75,0.0,0.0,0.75,0.0,0.0,Normal
"TABLET,SM-T220,GRAY,COO",TABLET,11543.0,23.178715,41.56426,0.0,2.163227,5.9249015,0.08835341365461848,0.0,Riesgo desabastecimiento
"TABLET,SM-T220,SILVER,COO",TABLET,6721.0,16.47304,30.811274,0.0,1.7345574,5.1240697,0.0857843137254902,0.0,Riesgo desabastecimiento
"TABLET,SM-T225,GRAY,COO",TABLET,3833.0,14.196297,25.174074,0.0,1.0889254,6.642109,0.06666666666666667,0.0,Riesgo desabastecimiento
"TABLET,SM-T225,SILVER,COO",TABLET,2080.0,7.878788,21.401516,0.0,1.0793961,6.775845,0.06060606060606061,0.0,Riesgo desabastecimiento
"TABLET,SM-T230,EBONY BLACK,COO",TABLET,0.0,0.0,0.8333333,0.0,0.0,0.8333333,0.0,0.0,Normal
"TABLET,SM-T230,WHITE,COO",TABLET,0.0,0.0,1.5,0.0,0.0,1.5,0.0,0.0,Normal
"TABLET,SM-T280,BLACK,COO",TABLET,0.0,0.0,0.29166666,0.0,0.0,0.29166666,0.0,0.0,Normal
"TABLET,SM-T280,WHITE,COO",TABLET,0.0,0.0,0.29166666,0.0,0.0,0.29166666,0.0,0.0,Normal
"TABLET,SM-T285M,BLACK,COO",TABLET,0.0,0.0,0.8611111,0.0,0.0,0.8611111,0.0,0.0,Normal
"TABLET,SM-T285M,WHITE,COO",TABLET,0.0,0.0,0.5416667,0.0,0.0,0.5416667,0.0,0.0,Normal
"TABLET,SM-T290,BLACK,COO",TABLET,1.0,0.012345679,0.8271605,0.0,0.012345679,0.8271605,0.012345679012345678,0.0,Riesgo desabastecimiento
"TABLET,SM-T290,SILVER,COO",TABLET,0.0,0.0,0.0,0.0,0.0,0.0,0.0,0.0,Normal
"TABLET,SM-T295,BLACK,COO",TABLET,33.0,0.4074074,14.246914,0.0,0.012186386,13.282923,0.0,0.0,Riesgo desabastecimiento
"TABLET,SM-T295,SILVER,COO",TABLET,0.0,0.0,5.866667,0.0,0.0,5.866667,0.0,0.0,Normal
"TABLET,SM-T310,MIDNIGHT BLACK,COO",TABLET,0.0,0.0,0.75,0.0,0.0,0.75,0.0,0.0,Normal
"TABLET,SM-T310,WHITE,COO",TABLET,0.0,0.0,0.75,0.0,0.0,0.75,0.0,0.0,Normal
"TABLET,SM-T380,BLACK,COO",TABLET,0.0,0.0,9.75,0.0,0.0,9.75,0.0,0.0,Normal
"TABLET,SM-T380,SILVER,COO",TABLET,0.0,0.0,2.0,0.0,0.0,2.0,0.0,0.0,Normal
"TABLET,SM-T385M,SILVER,COO",TABLET,0.0,0.0,0.75,0.0,0.0,0.75,0.0,0.0,Normal
"TABLET,SM-T395,BLACK,COO",TABLET,0.0,0.0,3.75,0.0,0.0,3.75,0.0,0.0,Normal
"TABLET,SM-T500,GOLD,COO",TABLET,0.0,0.0,0.4074074,0.0,0.0,0.4074074,0.0,0.0,Normal
"TABLET,SM-T500,GRAY,COO",TABLET,4.0,0.019900497,0.6268657,0.0,0.013432836,0.6221722,0.009950248756218905,0.0,Riesgo desabastecimiento
"TABLET,SM-T500,SILVER,COO",TABLET,2.0,0.00952381,0.82857144,0.0,0.00952381,0.82857144,0.009523809523809525,0.0,Riesgo desabastecimiento
"TABLET,SM-T505,GOLD,COO",TABLET,1.0,0.022222223,1.6222222,2.0,0.0074074077,1.6138365,0.0,131.8569,Exceso inventario
"TABLET,SM-T505,GRAY,COO",TABLET,5.0,0.072463766,1.3623189,2.0,0.033816427,1.3483499,0.014492753623188406,74.48225,Exceso inventario
"TABLET,SM-T505,GRAY,GTO",TABLET,0.0,0.0,2.2,3.0,0.0,2.2,0.0,300.0,Exceso inventario
"TABLET,SM-T505,SILVER,COO",TABLET,2.0,0.022222223,1.5,0.0,0.009259259,1.4937106,0.0,0.0,Riesgo desabastecimiento
"TABLET,SM-T510,BLACK,COO",TABLET,0.0,0.0,0.0,0.0,0.0,0.0,0.0,0.0,Normal
"TABLET,SM-T510,SILVER,COO",TABLET,0.0,0.0,0.0,0.0,0.0,0.0,0.0,0.0,Normal
"TABLET,SM-T515,BLACK,COO",TABLET,0.0,0.0,0.0,0.0,0.0,0.0,0.0,0.0,Normal
"TABLET,SM-T545,BLACK,COO",TABLET,0.0,0.0,0.0,0.0,0.0,0.0,0.0,0.0,Normal
"TABLET,SM-T560,BLACK,COO",TABLET,0.0,0.0,3.0,3.0,0.0,3.0,0.0,300.0,Exceso inventario
"TABLET,SM-T575,BLACK,COO",TABLET,1765.0,18.385416,16.28125,0.0,5.4843287,3.528368,0.11458333333333333,0.0,Riesgo desabastecimiento
"TABLET,SM-T636B,BLACK,COO",TABLET,1085.0,8.611111,14.738095,0.0,2.8315394,6.5307274,0.12698412698412698,0.0,Riesgo desabastecimiento
"TABLET,SM-T700,WHITE,COO",TABLET,0.0,0.0,0.083333336,0.0,0.0,0.083333336,0.0,0.0,Normal
"TABLET,SM-T705M,WHITE,COO",TABLET,0.0,0.0,0.083333336,0.0,0.0,0.083333336,0.0,0.0,Normal
"TABLET,SM-T720,SILVER,COO",TABLET,0.0,0.0,0.0,0.0,0.0,0.0,0.0,0.0,Normal
"TABLET,SM-T733,BLACK,COO",TABLET,1720.0,7.257384,9.329114,0.0,2.5014958,2.7935126,0.13924050632911392,0.0,Riesgo desabastecimiento
"TABLET,SM-T733,LIGHT GREEN ,COO",TABLET,1.0,0.027777778,0.25,0.0,0.027777778,0.25,0.027777777777777776,0.0,Riesgo desabastecimiento
"TABLET,SM-T733,SILVER,COO",TABLET,1467.0,6.6986303,10.776256,0.0,1.4644674,3.6183426,0.1187214611872146,0.0,Riesgo desabastecimiento
"TABLET,SM-T830,BLACK,COO",TABLET,0.0,0.0,0.0,0.0,0.0,0.0,0.0,0.0,Normal
"TABLET,SM-T835,BLACK,COO",TABLET,0.0,0.0,1.0,1.0,0.0,1.0,0.0,100.0,Exceso inventario
"TABLET,SM-T865,BLUE,COO",TABLET,0.0,0.0,0.0,0.0,0.0,0.0,0.0,0.0,Normal
"TABLET,SM-T865,BROWN,COO",TABLET,0.0,0.0,0.0,0.0,0.0,0.0,0.0,0.0,Normal
"TABLET,SM-T865,GRAY,COO",TABLET,0.0,0.0,0.6388889,0.0,0.0,0.6388889,0.0,0.0,Normal
"TABLET,SM-T870,BLACK,COO",TABLET,0.0,0.0,0.041666668,0.0,0.0,0.041666668,0.0,0.0,Normal
"TABLET,SM-T870,BROWN,COO",TABLET,0.0,0.0,0.73333335,0.0,0.0,0.73333335,0.0,0.0,Normal
"TABLET,SM-T870,SILVER,COO",TABLET,0.0,0.0,0.4074074,0.0,0.0,0.4074074,0.0,0.0,Normal
"TABLET,SM-T970,BLACK,COO",TABLET,2.0,0.024691358,1.2716049,0.0,0.024691358,1.2716049,0.024691358024691357,0.0,Riesgo desabastecimiento
"TABLET,SM-T970,BROWN,COO",TABLET,0.0,0.0,0.47826087,0.0,0.0,0.47826087,0.0,0.0,Normal
"TABLET,SM-T970,SILVER,COO",TABLET,0.0,0.0,0.3548387,0.0,0.0,0.3548387,0.0,0.0,Normal
"TABLET,SM-W620,BLACK,COO",TABLET,0.0,0.0,0.0,0.0,0.0,0.0,0.0,0.0,Normal
"TABLET,SM-X110,GRAY,COO",TABLET,1385.0,4.616667,11.283334,0.0,0.88467246,5.0207143,0.05,0.0,Riesgo desabastecimiento
"TABLET,SM-X110,GRAY,L13",TABLET,43644.0,92.66242,220.55414,11.0,7.1915774,22.706701,0.09554140127388536,0.51021826,Riesgo desabastecimiento
"TABLET,SM-X110,SILVER,COO",TABLET,1128.0,5.6119404,11.8109455,0.0,0.79862815,5.1190066,0.05472636815920398,0.0,Riesgo desabastecimiento
"TABLET,SM-X110,SILVER,L13",TABLET,6352.0,24.620155,54.5,28.0,7.938343,20.851309,0.17054263565891473,4.881776,Alta rotacion
"TABLET,SM-X115,GRAY,COO",TABLET,293.0,4.883333,4.7,0.0,0.8141154,0.5451084,0.06666666666666667,0.0,Riesgo desabastecimiento
"TABLET,SM-X115,GRAY,L13",TABLET,3987.0,20.136364,39.803032,724.0,4.707755,8.112356,0.10606060606060606,154.27641,Alta rotacion
"TABLET,SM-X115,SILVER,COO",TABLET,200.0,5.5555553,5.388889,0.0,1.9711369,1.4925065,0.1111111111111111,0.0,Riesgo desabastecimiento
"TABLET,SM-X115,SILVER,L13",TABLET,3056.0,17.56322,28.994253,200.0,5.24857,7.713711,0.09770114942528736,48.846375,Alta rotacion
"TABLET,SM-X200,GRAY,COO",TABLET,34643.0,60.144096,128.26736,0.0,5.8734946,11.680267,0.0954861111111111,0.0,Riesgo desabastecimiento
"TABLET,SM-X200,SILVER,COO",TABLET,10630.0,22.008282,48.606625,0.0,2.7547584,9.64845,0.11387163561076605,0.0,Riesgo desabastecimiento
"TABLET,SM-X205,GRAY,COO",TABLET,4004.0,11.030303,36.107437,5.0,2.3341157,18.331057,0.0881542699724518,1.9416068,Riesgo desabastecimiento
"TABLET,SM-X205,SILVER,COO",TABLET,2690.0,9.340278,22.26736,1.0,1.3311181,8.384675,0.0798611111111111,0.45826206,Riesgo desabastecimiento
"TABLET,SM-X210,GRAY,COO",TABLET,77691.0,166.00641,460.82266,5.0,6.836714,90.88327,0.08974358974358974,0.12947954,Riesgo desabastecimiento
"TABLET,SM-X210,SILVER,COO",TABLET,21974.0,49.158836,76.32886,76.0,4.444521,9.489289,0.08053691275167785,6.6420283,Alta rotacion
"TABLET,SM-X216B,GRAY,COO",TABLET,5917.0,22.412878,50.007576,0.0,3.878049,8.79556,0.11742424242424243,0.0,Riesgo desabastecimiento
"TABLET,SM-X216B,SILVER,COO",TABLET,2756.0,12.414414,21.837837,0.0,3.324429,5.0278296,0.0990990990990991,0.0,Riesgo desabastecimiento
"TABLET,SM-X306B,GREEN,L13",TABLET,1301.0,12.390476,15.580953,0.0,4.1935577,6.985699,0.14285714285714285,0.0,Riesgo desabastecimiento
"TABLET,SM-X510,GRAY,COO",TABLET,5959.0,13.890443,19.3007,0.0,3.4513557,4.903207,0.08857808857808858,0.0,Riesgo desabastecimiento
"TABLET,SM-X510,LIGHT GREEN,COO",TABLET,3003.0,10.536842,10.357895,0.0,4.47669,3.1602395,0.14035087719298245,0.0,Riesgo desabastecimiento
"TABLET,SM-X510,SILVER,COO",TABLET,3430.0,9.689265,13.050847,0.0,3.176352,3.879627,0.12994350282485875,0.0,Riesgo desabastecimiento
"TABLET,SM-X520,GRAY,COO",TABLET,1942.0,7.113553,11.399267,19.0,1.9187645,1.8492336,0.018315018315018316,11.416111,Alta rotacion
"TABLET,SM-X520,LIGHT BLUE,COO",TABLET,1320.0,5.5,7.7708335,33.0,1.7590874,1.3573068,0.0375,25.599857,Alta rotacion
"TABLET,SM-X610,GRAY,COO",TABLET,3440.0,10.058479,11.409357,0.0,3.6342392,3.80351,0.14327485380116958,0.0,Riesgo desabastecimiento
"TABLET,SM-X610,LIGHT GREEN,COO",TABLET,2012.0,8.709957,11.177489,0.0,4.3961005,4.5361333,0.17316017316017315,0.0,Riesgo desabastecimiento
"TABLET,SM-X610,SILVER,COO",TABLET,2006.0,6.9652777,12.78125,0.0,2.4465015,4.810303,0.1527777777777778,0.0,Riesgo desabastecimiento
"TABLET,SM-X620,GRAY,COO",TABLET,939.0,4.064935,9.632034,13.0,1.3326927,2.8009794,0.025974025974025976,13.60781,Alta rotacion
"TABLET,SM-X620,LIGHT BLUE,COO",TABLET,520.0,3.0952382,6.547619,17.0,1.3439757,1.8206947,0.041666666666666664,23.293325,Alta rotacion
"TABLET,SM-X700,GRAY,COO",TABLET,707.0,2.8739836,6.211382,0.0,1.1753839,3.652466,0.08943089430894309,0.0,Riesgo desabastecimiento
"TABLET,SM-X706B,GRAY,COO",TABLET,25.0,2.0833333,0.0,0.0,2.0833333,0.0,0.08333333333333333,0.0,Riesgo desabastecimiento
"TABLET,SM-X710,BEIGE,COO",TABLET,177.0,1.6388888,1.0277778,0.0,1.3470422,0.70278245,0.14814814814814814,0.0,Riesgo desabastecimiento
"TABLET,SM-X710,GRAY,COO",TABLET,1059.0,3.3301888,6.292453,0.0,1.6863052,3.6055343,0.11320754716981132,0.0,Riesgo desabastecimiento
"TABLET,SM-X800,GRAY,COO",TABLET,436.0,1.7723577,5.784553,0.0,0.6449963,4.0061245,0.0975609756097561,0.0,Riesgo desabastecimiento
"TABLET,SM-X810,BEIGE,COO",TABLET,172.0,0.9717514,0.920904,0.0,0.6917322,0.69825363,0.13559322033898305,0.0,Riesgo desabastecimiento
"TABLET,SM-X810,GRAY,COO",TABLET,617.0,2.0363035,2.9669967,0.0,0.9368362,1.5917628,0.10891089108910891,0.0,Riesgo desabastecimiento
"TABLET,SM-X820,GRAY,COO",TABLET,1313.0,6.94709,14.380953,18.0,2.2557476,4.3733535,0.12698412698412698,11.07282,Alta rotacion
"TABLET,SM-X900,GRAY,COO",TABLET,491.0,1.8185185,6.9,0.0,0.6582058,4.394716,0.08888888888888889,0.0,Riesgo desabastecimiento
"TABLET,SM-X910,BEIGE,COO",TABLET,154.0,1.0694444,2.2847223,0.0,0.5229238,1.8428046,0.125,0.0,Riesgo desabastecimiento
"TABLET,SM-X910,GRAY,COO",TABLET,597.0,1.9320388,4.97411,0.0,0.8215973,2.8262098,0.10032362459546926,0.0,Riesgo desabastecimiento
"TABLET,SM-X920,GRAY,COO",TABLET,862.0,5.1309524,13.476191,37.0,1.5205538,4.8167853,0.08928571428571429,30.750187,Alta rotacion
"TWM,SELACOL,CO,7.5",TWM,39852.0,47.612904,74.218636,1.0,2.5346823,7.976348,0.06093189964157706,0.09023016,Riesgo desabastecimiento
"VCC,SELACOL,120V/60HZ,1300,CYCLONE",VCC,0.0,0.0,1.2727273,0.0,0.0,1.2727273,0.0,0.0,Normal
"VCR,SAMCOL,120V/60HZ,40,BAG FREE",VCR,1502.0,13.907408,16.148148,93.0,1.3569266,3.578101,0.1388888888888889,28.665829,Alta rotacion
"VCR,SEA,120V/60HZ,40,BAG FREE",VCR,268.0,1.4408603,3.3817205,0.0,0.3258294,2.0851529,0.06451612903225806,0.0,Riesgo desabastecimiento
"VCR,SELACOL,120V/60HZ,24,BAG FREE",VCR,3424.0,10.190476,25.723215,3.0,1.2409078,5.6063123,0.13095238095238096,1.2605687,Riesgo desabastecimiento
"VCS,SELACOL,120V/60HZ,170,CYCLONE",VCS,0.0,0.0,0.0,0.0,0.0,0.0,0.0,0.0,Normal
"VCS,SEM,120V/60HZ,1050,MULTI CYCLONE",VCS,5.0,0.083333336,1.2666667,15.0,0.009686717,1.1406652,0.0,510.5541,Exceso inventario
"VCS,SEM,120V/60HZ,410,MULTI CYCLONE",VCS,2.0,0.033333335,2.15,10.0,0.0023015875,2.0650945,0.0,563.3188,Exceso inventario
"VCS,SEM,120V/60HZ,580,MULTI CYCLONE",VCS,7.0,0.11666667,1.65,9.0,0.009038461,1.3726715,0.0,242.37999,Exceso inventario
"VCS,SEM,120V/60HZ,770,MULTI CYCLONE",VCS,3.0,0.07692308,1.9230769,15.0,0.006726607,1.7682632,0.0,537.8448,Exceso inventario
"VTL,1000,CMH,SET",VTL,0.0,0.0,0.0,0.0,0.0,0.0,0.0,0.0,Normal
"WAC,2.3,KW,CO,R22",WAC,0.0,0.0,0.083333336,0.0,0.0,0.083333336,0.0,0.0,Normal
"WAC,3.5,KW,CO",WAC,3.0,0.25,0.5,0.0,0.25,0.5,0.08333333333333333,0.0,Riesgo desabastecimiento
"WAC,5.3,KW,CO,R22",WAC,1.0,0.083333336,0.16666667,0.0,0.083333336,0.16666667,0.08333333333333333,0.0,Riesgo desabastecimiento
