Producto,Cust_Sales,participacion_%,participacion_acum_%,en_pareto_80
"MOBILE,SM-A155M/DSN,BLACK,LTC",180344.0,1.9900752,1.9900752,True
"MOBILE,SM-A055M/DS,BLACK,LTC",169753.0,1.8732047,3.8632798,True
"MOBILE,SM-A145M/DS,BLACK,LTC",163824.0,1.8077788,5.6710587,True
"MOBILE,SM-A155M/DSN,LIGHT BLUE,LTC",153121.0,1.6896725,7.360731,True
"OWM,SELACOL,CO,19",132365.0,1.4606324,8.821363,True
"MOBILE,SM-A145M/DS,LIGHT GREEN ,LTC",119080.0,1.314034,10.135397,True
"MOBILE,SM-A356E/DS,BLACK,LTC",112506.0,1.2414907,11.376887,True
"MOBILE,SM-A042M/DS,BLACK,LTC",108830.0,1.2009265,12.577814,True
"LED TV,UN40T5290AK,40,COLOMBIA,UWM00/U40",97026.0,1.0706707,13.648485,True
"MOBILE,SM-A245M/DSN,BLACK,LTC",96122.0,1.0606952,14.709181,True
"MOBILE,SM-A042M/DS,LIGHT BLUE,LTC",95487.0,1.053688,15.762869,True
"AV RECEIVER,HW-C400,COLOMBIA",91800.0,1.0130024,16.775871,True
"MOBILE,SM-A055M/DS,LIGHT GREEN,LTC",90372.0,0.9972446,17.773115,True
"MOBILE,SM-A055M/DS,SILVER,LTC",90003.0,0.9931727,18.766289,True
"MOBILE,SM-A145M,BLACK,COM",87557.0,0.9661814,19.73247,True
"MOBILE,SM-A055M,BLACK,COM",85565.0,0.94419986,20.67667,True
"LED TV,UN58CU7000K,58,COLOMBIA,UWS31/U58",80947.0,0.8932408,21.56991,True
"MOBILE,SM-A156M/N,LIGHT BLUE,COM",79530.0,0.87760437,22.447514,True
"MOBILE,SM-A065M/DS,BLACK,LTC",79100.0,0.87285936,23.320374,True
"MOBILE,SM-A156M/N,BLACK,COM",78168.0,0.8625749,24.18295,True
"TABLET,SM-X210,GRAY,COO",77691.0,0.8573112,25.04026,True
"OWM,SELACOL,CO,13",75074.0,0.8284329,25.868692,True
"MOBILE,SM-A356E/DS,LIGHT BLUE,LTC",71711.0,0.79132265,26.660015,True
"MOBILE,SM-A057M/DS,BLACK,LTC",69381.0,0.76561135,27.425627,True
"MOBILE,SM-A245M/N,BLACK,COM",68907.0,0.7603808,28.186008,True
"LED TV,UN32T4300AK,32,COLOMBIA,UWM01/U32",67732.0,0.7474148,28.933424,True
"MOBILE,SM-A145M,SILVER,COM",67299.0,0.74263674,29.676062,True
"MOBILE,SM-A165M/DS,BLACK,LTC",67282.0,0.7424491,30.41851,True
"MOBILE,SM-A245M/DSN,LIGHT GREEN ,LTC",65113.0,0.71851444,31.137024,True
"MOBILE,SM-A065M/DS,LIGHT BLUE,LTC",64209.0,0.7085389,31.845562,True
"OWM,SELACOL,CO,15",64112.0,0.7074685,32.553032,True
"MOBILE,SM-A045M/DS,BLACK,LTC",62133.0,0.6856305,33.238663,True
"MOBILE,SM-A047M/DS,BLACK,LTC",61051.0,0.67369074,33.912354,True
"MOBILE,SM-A356E,BLACK,COM",60311.0,0.6655249,34.577877,True
"MOBILE,SM-A055M,SILVER,COM",59557.0,0.6572046,35.23508,True
"LED MON,S22A336NHL,22,COLOMBIA,LG10/S22T",58353.0,0.64391863,35.878998,True
"LED MON,F24T350FHL,24,COLOMBIA,LS00/S24T",56503.0,0.62350404,36.502502,True
"MOBILE,SM-A065M,BLACK,COM",56235.0,0.62054676,37.12305,True
"OWM,SELACOL,CO,17",54614.0,0.60265917,37.725708,True
"MOBILE,SM-A057M,BLACK,COM",52790.0,0.5825316,38.30824,True
"MOBILE,SM-A356E/DS,LIGHT VIOLET,LTC",51419.0,0.5674027,38.87564,True
"MOBILE,SM-A226BR/DSN,GRAY,LTC",50315.0,0.5552202,39.430862,True
"MOBILE,SM-A045M/DS,GREEN,LTC",50307.0,0.555132,39.985996,True
"MOBILE,SM-A165M/DS,GRAY,LTC",50307.0,0.555132,40.54113,True
"LED TV,UN55CU7000K,55,COLOMBIA,UWS31/U55",49714.0,0.5485883,41.089718,True
"LED TV,UN65DU7000K,65,COLOMBIA,UWS41/U65",49367.0,0.54475915,41.634476,True
"MOBILE,SM-A226BR/DSN,LIGHT GREEN ,LTC",47254.0,0.5214424,42.15592,True
"MOBILE,SM-A155M/DSN,YELLOW,LTC",47167.0,0.52048236,42.6764,True
"LED TV,UN50CU7000K,50,COLOMBIA,UWS31/U50",47131.0,0.5200851,43.196484,True
"MOBILE,SM-A135M,LIGHT BLUE,COM",47057.0,0.5192685,43.71575,True
"MOBILE,SM-A057M,SILVER,COM",47012.0,0.518772,44.234524,True
"MOBILE,SM-A346M/DSN,BLACK,LTC",46858.0,0.5170726,44.751595,True
"MOBILE,SM-A065M/DS,LIGHT GREEN,LTC",46772.0,0.5161236,45.26772,True
"MOBILE,SM-A047M/DS,GREEN,LTC",44456.0,0.49056682,45.758286,True
"MOBILE,SM-A135M,BLACK,COM",44272.0,0.48853642,46.246822,True
"MOBILE,SM-A256E/DSN,BLUE,LTC",43898.0,0.48440936,46.73123,True
"TABLET,SM-X110,GRAY,L13",43644.0,0.4816065,47.212837,True
"MOBILE,SM-A057M/DS,SILVER,LTC",43326.0,0.47809744,47.690933,True
"MOBILE,SM-A057M,BLACK,LTC",43099.0,0.4755925,48.166527,True
"MOBILE,SM-A245M/N,LIGHT GREEN ,COM",42484.0,0.46880603,48.635334,True
"LED TV,UN55DU7000K,55,COLOMBIA,UWS41/U55",42278.0,0.46653286,49.101868,True
"MOBILE,SM-A256E/DSN,BLACK,LTC",41450.0,0.45739597,49.559265,True
"LED TV,UN65CU7000K,65,COLOMBIA,UWS31/U65",41171.0,0.4543172,50.013584,True
"FWM,SELACOL,CO,22",40907.0,0.45140404,50.46499,True
"LED TV,UN60DU7000K,60,COLOMBIA,UWS41/U60",40821.0,0.450455,50.915443,True
"MINI COMPONENT,MX-T40,COLOMBIA",40653.0,0.4486012,51.364044,True
"MOBILE,SM-A346M/N,BLACK,COM",40588.0,0.44788387,51.811928,True
"LED TV,UN50DU7000K,50,COLOMBIA,UWS41/U50",40586.0,0.4478618,52.25979,True
"LED TV,UN43DU7000K,43,COLOMBIA,UWS41/U43",40484.0,0.44673625,52.706524,True
"MOBILE,SM-A346M/N,SILVER,COM",40169.0,0.44326028,53.149784,True
"MOBILE,SM-A346M/DSN,LIGHT GREEN ,LTC",39902.0,0.44031394,53.5901,True
"TWM,SELACOL,CO,7.5",39852.0,0.43976223,54.02986,True
"MOBILE,SM-A165M/DS,LIGHT GREEN,LTC",38521.0,0.42507482,54.454937,True
"MOBILE,SM-A055M,LIGHT GREEN,COM",37536.0,0.41420543,54.86914,True
"MOBILE,SM-A042M,BLACK,COM",37506.0,0.4138744,55.283016,True
"MOBILE,SM-A245M/DSN,SILVER,LTC",37418.0,0.4129033,55.69592,True
"MOBILE,SM-A245M/N,SILVER,COM",37124.0,0.40965906,56.10558,True
"QLED TV,QN55Q60DAK,55,COLOMBIA,QWK30/Q55",36708.0,0.40506855,56.510647,True
"MOBILE,SM-A166M,BLACK,COM",36549.0,0.403314,56.91396,True
"MOBILE,SM-A135M/DS,LIGHT BLUE,LTC",36226.0,0.39974973,57.31371,True
"LED TV,UN43CU7000K,43,COLOMBIA,UWS31/U43",36173.0,0.39916492,57.712875,True
"MOBILE,SM-A135M/DS,BLACK,LTC",35997.0,0.39722273,58.1101,True
"RTF,243.0,120V 60HZ",35948.0,0.39668205,58.506783,True
"MOBILE,SM-A042M,LIGHT BLUE,COM",35843.0,0.39552337,58.902306,True
"MOBILE,SM-A047M,BLACK,COM",35438.0,0.39105424,59.29336,True
"MOBILE,SM-A356E,LIGHT BLUE,COM",35317.0,0.389719,59.683083,True
"TABLET,SM-X200,GRAY,COO",34643.0,0.3822815,60.065365,True
"MOBILE,SM-A556E,BLACK,COM",34408.0,0.37968832,60.445053,True
"MOBILE,SM-A346M/N,LIGHT GREEN ,COM",34056.0,0.37580404,60.820858,True
"MINI COMPONENT,MX-T50,COLOMBIA",31085.0,0.34301937,61.163876,True
"MINI COMPONENT,MX-T70,COLOMBIA",30984.0,0.34190485,61.50578,True
"MOBILE,SM-A556E/DS,BLACK,LTC",30135.0,0.33253625,61.838314,True
"MOBILE,SM-A032M/DS,CERAMIC BLACK,LTC",30005.0,0.33110172,62.169415,True
"MOBILE,SM-A546E/DS,BLACK,LTC",29874.0,0.32965612,62.49907,True
"MOBILE,SM-A256E/N,BLUE,COM",28998.0,0.3199896,62.819057,True
"MOBILE,SM-A256E/N,BLACK,COM",28813.0,0.31794813,63.137005,True
"LED TV,UN60BU8000K,60,COLOMBIA,UNS10/U60",28633.0,0.31596184,63.452965,True
"MOBILE,SM-A556E,LIGHT BLUE,COM",28456.0,0.31400868,63.76697,True
"MOBILE,SM-A045M,BLACK,COM",28051.0,0.30953953,64.07651,True
"MOBILE,SM-A065M,LIGHT BLUE,COM",27742.0,0.30612975,64.38264,True
"MOBILE,SM-A057M,SILVER,LTC",27710.0,0.30577666,64.688416,True
"MOBILE,SM-A047M,GREEN,COM",27700.0,0.3056663,64.99408,True
"MOBILE,SM-A145M/DS,SILVER,LTC",27470.0,0.30312827,65.29721,True
"OWM,SELACOL,CO,18",26937.0,0.2972467,65.59446,True
"LED TV,UN50CU8000K,50,COLOMBIA,UWY30/U50",26447.0,0.2918396,65.8863,True
"MOBILE,SM-A057M/DS,LIGHT VIOLET,LTC",26444.0,0.2918065,66.17811,True
"RTF,264.0,120V 60HZ",25746.0,0.28410414,66.46221,True
"MOBILE,SM-A266M/DS,BLACK,LTC",25199.0,0.27806807,66.74028,True
"MOBILE,SM-A065M,LIGHT GREEN,COM",24927.0,0.27506655,67.01535,True
"QLED TV,QN55Q60CAK,55,COLOMBIA,QWK30/Q55",24587.0,0.2713147,67.28667,True
"MOBILE,SM-A037M/DS,BLUE,LTC",24555.0,0.27096158,67.557625,True
"MOBILE,SM-A166M,LIGHT GREEN,COM",24522.0,0.27059746,67.828224,True
"MOBILE,SM-A166M,GRAY,COM",24400.0,0.26925117,68.09747,True
"MOBILE,SM-A032M/DS,LIGHT GREEN ,LTC",24232.0,0.26739734,68.36487,True
"MOBILE,SM-A035M/DS,BLUE,LTC",24187.0,0.26690075,68.63177,True
"MOBILE,SM-A057M,LIGHT VIOLET,COM",23913.0,0.26387718,68.895645,True
"LED TV,UN70DU7000K,70,COLOMBIA,UWS41/U70",23571.0,0.26010326,69.15575,True
"LED TV,UN50BU8000K,50,COLOMBIA,UNS10/U50",23102.0,0.2549279,69.410675,True
"RTF,311.0,120V 60HZ",22842.0,0.25205883,69.662735,True
"MOBILE,SM-G990E,GRAY,COM",22551.0,0.2488477,69.91158,True
"MOBILE,SM-A156M/N,YELLOW,COM",22304.0,0.24612206,70.15771,True
"LED TV,UN43BU8000K,43,COLOMBIA,UNS10/U43",22044.0,0.24325301,70.40096,True
"TABLET,SM-X210,SILVER,COO",21974.0,0.24248055,70.64344,True
"LED TV,UN55BU8000K,55,COLOMBIA,UNS10/U55",21613.0,0.23849694,70.881935,True
"MOBILE,SM-A546E,BLACK,COM",21215.0,0.23410507,71.11604,True
"QLED TV,QN50Q60DAK,50,COLOMBIA,QWK30/Q50",20753.0,0.22900696,71.34505,True
"MWO(COMMON),0.8,120V,ALL BLACK,TC",20571.0,0.22699861,71.572044,True
"MOBILE,SM-G990E/DS,GRAY,LTC",20402.0,0.2251337,71.79718,True
"MOBILE,SM-A556E/DS,LIGHT BLUE,LTC",20254.0,0.22350056,72.02068,True
"TABLET,SM-P620,GRAY,COO",19789.0,0.21836932,72.23905,True
"LED TV,UN43T5300AK,43,COLOMBIA,UWM00/U43",19325.0,0.21324915,72.4523,True
"MOBILE,SM-A037M/DS,BLACK,LTC",19122.0,0.21100906,72.66331,True
"MOBILE,SM-A032M,COPPER,COM",19100.0,0.21076629,72.87408,True
"MOBILE,SM-A356E,YELLOW,COM",18751.0,0.20691513,73.08099,True
"MOBILE,SM-A546E/DS,LIGHT GREEN ,LTC",18452.0,0.20361568,73.28461,True
"MOBILE,SM-A045M,GREEN,COM",18371.0,0.20272186,73.48733,True
"LED TV,UN65BU8000K,65,COLOMBIA,UNS10/U65",17886.0,0.19736995,73.6847,True
"MOBILE,SM-A366E/DS,BLACK,LTC",17860.0,0.19708304,73.88178,True
"MOBILE,SM-A035M/DS,BLACK,LTC",17460.0,0.19266908,74.074455,True
"AV RECEIVER,HW-C450,COLOMBIA",17434.0,0.19238217,74.26684,True
"MOBILE,SM-A225M/DS,LIGHT GREEN ,LTC",17428.0,0.19231597,74.45915,True
"AV RECEIVER,HW-T400,COLOMBIA",17320.0,0.1911242,74.650276,True
"MOBILE,SM-A556E/DS,LIGHT VIOLET,LTC",17196.0,0.18975589,74.840034,True
"MOBILE,SM-A032M,CERAMIC BLACK,COM",16834.0,0.18576126,75.025795,True
"MOBILE,SM-A057M,LIGHT VIOLET,LTC",16708.0,0.18437086,75.21017,True
"MOBILE,SM-S721B,BLACK,COM",16599.0,0.18316805,75.39333,True
"MOBILE,SM-A546E,LIGHT GREEN ,COM",16579.0,0.18294735,75.57628,True
"LED MON,S19A330NHL,19,COLOMBIA,LG10/S19T",16533.0,0.18243974,75.75872,True
"LED TV,UN55DU8000K,55,COLOMBIA,UWK40/U55",16462.0,0.18165627,75.94038,True
"MOBILE,SM-A225M,BLACK,COM",16380.0,0.18075141,76.121124,True
"MOBILE,SM-A266M/DS,LIGHT GREEN,LTC",16355.0,0.18047555,76.3016,True
"MOBILE,SM-A346M/DSN,SILVER,LTC",16255.0,0.17937206,76.48097,True
"QLED TV,QN50Q60CAK,50,COLOMBIA,QWK30/Q50",15697.0,0.17321458,76.65419,True
"RSS,26.5,120V 60HZ",15651.0,0.17270698,76.8269,True
"FWM,SELACOL,CO,20",15485.0,0.17087519,76.99777,True
"MOBILE,SM-A256E/N,YELLOW,COM",14953.0,0.16500463,77.16277,True
"MWO(COMMON),1.1,120V 60HZ,BLACK CAVIAR,T",14695.0,0.16215762,77.32493,True
"MOBILE,SM-A356E,LIGHT VIOLET,COM",14594.0,0.16104311,77.48597,True
"MWO(COMMON),1.3,120V,EBONY BLACK,TC",14341.0,0.15825127,77.64422,True
"LED TV,UN50BU8200K,50,COLOMBIA,UNS10/U50",14179.0,0.15646362,77.80068,True
"LED TV,UN70CU8000K,70,COLOMBIA,UWY30/U70",14026.0,0.15477529,77.95546,True
"MOBILE,SM-A155M/N,BLACK,COM",13991.0,0.15438907,78.10985,True
"MOBILE,SM-A256E/DSN,YELLOW,LTC",13860.0,0.1529435,78.262794,True
"QLED TV,QN43Q65BAK,43,COLOMBIA,QWK20/Q43",13798.0,0.15225933,78.415054,True
"OWM,SELACOL,CO,9",13747.0,0.15169656,78.56675,True
"LED MON,C27R500FHL,27,COLOMBIA,LY90/S27R",13746.0,0.15168552,78.71844,True
"MOBILE,SM-A336M/DSN,LIGHT BLUE,LTC",13671.0,0.15085791,78.86929,True
"MWO(COMMON),0.8,120V 60HZ,REAL STAINLESS",13636.0,0.15047169,79.01977,True
"QLED TV,QN65Q60DAK,65,COLOMBIA,QWK30/Q65",13495.0,0.14891577,79.168686,True
"MOBILE,SM-A336M/DSN,BLACK,LTC",13437.0,0.14827573,79.31696,True
"MOBILE,SM-S711B,GRAY,COM",13392.0,0.14777917,79.464745,True
"MOBILE,SM-A266M,BLACK,COM",13318.0,0.1469626,79.61171,True
"MOBILE,SM-S711B/DS,GRAY,LTC",13254.0,0.14625636,79.757965,True
"MOBILE,SM-S918B/DS,BLACK,LTC",13216.0,0.14583704,79.9038,True
"MOBILE,SM-A325M/DS,BLACK,LTC",13030.0,0.14378454,80.047585,False
"MOBILE,SM-S721B/DS,BLACK,LTC",12992.0,0.14336522,80.19095,False
"FCD,SELACOL,CO,22",12742.0,0.1406065,80.33156,False
"MOBILE,SM-A556E,LIGHT VIOLET,COM",12616.0,0.1392161,80.47077,False
"MOBILE,SM-S721B,GRAY,COM",12606.0,0.13910575,80.60988,False
"LED TV,UN65DU8000K,65,COLOMBIA,UWK40/U65",12520.0,0.13815676,80.74803,False
"MOBILE,SM-A032M/DS,COPPER,LTC",12363.0,0.13642427,80.88445,False
"FWM,SELACOL,CO,11.5",12194.0,0.13455938,81.01901,False
"FWM,SELACOL,CO,18",12150.0,0.13407385,81.15308,False
"LED TV,UN55BU8200K,55,COLOMBIA,UNS10/U55",11882.0,0.1311165,81.2842,False
"MWO(COMMON),0.8,120V 60HZ,EBONY BLACK,TA",11882.0,0.1311165,81.41532,False
"MOBILE,SM-A266M/DS,WHITE,LTC",11746.0,0.12961575,81.54494,False
"MON,F24T452FQN,24,UNITED STATES,LT00/S24",11602.0,0.12802672,81.672966,False
"LED TV,UN50DU8200K,50,COLOMBIA,UWK40/U50",11602.0,0.12802672,81.800995,False
"MOBILE,SM-S928B/DS,BLACK,LTC",11549.0,0.12744188,81.92844,False
"TABLET,SM-T220,GRAY,COO",11543.0,0.12737568,82.05581,False
"MOBILE,SM-A556E,YELLOW,COM",11404.0,0.12584183,82.18165,False
"MOBILE,SM-A536E/DS,BLACK,LTC",11387.0,0.12565422,82.307304,False
"MOBILE,SM-A325M/DS,BLUE,LTC",11331.0,0.12503627,82.43234,False
"MOBILE,SM-A155M/N,LIGHT BLUE,COM",11292.0,0.12460592,82.556946,False
"MOBILE,SM-A536E,BLACK,COM",11207.0,0.12366795,82.68061,False
"OWM,SAMCOL,CO,19",11129.0,0.122807235,82.80342,False
"MOBILE,SM-A366E,BLACK,COM",11090.0,0.12237687,82.9258,False
"RTF,399.0,120V 60HZ",11065.0,0.122101,83.0479,False
"LED TV,UN55DU8200K,55,COLOMBIA,UWK40/U55",11038.0,0.12180306,83.1697,False
"MOBILE,SM-M236B/DS,GREEN,COO",10977.0,0.12112993,83.29083,False
"MOBILE,SM-M236B/DS,LIGHT BLUE,COO",10971.0,0.12106372,83.411896,False
"QLED TV,QN55Q65BAK,55,COLOMBIA,QWK20/Q55",10958.0,0.12092027,83.532814,False
"MOBILE,SM-A356E/DS,YELLOW,LTC",10887.0,0.1201368,83.652954,False
"RTF,312.0,120V 60HZ",10868.0,0.11992713,83.77288,False
"MOBILE,SM-G990E,LIGHT VIOLET,COM",10834.0,0.119551934,83.89243,False
"LED TV,UN50DU8000K,50,COLOMBIA,UWK40/U50",10739.0,0.11850363,84.01094,False
"MOBILE,SM-A035M,BLUE,COM",10703.0,0.11810637,84.12904,False
"MOBILE,SM-A366E/DS,WHITE,LTC",10663.0,0.11766497,84.24671,False
"TABLET,SM-X200,SILVER,COO",10630.0,0.11730082,84.36401,False
"MOBILE,SM-A035M,BLACK,COM",10478.0,0.11562353,84.47964,False
"MWO(COMMON),0.8,120V 60HZ,BLACK CAVIAR,T",10387.0,0.114619344,84.59425,False
"RTF,373.0,120V 60HZ",10168.0,0.112202704,84.70646,False
"RFD,628.0,120V 60HZ",9993.0,0.110271595,84.816734,False
"RSS,26.5,110-120V 60HZ",9851.0,0.10870465,84.92544,False
"RSS,21.8,120V 60HZ",9746.0,0.10754599,85.03298,False
"MON,S22C310EAL,22,COLOMBIA,LM20/S22CN0-L",9715.0,0.1072039,85.14018,False
"FWM,SELACOL,CO,16",9697.0,0.107005276,85.247185,False
"TABLET,SM-P613,GRAY,COO",9690.0,0.106928036,85.35411,False
"LED TV,UN65BU8200K,65,COLOMBIA,UNS10/U65",9620.0,0.10615559,85.460266,False
"MOBILE,SM-S721B,LIGHT BLUE,COM",9611.0,0.10605628,85.56632,False
"MON,S24D300GAN,24,UNITED STATES,LL40/S24",9599.0,0.105923854,85.67225,False
"MWO(COMMON),1.4,120V 60HZ,REAL STAINLESS",9564.0,0.10553764,85.77779,False
"LED TV,UN75DU7000K,75,COLOMBIA,UWS41/U75",9553.0,0.10541625,85.8832,False
"MOBILE,SM-G990E/DS,LIGHT GREEN ,LTC",9512.0,0.104963824,85.98817,False
"OWM,SELACOL,CO,22",9410.0,0.103838265,86.092,False
"MOBILE,SM-A566E,BLACK,COM",9231.0,0.10186302,86.19386,False
"MWO(COMMON),0.8,120V,WHT,TC",9144.0,0.10090298,86.29477,False
"MOBILE,SM-A166M/DS,GRAY,LTC",9126.0,0.10070435,86.39548,False
"FWM,SELACOL,CO,12.5",8966.0,0.09893878,86.494415,False
"MOBILE,SM-A536E/DS,LIGHT BLUE,LTC",8956.0,0.09882843,86.59325,False
"RTF,375.0,120V 60HZ",8911.0,0.098331854,86.69158,False
"MOBILE,SM-S911B,BLACK,COM",8895.0,0.0981553,86.789734,False
"TABLET,SM-P620,LIGHT GREEN,COO",8779.0,0.09687526,86.88661,False
"MOBILE,SM-A366E,WHITE,COM",8737.0,0.09641179,86.983025,False
"LED MON,F27T350FHL,27,COLOMBIA,LS00/S27T",8512.0,0.09392894,87.07695,False
"MOBILE,SM-A266M,LIGHT GREEN,COM",8412.0,0.09282545,87.16978,False
"LED TV,UN55CU8000K,55,COLOMBIA,UWY30/U55",8398.0,0.09267096,87.26245,False
"MOBILE,SM-A536E,LIGHT BLUE,COM",8229.0,0.09080607,87.35326,False
"MOBILE,SM-S721B/DS,GRAY,LTC",8082.0,0.08918394,87.442444,False
"MOBILE,SM-S711B/DS,LIGHT GREEN,LTC",8058.0,0.0889191,87.531364,False
"QLED TV,QN70Q65DAK,70,COLOMBIA,QWK30/Q70",7984.0,0.08810252,87.61947,False
"LED TV,UN75CU7000K,75,COLOMBIA,UWS30/U75",7829.0,0.08639211,87.705864,False
"LCD MON,C32R500FHL,32,COLOMBIA,LY90/S32R",7691.0,0.084869295,87.79073,False
"MOBILE,SM-M135M/DS,GREEN,COO",7683.0,0.08478102,87.87551,False
"MOBILE,SM-S721B/DS,BLACK,LEC",7574.0,0.083578214,87.95909,False
"OWM,SELACOL,CO,23",7420.0,0.08187884,88.04097,False
"FWM,SELACOL,CO,25",7403.0,0.08169125,88.12266,False
"LED TV,UN70BU8000K,70,COLOMBIA,UNS10/U70",7359.0,0.08120572,88.203865,False
"LED TV,UN65CU8000K,65,COLOMBIA,UWY30/U65",7354.0,0.08115054,88.28502,False
"QLED TV,QN55Q7FAAK,55,COLOMBIA,QWD51/Q55",7287.0,0.0804112,88.36543,False
"MOBILE,SM-G781B/DS,BLUE,LTC",7265.0,0.08016844,88.4456,False
"MOBILE,SM-A166M/DS,BLACK,LTC",7235.0,0.07983739,88.52544,False
"AV RECEIVER,HW-B550,COLOMBIA",7201.0,0.07946221,88.6049,False
"MOBILE,SM-A566E/DS,BLACK,LTC",7197.0,0.07941806,88.68431,False
"MOBILE,SM-S928B/DS,TITANIUM,LTC",7118.0,0.07854631,88.762856,False
"MOBILE,SM-A266M,WHITE,COM",7117.0,0.07853527,88.84139,False
"MOBILE,SM-M135M/DS,LIGHT BLUE,COO",7101.0,0.07835872,88.919754,False
"PROJECTOR,SP-LFF3CLAX,COLOMBIA,RWS10/R00",7062.0,0.07792835,88.99768,False
"MOBILE,SM-S911B/DS,BLACK,LTC",7048.0,0.07777387,89.075455,False
"RLF,313.0,120V 60HZ",7021.0,0.07747593,89.15293,False
"MOBILE,SM-A566E,GRAY,COM",7021.0,0.07747593,89.23041,False
"LED MON,S24C310EAL,24,COLOMBIA,LM20/S24C",6978.0,0.07700142,89.30741,False
"RAC,3.4,KW,SET,CO,R410A",6963.0,0.0768359,89.38425,False
"LCD MON,S24AG320NL,24,COLOMBIA,LR10/S24A",6842.0,0.07550068,89.45975,False
"QLED TV,QN65Q60CAK,65,COLOMBIA,QWK30/Q65",6758.0,0.074573755,89.534325,False
"OWM,SAMCOL,CO,13",6744.0,0.07441926,89.60874,False
"QLED TV,QN75Q60DAK,75,COLOMBIA,QWK30/Q75",6743.0,0.074408226,89.68315,False
"MOBILE,SM-S721B/DS,LIGHT BLUE,LTC",6743.0,0.074408226,89.75756,False
"MOBILE,SM-M556B/DS,BLACK,COO",6738.0,0.074353054,89.83192,False
"TABLET,SM-T220,SILVER,COO",6721.0,0.07416546,89.90608,False
"MOBILE,SM-A556E/DS,YELLOW,LTC",6673.0,0.07363579,89.97972,False
"MOBILE,SM-A566E,GREEN,COM",6608.0,0.07291852,90.05264,False
"MOBILE,SM-A366E/DS,LIGHT GREEN,LTC",6514.0,0.07188124,90.12453,False
"LED TV,UN65DU8200K,65,COLOMBIA,UWK40/U65",6498.0,0.07170468,90.19623,False
"QLED TV,QN65Q65BAK,65,COLOMBIA,QWK20/Q65",6437.0,0.071031556,90.26726,False
"MOBILE,SM-S918B,BLACK,COM",6415.0,0.070788786,90.33804,False
"TABLET,SM-X110,SILVER,L13",6352.0,0.07009359,90.408134,False
"MOBILE,SM-S901E,BLACK,LTC",6351.0,0.07008255,90.47822,False
"MON,S27DG300EN,27,UNITED STATES,LL30/S27",6338.0,0.0699391,90.54816,False
"MOBILE,SM-S921B/DS,BLACK,LTC",6272.0,0.0692108,90.61737,False
"MWO(COMMON),1.1,120V 60HZ,REAL STAINLESS",6256.0,0.06903424,90.6864,False
"LED TV,UN43CU8000K,43,COLOMBIA,UWY30/U43",6135.0,0.06769902,90.7541,False
"QLED TV,QN50Q60BAK,50,COLOMBIA,QWK20/Q50",6129.0,0.06763281,90.82173,False
"MOBILE,SM-S938B/DS,BLACK,LTC",6069.0,0.06697071,90.8887,False
"MOBILE,SM-S711B/DS,PURPLE,LTC",6024.0,0.06647415,90.95518,False
"MOBILE,SM-A366E/DS,LIGHT VIOLET,LTC",6017.0,0.0663969,91.021576,False
"TABLET,SM-X510,GRAY,COO",5959.0,0.06575687,91.08733,False
"MOBILE,SM-S918B/DS,GREEN,LTC",5929.0,0.06542583,91.152756,False
"TABLET,SM-X216B,GRAY,COO",5917.0,0.06529342,91.21805,False
"MOBILE,SM-S721B,LIGHT GREEN,COM",5904.0,0.06514996,91.283195,False
"MOBILE,SM-A336M,BLACK,COM",5849.0,0.06454304,91.34774,False
"RTF,478.0,110-120V 60HZ",5808.0,0.06409061,91.41183,False
"MOBILE,SM-A566E/DS,GRAY,LTC",5760.0,0.06356094,91.47539,False
"MOBILE,SM-A366E,LIGHT GREEN,COM",5713.0,0.0630423,91.53843,False
"MON,S24DG300EN,24,UNITED STATES,LL30/S24",5710.0,0.063009195,91.60144,False
"QLED TV,QN50Q65BAK,50,COLOMBIA,QWK20/Q50",5646.0,0.06230296,91.66374,False
"MOBILE,SM-M556B/DS,LIGHT GREEN,COO",5563.0,0.061387062,91.72513,False
"OWM,SELACOL,CO,21",5559.0,0.061342925,91.78647,False
"LCD MON,S27AG320NL,27,COLOMBIA,LR10/S27A",5484.0,0.06051531,91.846985,False
"RLF,471.0,220-240V 50HZ",5398.0,0.059566308,91.90655,False
"MOBILE,SM-A226BR/DSN,LIGHT VIOLET,LTC",5390.0,0.059478026,91.96603,False
"RLF,518.0,110-120V 60HZ",5336.0,0.058882143,92.02491,False
"RTF,422.0,120V 60HZ",5246.0,0.057889003,92.0828,False
"RFD,30.3,120V 60HZ",5183.0,0.057193805,92.14,False
"MOBILE,SM-S928B,BLACK,COM",5113.0,0.056421366,92.19642,False
"RTF,332.0,120V 60HZ",5078.0,0.056035142,92.25246,False
"LCD MON,S22A33ANHL,22,COLOMBIA,LG10/S22T",5015.0,0.055339944,92.3078,False
"LED TV,UN50CU8200K,50,COLOMBIA,UWY30/U50",4942.0,0.0545344,92.362335,False
"MOBILE,SM-G781B/DS,GREEN,LTC",4919.0,0.0542806,92.41662,False
"RAC,2.6,KW,SET,CO,R410A",4918.0,0.054269563,92.47089,False
"FCD,SELACOL,CO,24",4882.0,0.05387231,92.52476,False
"MON,S22D310EAN,22,UNITED STATES,LV40/S22",4870.0,0.053739887,92.5785,False
"MOBILE,SM-S711B,LIGHT GREEN,COM",4795.0,0.052912273,92.63141,False
"DW,REAL STAINLESS,120V 60HZ",4783.0,0.052779853,92.68419,False
"PROJECTOR,SP-LSP3BLA,COLOMBIA,RWS10/R00B",4741.0,0.052316386,92.7365,False
"MOBILE,SM-S928B/DS,VIOLET,LTC",4728.0,0.052172936,92.78867,False
"AV RECEIVER,HW-B650,COLOMBIA",4679.0,0.051632226,92.84031,False
"RLF,437.0,120V 60HZ",4654.0,0.051356353,92.89166,False
"MOBILE,SM-S721B/DS,LIGHT GREEN,LTC",4645.0,0.051257037,92.94292,False
"OWM,SAMCOL,CO,17",4610.0,0.050870817,92.99379,False
"MOBILE,SM-S911B/DS,GREEN,LTC",4609.0,0.050859783,93.04465,False
"MOBILE,SM-A225M/DS,BLACK,LTC",4597.0,0.050727364,93.095375,False
"RSS,603.0,120V 60HZ",4585.0,0.05059495,93.14597,False
"MOBILE,SM-G781B,BLUE,COM",4455.0,0.04916041,93.19514,False
"QLED TV,QN55QN85DBK,55,COLOMBIA,QWW40/Q5",4440.0,0.04899489,93.24413,False
"MOBILE,SM-G990E,LIGHT GREEN ,COM",4421.0,0.048785225,93.292915,False
"MON,S22D300GAN,22,UNITED STATES,LL40/S22",4329.0,0.047770016,93.34068,False
"MOBILE,SM-S711B,WHITE,COM",4297.0,0.0474169,93.3881,False
"OWM,SAMCOL,CO,15",4276.0,0.047185168,93.43529,False
"RTF,518.0,110-120V 60HZ",4230.0,0.04667756,93.481964,False
"MOBILE,SM-S901E,BLACK,COM",4210.0,0.046456866,93.52842,False
"MOBILE,SM-A325M,BLACK,COM",4117.0,0.04543062,93.57385,False
"AV RECEIVER,HW-B450,COLOMBIA",4111.0,0.04536441,93.61922,False
"FCD,SELACOL,CO,20",4081.0,0.045033365,93.66425,False
"LED TV,UN75BU8000K,75,COLOMBIA,UNS10/U75",4069.0,0.044900943,93.70915,False
"QLED TV,QN55QN85CAK,55,COLOMBIA,QWW30/Q5",4014.0,0.04429403,93.75345,False
"TABLET,SM-X205,GRAY,COO",4004.0,0.04418368,93.79763,False
"TABLET,SM-X115,GRAY,L13",3987.0,0.043996084,93.84163,False
"MOBILE,SM-S938B/DS,BLUE,LTC",3932.0,0.043389168,93.88502,False
"MOBILE,SM-S921B/DS,GRAY,LTC",3927.0,0.043333992,93.92835,False
"MOBILE,SM-A566E/DS,LIGHT PINK,LTC",3913.0,0.0431795,93.971535,False
"LED TV,UN58U8000FK,58,COLOMBIA,UWS51/U58",3853.0,0.04251741,94.01405,False
"RSS,593.0,120V 60HZ",3834.0,0.042307746,94.05636,False
"TABLET,SM-T225,GRAY,COO",3833.0,0.042296715,94.098656,False
"MOBILE,SM-S921B/DS,VIOLET,LTC",3784.0,0.041756,94.14041,False
"MOBILE,SM-S921B,BLACK,COM",3710.0,0.04093942,94.18135,False
"RLF,466.0,110-120V 60HZ",3690.0,0.040718723,94.22207,False
"RTF,533.0,120V 60HZ",3689.0,0.040707693,94.26278,False
"MOBILE,SM-A566E/DS,GREEN,LTC",3679.0,0.040597342,94.303375,False
"LED TV,UN55CU8200K,55,COLOMBIA,UWY30/U55",3660.0,0.040387675,94.343765,False
"OWM,SAMCOL,CO,21",3632.0,0.040078703,94.38384,False
"MOBILE,SM-S938B/DS,TITANIUM,LTC",3585.0,0.03956006,94.4234,False
"LED TV,UN75DU8000K,75,COLOMBIA,UWK40/U75",3582.0,0.039526958,94.46293,False
"MOBILE,SM-S908E/DS,BLACK,LTC",3573.0,0.03942764,94.50236,False
"OWM,SELACOL,CO,20",3568.0,0.039372467,94.54173,False
"RAC,6.2,KW,SET,CO,R410A",3567.0,0.039361432,94.58109,False
"MOBILE,SM-S918B/DS,LIGHT PINK ,LTC",3566.0,0.039350398,94.620445,False
"QLED TV,QN55LS03DAK,55,COLOMBIA,QWW44/Q5",3562.0,0.03930626,94.65975,False
"MOBILE,SM-G990E/DS,LIGHT VIOLET,LTC",3543.0,0.039096594,94.698845,False
"RAC,3.0,KW,SET,CO,R410A",3526.0,0.038909003,94.737755,False
"MOBILE,SM-A155M/N,YELLOW,COM",3476.0,0.038357258,94.776115,False
"MOBILE,SM-S911B/DS,LIGHT PINK ,LTC",3441.0,0.03797104,94.81409,False
"TABLET,SM-X610,GRAY,COO",3440.0,0.037960004,94.85204,False
"TABLET,SM-X510,SILVER,COO",3430.0,0.037849654,94.88989,False
"VCR,SELACOL,120V/60HZ,24,BAG FREE",3424.0,0.037783444,94.92767,False
"RAC,5.2,KW,SET,CO,R410A",3408.0,0.037606888,94.96528,False
"MOBILE,SM-S711B/DS,WHITE,LTC",3388.0,0.03738619,95.00266,False
"QLED TV,QN55Q60BAK,55,COLOMBIA,QWK20/Q55",3331.0,0.0367572,95.03942,False
"TABLET,SM-P613,BLUE,COO",3315.0,0.03658064,95.076004,False
"MOBILE,SM-S921B,GRAY,COM",3279.0,0.036183387,95.11219,False
"MOBILE,SM-M546B/DS,DARK BLUE ,COO",3252.0,0.035885446,95.14808,False
"QLED TV,QN55LS03BAK,55,COLOMBIA,QWW23/Q5",3199.0,0.035300594,95.18338,False
"MOBILE,SM-A546E,LIGHT VIOLET,COM",3187.0,0.03516818,95.21855,False
"RTF,398.0,120V 60HZ",3187.0,0.03516818,95.25372,False
"AV RECEIVER,HW-Q600C,COLOMBIA",3164.0,0.034914374,95.288635,False
"QLED TV,QN55QN85BAK,55,COLOMBIA,QWW20/Q5",3145.0,0.03470471,95.32334,False
"QLED TV,QN65LS03DAK,65,COLOMBIA,QWW44/Q6",3125.0,0.034484014,95.35783,False
"TABLET,SM-X115,SILVER,L13",3056.0,0.03372261,95.39155,False
"AV RECEIVER,HW-B650D,COLOMBIA",3043.0,0.033579152,95.425125,False
"TABLET,SM-X510,LIGHT GREEN,COO",3003.0,0.033137757,95.45826,False
"RLF,471.0,120V 60HZ",3001.0,0.03311569,95.49138,False
"RTF,354.0,120V 60HZ",2998.0,0.033082582,95.52446,False
"MOBILE,SM-A336M,LIGHT BLUE,COM",2976.0,0.032839816,95.5573,False
"GVN,71.5,120V 60HZ,REAL STAINLESS",2941.0,0.032453597,95.58975,False
"LED TV,UN85DU8000K,85,COLOMBIA,UWR40/U85",2940.0,0.032442562,95.62219,False
"MOBILE,SM-S938B/DS,SILVER,LTC",2889.0,0.031879783,95.654076,False
"RFD,664.0,127V 60HZ",2878.0,0.031758398,95.68584,False
"MOBILE,SM-S928B,TITANIUM,COM",2855.0,0.031504598,95.71734,False
"MOBILE,SM-S911B,GREEN,COM",2852.0,0.03147149,95.74881,False
"MOBILE,SM-S928B/DS,YELLOW,LTC",2848.0,0.031427354,95.780235,False
"MOBILE,SM-S711B,PURPLE,COM",2846.0,0.03140528,95.81164,False
"MON,S27B610EQN,27,UNITED STATES,LS20/S27",2818.0,0.031096306,95.842735,False
"MOBILE,SM-M156B/DSN,GRAY,COO",2813.0,0.03104113,95.87378,False
"GVN,71.5,120V 60HZ,SILVER METAL",2796.0,0.030853538,95.90463,False
"FWM,SAMCOL,CO,26",2790.0,0.030787326,95.93542,False
"LED TV,UN55U8000FK,55,COLOMBIA,UWS51/U55",2771.0,0.030577665,95.965996,False
"MOBILE,SM-S916B/DS,BLACK,LTC",2763.0,0.030489385,95.99648,False
"RFD,639.8,120V 60HZ",2760.0,0.030456282,96.02694,False
"TABLET,SM-X216B,SILVER,COO",2756.0,0.030412141,96.05735,False
"MOBILE,SM-A536E,ORANGE,COM",2725.0,0.03007006,96.08742,False
"TABLET,SM-X205,SILVER,COO",2690.0,0.029683841,96.1171,False
"QLED TV,QN65LS03BAK,65,COLOMBIA,QWW23/Q6",2669.0,0.029452108,96.14655,False
"RSS,803.3,120V 60HZ",2616.0,0.028867258,96.17542,False
"MOBILE,SM-A546E/DS,LIGHT VIOLET,LTC",2578.0,0.028447932,96.20387,False
"RFD,0.0,120V 60HZ",2575.0,0.028414827,96.232285,False
"FWM,SELACOL,CO,14",2489.0,0.02746583,96.25975,False
"QLED TV,QN65Q7FAAK,65,COLOMBIA,QWD51/Q65",2481.0,0.027377548,96.287125,False
"MOBILE,SM-S926B/DS,BLACK,LTC",2480.0,0.027366515,96.31449,False
"MOBILE,SM-S918B,GREEN,COM",2473.0,0.027289271,96.34178,False
"MOBILE,SM-F731B,GRAY,LTC",2444.0,0.026969256,96.36875,False
"QLED TV,QN50Q7FAAK,50,COLOMBIA,QWD51/Q50",2438.0,0.026903048,96.39565,False
"LED TV,UN85CU8000K,85,COLOMBIA,UWZ30/U85",2436.0,0.02688098,96.42253,False
"LED TV,UN65CU8200K,65,COLOMBIA,UWY30/U65",2429.0,0.026803734,96.44933,False
"MOBILE,SM-S926B,GRAY,COM",2410.0,0.026594073,96.47593,False
"MOBILE,SM-S921B,VIOLET,COM",2356.0,0.025998186,96.50193,False
"MOBILE,SM-S931B/DS,SILVER,LTC",2320.0,0.02560093,96.527534,False
"MOBILE,SM-G781B/DS,LIGHT VIOLET,LTC",2309.0,0.025479548,96.55302,False
"MOBILE,SM-A325M,BLUE,COM",2297.0,0.025347132,96.57836,False
"LED TV,UN40F6000FK,40,COLOMBIA,UWB50/U40",2273.0,0.025082292,96.60345,False
"MOBILE,SM-S901E,GREEN,LTC",2259.0,0.024927802,96.62837,False
"MOBILE,SM-F721B,GRAY,LTC",2232.0,0.024629861,96.653,False
"FWM,SELACOL,CO,11",2228.0,0.024585722,96.67758,False
"AV RECEIVER,HW-LS60D,COLOMBIA",2205.0,0.02433192,96.70191,False
"LED TV,UN32H5000FK,32,COLOMBIA,UWB50/U32",2123.0,0.02342706,96.72534,False
"MOBILE,SM-A032M/DS,BLACK,LTC",2119.0,0.02338292,96.748726,False
"QLED TV,QN60Q65BAK,60,COLOMBIA,QWK20/Q60",2086.0,0.02301877,96.77174,False
"TABLET,SM-T225,SILVER,COO",2080.0,0.02295256,96.79469,False
"MOBILE,SM-M146B/DSN,BLUE,COO",2076.0,0.022908421,96.817604,False
"MON,S24D402GAN,24,UNITED STATES,LM41/S24",2037.0,0.022478059,96.84008,False
"TABLET,SM-X610,LIGHT GREEN,COO",2012.0,0.022202188,96.86228,False
"TABLET,SM-X610,SILVER,COO",2006.0,0.022135979,96.884415,False
"BUSINESS TV,BE55C-H,55,COLOMBIA,FK20/H55",1994.0,0.02200356,96.90642,False
"MOBILE,SM-S928B,VIOLET,COM",1953.0,0.021551128,96.92797,False
"TABLET,SM-X520,GRAY,COO",1942.0,0.021429745,96.9494,False
"MOBILE,SM-S926B,BLACK,COM",1915.0,0.021131804,96.970535,False
"MOBILE,SM-S908E/DS,DARK RED,LTC",1907.0,0.021043524,96.99158,False
"LED TV,UN65U8000FK,65,COLOMBIA,UWS51/U65",1868.0,0.020613166,97.01219,False
"MOBILE,SM-S931B/DS,DARK BLUE,LTC",1854.0,0.020458676,97.03265,False
"MOBILE,SM-M146B/DSN,DARK BLUE ,COO",1844.0,0.020348327,97.053,False
"MON,C34G55TWWN,34,UNITED STATES,LR01/S34",1811.0,0.019984176,97.07298,False
"LED TV,UN75CU8000K,75,COLOMBIA,UWY30/U75",1803.0,0.019895896,97.09288,False
"TABLET,SM-T575,BLACK,COO",1765.0,0.019476572,97.11236,False
"MINI COMPONENT,MX-ST40B,COLOMBIA",1745.0,0.019255875,97.131615,False
"MOBILE,SM-G781B,LIGHT VIOLET,COM",1742.0,0.019222768,97.15084,False
"MOBILE,SM-A235M/DSN,LIGHT BLUE,LTC",1731.0,0.019101385,97.169945,False
"TABLET,SM-T733,BLACK,COO",1720.0,0.018980002,97.18893,False
"QLED TV,QN75Q60CAK,75,COLOMBIA,QWK30/Q75",1706.0,0.018825512,97.20775,False
"LED MON,S32BM500EL,32,COLOMBIA,LY20/S32T",1675.0,0.018483432,97.226234,False
"QLED TV,QN50QN90CAK,50,COLOMBIA,QWW30/Q5",1646.0,0.01816342,97.2444,False
"MOBILE,SM-S921B/DS,YELLOW,LTC",1644.0,0.01814135,97.26254,False
"QLED TV,QN50QN90DAK,50,COLOMBIA,QWW40/Q5",1637.0,0.018064106,97.28061,False
"MOBILE,SM-M156B/DSN,LIGHT BLUE,COO",1634.0,0.018031001,97.29864,False
"MON,S27D300GAN,27,UNITED STATES,LL40/S27",1623.0,0.017909618,97.31654,False
"MOBILE,SM-S918B,LIGHT PINK ,COM",1616.0,0.017832374,97.33437,False
"MOBILE,SM-S908E,BLACK,COM",1612.0,0.017788233,97.352165,False
"RSS,640.0,120V 60HZ",1596.0,0.017611675,97.369774,False
"MOBILE,SM-S931B,DARK BLUE,COM",1596.0,0.017611675,97.38738,False
"MOBILE,SM-S921B,YELLOW,COM",1586.0,0.017501326,97.404884,False
"LCD MON,S32CM500EL,32,COLOMBIA,LY20/S32T",1565.0,0.017269595,97.42216,False
"MON,S32AG320NN,32,UNITED STATES,LR10/S32",1558.0,0.01719235,97.43935,False
"RLF,350.0,110V 60HZ",1558.0,0.01719235,97.456535,False
"MOBILE,SM-S931B,SILVER,COM",1558.0,0.01719235,97.473724,False
"AV RECEIVER,HW-S800B,COLOMBIA",1555.0,0.017159246,97.49088,False
"MOBILE,SM-A166M/DS,LIGHT GREEN,LTC",1544.0,0.017037861,97.50792,False
"LED TV,UN43U8000FK,43,COLOMBIA,UWS51/U43",1532.0,0.016905444,97.524826,False
"QLED TV,QN85Q65CAK,85,COLOMBIA,QWK30/Q85",1523.0,0.01680613,97.54163,False
"QLED TV,QN65QN85BAK,65,COLOMBIA,QWW20/Q6",1519.0,0.01676199,97.558395,False
"SIGNAGE_STANDALONE,QM43C,43,UNITED STATE",1510.0,0.016662676,97.57506,False
"VCR,SAMCOL,120V/60HZ,40,BAG FREE",1502.0,0.016574398,97.59163,False
"RFD,31.5,120V 60HZ",1492.0,0.016464047,97.60809,False
"OLED SCREEN,QN55S90DAK,55,COLOMBIA,DWW40",1470.0,0.016221281,97.62431,False
"TABLET,SM-T733,SILVER,COO",1467.0,0.016188176,97.6405,False
"RLF,330.0,110-120V 60HZ",1456.0,0.016066791,97.65657,False
"MOBILE,SM-G990B/DS,LIGHT GREEN ,LTC",1442.0,0.015912304,97.672485,False
"MON,S32DM500EN,32,UNITED STATES,LY20/S32",1414.0,0.015603327,97.68809,False
"MOBILE,SM-F731B,LIGHT GREEN,LTC",1407.0,0.015526083,97.70361,False
"MOBILE,SM-S938B,BLACK,COM",1394.0,0.015382629,97.718994,False
"MOBILE,SM-S931B/DS,LIGHT BLUE,LTC",1394.0,0.015382629,97.734375,False
"QLED TV,QN55Q80DAK,55,COLOMBIA,QWW40/Q55",1393.0,0.015371594,97.74975,False
"QLED TV,QN85Q65DAK,85,COLOMBIA,QWK30/Q85",1389.0,0.0153274555,97.765076,False
"TABLET,SM-X110,GRAY,COO",1385.0,0.0152833145,97.78036,False
"MON,S27BG402EN,27,UNITED STATES,LA20/S27",1379.0,0.015217107,97.79558,False
"RTF,481.0,110-120V 60HZ",1374.0,0.0151619315,97.81074,False
"GCT,120V 60HZ,ALL BLACK",1371.0,0.015128828,97.82587,False
"QLED TV,QN50QN90BAK,50,COLOMBIA,QWW20/Q5",1366.0,0.015073652,97.84094,False
"MON,S27F610EAN,27,UNITED STATES,LQ51/S27",1364.0,0.015051583,97.855995,False
"MOBILE,SM-A336M/DSN,ORANGE,LTC",1353.0,0.0149302,97.870926,False
"AV RECEIVER,HW-S700D,COLOMBIA",1348.0,0.014875025,97.8858,False
"MWO(COMMON),1.1,120V 60HZ,CLEAN WHITE,TO",1327.0,0.014643293,97.900444,False
"TABLET,SM-X520,LIGHT BLUE,COO",1320.0,0.014566048,97.91501,False
"MOBILE,SM-S936B/DS,SILVER,LTC",1315.0,0.014510873,97.92952,False
"TABLET,SM-X820,GRAY,COO",1313.0,0.014488803,97.94401,False
"MOBILE,SM-F731B,GRAY,COM",1310.0,0.014455699,97.958466,False
"MOBILE,SM-S931B/DS,LIGHT GREEN,LTC",1301.0,0.014356386,97.972824,False
"TABLET,SM-X306B,GREEN,L13",1301.0,0.014356386,97.98718,False
"SIGNAGE_STANDALONE,QM55C,55,UNITED STATE",1299.0,0.0143343145,98.00152,False
"RTF,314.0,120V 60HZ",1295.0,0.014290175,98.01581,False
"QLED TV,QN65QN85CAK,65,COLOMBIA,QWW30/Q6",1293.0,0.014268106,98.030075,False
"MOBILE,SM-A366E,LIGHT VIOLET,COM",1281.0,0.014135687,98.04421,False
"MOBILE,SM-S926B/DS,GRAY,LTC",1279.0,0.014113617,98.05833,False
"LED TV,UN85BU8000K,85,COLOMBIA,UNS10/U85",1267.0,0.013981199,98.07231,False
"MOBILE,SM-F731B,LIGHT PINK,LTC",1256.0,0.013859814,98.086174,False
"MOBILE,SM-S901E,PINK GOLD,LTC",1243.0,0.0137163615,98.09989,False
"MOBILE,SM-S926B/DS,VIOLET,LTC",1241.0,0.013694292,98.11359,False
"QLED TV,QN75LS03BAK,75,COLOMBIA,QWW23/Q7",1237.0,0.013650152,98.127235,False
"MOBILE,SM-S901E,PINK GOLD,COM",1233.0,0.013606013,98.14084,False
"QLED TV,QN43Q65CAK,43,COLOMBIA,QWK30/Q43",1228.0,0.013550838,98.15439,False
"MOBILE,SM-S936B/DS,DARK BLUE,LTC",1214.0,0.013396351,98.167786,False
"LCD MON,S32AG32ANL,32,COLOMBIA,LR10/S32A",1201.0,0.013252896,98.18104,False
"MOBILE,SM-S916B/DS,GREEN,LTC",1195.0,0.013186687,98.19422,False
"MOBILE,SM-A146M/DS,BLACK,LTC",1173.0,0.01294392,98.20717,False
"DW,-,120V 60HZ",1168.0,0.0128887445,98.220055,False
"LED TV,UN58AU7000K,58,COLOMBIA,UWS11/U58",1166.0,0.012866676,98.23292,False
"MON,S32DM801UN,32,UNITED STATES,LP20/S32",1162.0,0.012822537,98.24574,False
"MOBILE,SM-F721B,GRAY,COM",1157.0,0.0127673615,98.25851,False
"QLED TV,QN55Q70DAK,55,COLOMBIA,QWR40/Q55",1141.0,0.012590803,98.271095,False
"MOBILE,SM-S916B/DS,LIGHT PINK ,LTC",1138.0,0.012557699,98.28365,False
"TABLET,SM-X110,SILVER,COO",1128.0,0.012447351,98.2961,False
"MOBILE,SM-S916B,BLACK,COM",1118.0,0.012337002,98.30843,False
"LCD MON,S27AG32ANL,27,COLOMBIA,LR10/S27A",1115.0,0.012303896,98.32074,False
"AV RECEIVER,HW-S50B,COLOMBIA",1114.0,0.012292861,98.33303,False
"AV RECEIVER,HW-B650F,COLOMBIA",1097.0,0.012105268,98.34514,False
"RAC,3.5,KW,SET,CO,R410A",1090.0,0.0120280245,98.35717,False
"MOBILE,SM-M546B/DS,SILVER,COO",1089.0,0.012016989,98.36919,False
"TABLET,SM-T636B,BLACK,COO",1085.0,0.011972849,98.38116,False
"RAC,3.50,KW,SET,CO,R32",1084.0,0.011961815,98.39312,False
"RSD,330.0,120V 60HZ",1084.0,0.011961815,98.40508,False
"MOBILE,SM-G781B,GREEN,COM",1079.0,0.011906641,98.41699,False
"QD DISPLAY SCREEN,QN55S90CAK,55,COLOMBIA",1076.0,0.011873536,98.42886,False
"MON,S32DG300EN,32,UNITED STATES,LL30/S32",1075.0,0.011862501,98.44073,False
"LFD,VM55B-U,55,UNITED STATES,FW11/H55TU0",1071.0,0.0118183615,98.452545,False
"TABLET,SM-X710,GRAY,COO",1059.0,0.011685942,98.46423,False
"QLED TV,QN75LS03DAK,75,COLOMBIA,QWW44/Q7",1058.0,0.011674908,98.47591,False
"MOBILE,SM-A235M/DSN,BLACK,LTC",1047.0,0.011553524,98.48746,False
"RFD,29.8,120V 60HZ",1043.0,0.011509385,98.49897,False
"MON,S24A310NHL,24,COLOMBIA,LA10/S24TA1-L",1031.0,0.011376966,98.510345,False
"LCD MON,S27A700NWL,27,COLOMBIA,LE11/S27A",1027.0,0.011332827,98.521675,False
"MOBILE,SM-F731B,BEIGE,COM",1022.0,0.011277652,98.53295,False
"QLED TV,QN65Q70DAK,65,COLOMBIA,QWR40/Q65",1020.0,0.011255582,98.544205,False
"LED MODULE,IE025A,0,UNITED STATES,FM10/H",1003.0,0.011067989,98.555275,False
"MOBILE,SM-S938B,BLUE,COM",1000.0,0.0110348845,98.56631,False
"MON,S27AG552EN,27,UNITED STATES,LJ13/S27",990.0,0.010924536,98.57723,False
"QLED TV,QN65Q80DAK,65,COLOMBIA,QWW40/Q65",985.0,0.010869361,98.588104,False
"MOBILE,SM-S938B,TITANIUM,COM",973.0,0.010736943,98.59884,False
"QLED TV,QN65QN85DBK,65,COLOMBIA,QWW40/Q6",956.0,0.01054935,98.60939,False
"TABLET,SM-X620,GRAY,COO",939.0,0.010361757,98.61975,False
"AV RECEIVER,HW-Q800D,COLOMBIA",937.0,0.010339687,98.63009,False
"MOBILE,SM-S936B/DS,LIGHT BLUE,LTC",931.0,0.010273477,98.640366,False
"MOBILE,SM-A566E,LIGHT PINK,COM",916.0,0.010107955,98.650475,False
"MOBILE,SM-F721B,LIGHT BLUE,LTC",915.0,0.010096919,98.66057,False
"MON,S32AG550EN,32,UNITED STATES,LJ14/S32",910.0,0.010041744,98.67061,False
"MOBILE,SM-S918B/DS,BEIGE,LTC",909.0,0.01003071,98.68064,False
"QLED TV,QN50Q80BAK,50,COLOMBIA,QWW20/Q50",908.0,0.010019676,98.69066,False
"MOBILE,SM-S911B/DS,BEIGE,LTC",871.0,0.009611384,98.70027,False
"RTF,397.0,120V 60HZ",865.0,0.009545175,98.709816,False
"TABLET,SM-X920,GRAY,COO",862.0,0.009512071,98.71933,False
"LED TV,UN43AU7000K,43,COLOMBIA,UWS10/U43",851.0,0.009390687,98.72872,False
"AV RECEIVER,HW-S801D,COLOMBIA",847.0,0.009346548,98.73807,False
"MON,S32D390GAN,32,UNITED STATES,LW40/S32",844.0,0.009313443,98.74738,False
"MOBILE,SM-F741B,LIGHT BLUE,COO",841.0,0.009280338,98.75666,False
"LED TV,UN98DU9000K,98,COLOMBIA,UWW40/U98",829.0,0.00914792,98.76581,False
"LFD,QM50C,50,UNITED STATES,FP20/H50CM0-Y",828.0,0.0091368845,98.77495,False
"OLED SCREEN,QN65S90DAE,65,COLOMBIA,DWW42",821.0,0.009059641,98.784004,False
"MOBILE,SM-F946B/DS,BLACK,LTC",818.0,0.009026536,98.79303,False
"RAC,5.30,KW,SET,CO,R32",799.0,0.008816873,98.80185,False
"MOBILE,SM-F936B/DS,BLACK,LTC",784.0,0.00865135,98.8105,False
"MON,S27D700EAN,27,UNITED STATES,LM30/S27",780.0,0.00860721,98.81911,False
"MINI COMPONENT,MX-ST50B,COLOMBIA",778.0,0.00858514,98.82769,False
"MOBILE,SM-F731B,LIGHT GREEN,COM",767.0,0.008463756,98.83615,False
"MOBILE,SM-M346B/DS,DARK BLUE,COO",765.0,0.008441687,98.84459,False
"MOBILE,SM-A546E/DS,WHITE,LTC",765.0,0.008441687,98.85303,False
"MOBILE,SM-A325M/DS,LIGHT VIOLET,LTC",763.0,0.008419617,98.86145,False
"MOBILE,SM-S936B/DS,LIGHT GREEN,LTC",762.0,0.008408582,98.86986,False
"MOBILE,SM-F741B,SILVER,COM",749.0,0.008265128,98.87812,False
"MOBILE,SM-M346B/DS,SILVER,COO",745.0,0.008220989,98.886345,False
"LED TV,UN50U8000FK,50,COLOMBIA,UWS51/U50",742.0,0.008187884,98.89453,False
"MOBILE,SM-F946B/DS,LIGHT BLUE,LTC",736.0,0.008121675,98.90266,False
"QLED TV,QN43LS03DAK,43,COLOMBIA,QWW44/Q4",731.0,0.008066501,98.91072,False
"SIGNAGE_STANDALONE,QB50C,50,UNITED STATE",720.0,0.007945118,98.91866,False
"QLED TV,QN43QN90BAK,43,COLOMBIA,QWW21/Q4",716.0,0.0079009775,98.92657,False
"QLED TV,QN50LS03BAK,50,COLOMBIA,QWW23/Q5",714.0,0.007878907,98.93445,False
"QLED TV,QN55Q8FAAK,55,COLOMBIA,QWD50/Q55",710.0,0.007834768,98.94228,False
"TABLET,SM-X700,GRAY,COO",707.0,0.0078016636,98.95009,False
"RAC,5.3,KW,SET,CO,R410A",703.0,0.007757524,98.95785,False
"SIGNAGE_STANDALONE,QB43C,43,UNITED STATE",694.0,0.00765821,98.96551,False
"MOBILE,SM-F731B,BEIGE,LTC",694.0,0.00765821,98.97317,False
"MOBILE,SM-F721B,LIGHT BLUE,COM",679.0,0.0074926866,98.98066,False
"MOBILE,SM-S931B,LIGHT BLUE,COM",659.0,0.007271989,98.98793,False
"QLED TV,QN85Q65BAK,85,COLOMBIA,QWK20/Q85",653.0,0.0072057797,98.99513,False
"MON,S27D390GAN,27,UNITED STATES,LW40/S27",653.0,0.0072057797,99.002335,False
"RFD,624.0,120V 60HZ",649.0,0.00716164,99.0095,False
"GCT,120V 60HZ,REAL STAINLESS",643.0,0.007095431,99.016594,False
"FCD,SELACOL,CO,21",640.0,0.007062326,99.02366,False
"MON,U28R550UQN,28,UNITED STATES,LF90/S28",640.0,0.007062326,99.03072,False
"RSD,330.0,115V 60HZ",636.0,0.0070181866,99.03774,False
"QLED TV,QN65Q8FAAK,65,COLOMBIA,QWD50/Q65",627.0,0.0069188727,99.04466,False
"RAC,7.00,KW,SET,CO,R32",624.0,0.0068857674,99.05155,False
"TABLET,SM-X810,GRAY,COO",617.0,0.006808524,99.05836,False
"MOBILE,SM-F721B,LIGHT VIOLET,LTC",616.0,0.0067974892,99.065155,False
"MOBILE,SM-S926B/DS,YELLOW,LTC",611.0,0.006742314,99.0719,False
"SIGNAGE_STANDALONE,QM32C,32,UNITED STATE",605.0,0.0066761053,99.078575,False
"LFD,VM46B-U,46,UNITED STATES,FW11/H46TU0",602.0,0.006643,99.08522,False
"QLED TV,QN75Q65BAK,75,COLOMBIA,QWK20/Q75",598.0,0.0065988605,99.09182,False
"TABLET,SM-X910,GRAY,COO",597.0,0.0065878257,99.098404,False
"AV RECEIVER,HW-Q930C,COLOMBIA",595.0,0.0065657566,99.10497,False
"RTF,312.0,110V 60HZ",595.0,0.0065657566,99.11154,False
"SIGNAGE_STANDALONE,QB55C,55,UNITED STATE",590.0,0.0065105823,99.11805,False
"RTF,402.0,120V 60HZ",590.0,0.0065105823,99.12456,False
"RAC,2.60,KW,SET,CO,R32",585.0,0.006455407,99.13101,False
"MWO(COMMON),1.1,120V 60HZ,CLEAN PINK,TOU",582.0,0.006422303,99.137436,False
"BUSINESS TV,BE55D-H,55,COLOMBIA,FY41/H55",579.0,0.006389198,99.14382,False
"QD DISPLAY SCREEN,QN65S90CAK,65,COLOMBIA",579.0,0.006389198,99.15021,False
"MOBILE,SM-F731B,LIGHT PINK,COM",579.0,0.006389198,99.15659,False
"AV RECEIVER,HW-Q800C,COLOMBIA",575.0,0.0063450583,99.16294,False
"QD DISPLAY SCREEN,QN65S95BAK,65,COLOMBIA",572.0,0.0063119535,99.16925,False
"MOBILE,SM-S938B,SILVER,COM",572.0,0.0063119535,99.17556,False
"LFD,BE55A-H,55,COLOMBIA,FF10/H55AC0-Y3G",570.0,0.006289884,99.18185,False
"LED TV,UN50U8200FK,50,COLOMBIA,UWS51/U50",567.0,0.006256779,99.1881,False
"MOBILE,SM-S916B,LIGHT PINK ,COM",566.0,0.0062457444,99.19435,False
"MOBILE,SM-A346M/DSN,LIGHT VIOLET,LTC",563.0,0.0062126396,99.20056,False
"SIGNAGE_STANDALONE,QM43B,43,UNITED STATE",555.0,0.0061243614,99.20669,False
"MON,S27A600UUN,27,UNITED STATES,LC10/S27",553.0,0.006102291,99.21279,False
"RAC,7.0,KW,SET,CO,R410A",548.0,0.0060471166,99.21884,False
"LFD,QM50B,50,UNITED STATES,FT10/H50TM0-Y",546.0,0.006025047,99.22487,False
"EVN,3.1,120-240V 60HZ,REAL STAINLESS",539.0,0.0059478027,99.23082,False
"QLED TV,QN55QN700BK,55,COLOMBIA,QWU20/Q5",528.0,0.005826419,99.23665,False
"AV RECEIVER,HW-Q930D,COLOMBIA",528.0,0.005826419,99.24248,False
"QLED TV,QN55QNX1DAK,55,COLOMBIA,QWW40/Q5",523.0,0.0057712444,99.248245,False
"MOBILE,SM-A525M/DS,BLACK,LTC",521.0,0.005749175,99.254,False
"MOBILE,SM-F741B,LIGHT BLUE,COM",521.0,0.005749175,99.25975,False
"TABLET,SM-X620,LIGHT BLUE,COO",520.0,0.00573814,99.26549,False
"MON,S32B300NWN,32,UNITED STATES,LV20/S32",518.0,0.00571607,99.2712,False
"QLED TV,QN50QEF1AK,50,COLOMBIA,QWD51/Q50",512.0,0.005649861,99.276855,False
"MOBILE,SM-S928B,YELLOW,COM",508.0,0.0056057214,99.28246,False
"LED TV,UN55AU7000K,55,COLOMBIA,UWS10/U55",500.0,0.0055174422,99.28798,False
"TABLET,SM-X900,GRAY,COO",491.0,0.0054181283,99.293396,False
"SIGNAGE_STANDALONE,QM65C,65,UNITED STATE",491.0,0.0054181283,99.29881,False
"MOBILE,SM-S936B,SILVER,COM",484.0,0.0053408844,99.30415,False
"LFD,BE43A-H,43,COLOMBIA,FF10/H43AC0-Y3G",483.0,0.005329849,99.30949,False
"LED TV,UN43AU8000K,43,COLOMBIA,UWK10/U43",483.0,0.005329849,99.31482,False
"RSS,793.0,120V 60HZ",482.0,0.0053188144,99.32014,False
"QLED TV,QN75Q8FAAK,75,COLOMBIA,QWD50/Q75",475.0,0.00524157,99.32538,False
"MOBILE,SM-G556B,BLACK,LEC",473.0,0.0052195,99.3306,False
"LED TV,UN75U8000FK,75,COLOMBIA,UWS51/U75",470.0,0.0051863957,99.335785,False
"MOBILE,SM-F956B/DS,DARK BLUE,COO",466.0,0.005142256,99.34093,False
"MOBILE,SM-F741B,LIGHT GREEN,COO",463.0,0.005109152,99.34604,False
"LED TV,UN50AU7000K,50,COLOMBIA,UWS10/U50",462.0,0.0050981166,99.351135,False
"TABLET,SM-P613,PINK,COO",455.0,0.005020872,99.356155,False
"QLED TV,QN32LS03BBK,32,COLOMBIA,QWS20/Q3",451.0,0.0049767327,99.36113,False
"MON,S32CG550EN,32,UNITED STATES,LD30/S32",451.0,0.0049767327,99.366104,False
"QLED TV,QN75Q7FAAK,75,COLOMBIA,QWD51/Q75",450.0,0.004965698,99.37107,False
"MOBILE,SM-F721B,LIGHT VIOLET,COM",450.0,0.004965698,99.37604,False
"QLED TV,QN55Q80BAK,55,COLOMBIA,QWW20/Q55",446.0,0.0049215583,99.38096,False
"LFD,QM55B,55,UNITED STATES,FT10/H55RM0-Y",440.0,0.004855349,99.38581,False
"TABLET,SM-P619,GRAY,COO",438.0,0.004833279,99.39065,False
"TABLET,SM-X800,GRAY,COO",436.0,0.0048112096,99.39546,False
"LFD,QB55B,55,UNITED STATES,FS10/H55RB0-Y",433.0,0.004778105,99.40024,False
"MOBILE,SM-A225M/DS,WHITE,LTC",430.0,0.0047450005,99.40498,False
"MON,S32CM801UN,32,UNITED STATES,LP20/S32",429.0,0.0047339653,99.40971,False
"MOBILE,SM-A536E/DS,ORANGE,LTC",429.0,0.0047339653,99.414444,False
"QLED TV,QN43QN90CAK,43,COLOMBIA,QWW31/Q4",424.0,0.004678791,99.41912,False
"MON,S22D402GAN,22,UNITED STATES,LM41/S22",423.0,0.004667756,99.42379,False
"MON,S27DG500EN,27,UNITED STATES,LE30/S27",420.0,0.0046346514,99.42842,False
"RFD,30.1,120V 60HZ",419.0,0.0046236166,99.433044,False
"LED TV,UN43U8200FK,43,COLOMBIA,UWS51/U43",419.0,0.0046236166,99.43767,False
"MON,S27CG552EN,27,UNITED STATES,LD30/S27",411.0,0.0045353374,99.4422,False
"QLED TV,QN65QN800DK,65,COLOMBIA,QWX32/Q6",411.0,0.0045353374,99.44673,False
"MOBILE,SM-S936B,LIGHT BLUE,COM",409.0,0.004513268,99.45125,False
"OLED SCREEN,QN48S90DAE,48,COLOMBIA,DWW42",406.0,0.004480163,99.45573,False
"MOBILE,SM-F741B,SILVER,LTC",402.0,0.0044360235,99.46016,False
"MON,S34C654UAN,34,UNITED STATES,LR21/S34",399.0,0.0044029187,99.46456,False
"MOBILE,SM-F741B,LIGHT GREEN,COM",397.0,0.004380849,99.46894,False
"LFD,QM32R-B,32,UNITED STATES,FK14/H32RM0",395.0,0.0043587796,99.4733,False
"QLED TV,QN55Q65CAK,55,COLOMBIA,QWK30/Q55",394.0,0.0043477444,99.477646,False
"QLED TV,QN65Q90TDK,65,COLOMBIA,QWH00/Q65",393.0,0.0043367096,99.48198,False
"QLED TV,QN55Q80CAK,55,COLOMBIA,QWW30/Q55",389.0,0.00429257,99.486275,False
"MON,S32CG512EN,32,UNITED STATES,LH20/S32",389.0,0.00429257,99.49057,False
"AV RECEIVER,HW-Q600B,COLOMBIA",389.0,0.00429257,99.494865,False
"MOBILE,SM-S911B,LIGHT PINK ,COM",388.0,0.0042815353,99.499146,False
"CAC,10.0,KW,SETIN,HP,R410A",380.0,0.004193256,99.50334,False
"LED TV,UN65AU7000K,65,COLOMBIA,UWS11/U65",376.0,0.0041491166,99.50749,False
"QD DISPLAY SCREEN,QN55S95BAK,55,COLOMBIA",374.0,0.004127047,99.51162,False
"AV RECEIVER,HW-Q990D,COLOMBIA",370.0,0.0040829075,99.5157,False
"MOBILE,SM-F946B/DS,BEIGE,LTC",364.0,0.004016698,99.519714,False
"QLED TV,QN75QN85CAK,75,COLOMBIA,QWW30/Q7",364.0,0.004016698,99.52373,False
"QLED TV,QN50QN90AAK,50,COLOMBIA,QWR10/Q5",363.0,0.004005663,99.52773,False
"MOBILE,SM-A037M,BLUE,COM",362.0,0.003994628,99.53173,False
"MOBILE,SM-S906E/DS,BLACK,COM",361.0,0.0039835935,99.53571,False
"MOBILE,SM-S908E,GREEN,COM",360.0,0.003972559,99.53969,False
"MON,S27DG600SN,27,UNITED STATES,LH30/S27",359.0,0.0039615235,99.54365,False
"LCD MON,S27CG512EN,27,UNITED STATES,LH20",358.0,0.0039504888,99.5476,False
"MOBILE,SM-F741B,SILVER,COO",358.0,0.0039504888,99.55155,False
"MOBILE,SM-A525M/DS,BLUE,LTC",354.0,0.003906349,99.55546,False
"QLED TV,QN55QN90BAK,55,COLOMBIA,QWW20/Q5",353.0,0.0038953142,99.55936,False
"OLED SCREEN,QN77S90DAE,77,COLOMBIA,DWW42",353.0,0.0038953142,99.563255,False
"MON,S32A600UUN,32,UNITED STATES,LC10/S32",352.0,0.0038842794,99.56714,False
"MON,S32DG500EN,32,UNITED STATES,LE30/S32",351.0,0.0038732444,99.571014,False
"MOBILE,SM-A336M,ORANGE,COM",350.0,0.0038622096,99.574875,False
"MOBILE,SM-F936B/DS,GRAY,LTC",350.0,0.0038622096,99.578735,False
"LED TV,UN65U8200FK,65,COLOMBIA,UWS51/U65",350.0,0.0038622096,99.582596,False
"LFD,QB50B,50,UNITED STATES,FS10/H50TB2-Y",346.0,0.00381807,99.58641,False
"MON,S24A600UCN,24,UNITED STATES,LC11/S24",341.0,0.0037628957,99.59017,False
"QLED TV,QN55LS01BAK,55,COLOMBIA,QWW20/Q5",333.0,0.0036746166,99.59385,False
"QLED TV,QN65QN90DAK,65,COLOMBIA,QWW40/Q6",328.0,0.0036194422,99.597466,False
"QLED TV,QN55QN70FAK,55,COLOMBIA,QWW50/Q5",324.0,0.0035753027,99.60104,False
"QLED TV,QN75QN85DBK,75,COLOMBIA,QWW40/Q7",317.0,0.0034980585,99.60454,False
"FCD,SAMCOL,CO,24",315.0,0.0034759887,99.60802,False
"LED TV,UN75U8200FK,75,COLOMBIA,UWS51/U75",314.0,0.0034649535,99.61148,False
"MON,S32D700EAN,32,UNITED STATES,LM30/S32",313.0,0.003453919,99.61494,False
"AV RECEIVER,HW-Q990C,COLOMBIA",312.0,0.0034428837,99.61838,False
"MOBILE,SM-M325FV/DS,BLACK,COO",312.0,0.0034428837,99.62182,False
"MOBILE,SM-F721B,GOLD,LTC",311.0,0.0034318492,99.62525,False
"MON,S49CG930SN,49,UNITED STATES,LX30/S49",310.0,0.0034208144,99.62867,False
"MOBILE,SM-F741B,YELLOW,COO",301.0,0.0033215,99.63199,False
"MOBILE,SM-S926B,VIOLET,COM",295.0,0.0032552911,99.63525,False
"MOBILE,SM-F956B/DS,SILVER,COO",294.0,0.003244256,99.63849,False
"TABLET,SM-X115,GRAY,COO",293.0,0.0032332214,99.64172,False
"BUSINESS TV,BE43C-H,43,COLOMBIA,FK20/H43",291.0,0.0032111516,99.644936,False
"LFD,VH55R-R,55,UNITED STATES,FG90/H55RV0",291.0,0.0032111516,99.64815,False
"LED TV,UN55U8200FK,55,COLOMBIA,UWS51/U55",287.0,0.0031670118,99.65131,False
"QLED TV,QN65QNX1DAK,65,COLOMBIA,QWW40/Q6",287.0,0.0031670118,99.65448,False
"LED TV,UN50AU8000K,50,COLOMBIA,UWK10/U50",286.0,0.0031559768,99.65764,False
"LFD,BE50A-H,50,COLOMBIA,FF10/H50AC0-Y3G",285.0,0.003144942,99.66078,False
"QLED TV,QN50Q65CAK,50,COLOMBIA,QWK30/Q50",284.0,0.0031339074,99.66392,False
"LED TV,UN50AU9000K,50,COLOMBIA,UWK10/U50",283.0,0.0031228722,99.66704,False
"QLED TV,QN55QEF1AK,55,COLOMBIA,QWD51/Q55",281.0,0.0031008024,99.670135,False
"VCR,SEA,120V/60HZ,40,BAG FREE",268.0,0.002957349,99.673096,False
"INTERACTIVE E-BOARD,WA65D,65,UNITED STAT",266.0,0.0029352794,99.67603,False
"SIGNAGE_STANDALONE,QB65C,65,UNITED STATE",264.0,0.0029132096,99.67895,False
"MOBILE,SM-A226BR/N,GRAY,COM",262.0,0.0028911398,99.68184,False
"QLED TV,QN98Q80CAK,98,COLOMBIA,QWW33/Q98",261.0,0.0028801048,99.68472,False
"LFD,QM32R-T,32,UNITED STATES,FT01/H32TT0",259.0,0.002858035,99.687584,False
"MOBILE,SM-S931B,LIGHT GREEN,COM",255.0,0.0028138955,99.6904,False
"LED TV(H),HG55BU800NF,55,UNITED STATES,H",255.0,0.0028138955,99.693214,False
"MOBILE,SM-M325FV/DS,LIGHT BLUE,COO",254.0,0.0028028607,99.696014,False
"MOBILE,SM-G715U1,BLACK,L13",253.0,0.002791826,99.69881,False
"LFD,BE65A-H,65,COLOMBIA,FF11/H65AC0-Y3G",252.0,0.002780791,99.701584,False
"SIGNAGE_STANDALONE,QB43B,43,UNITED STATE",248.0,0.0027366513,99.70432,False
"LFD,SH37R-B,37,UNITED STATES,FJ90/H37RS0",248.0,0.0027366513,99.70706,False
"MOBILE,SM-A037M,BLACK,COM",245.0,0.0027035468,99.70976,False
"AV RECEIVER,HW-B750F,COLOMBIA",241.0,0.0026594072,99.712425,False
"QLED TV,QN65QN800BK,65,COLOMBIA,QWX20/Q6",232.0,0.002560093,99.71499,False
"INTERACTIVE E-BOARD,WA75C,75,UNITED STAT",231.0,0.0025490583,99.71754,False
"MON,S27D600UAN,27,UNITED STATES,LK30/S27",231.0,0.0025490583,99.720085,False
"LED TV,UN65AU8000K,65,COLOMBIA,UWK10/U65",228.0,0.0025159537,99.7226,False
"MOBILE,SM-S916B/DS,BEIGE,LTC",226.0,0.002493884,99.7251,False
"MOBILE,SM-S908E,DARK RED,COM",225.0,0.002482849,99.72758,False
"MON,S32D600UAN,32,UNITED STATES,LK30/S32",219.0,0.0024166396,99.729996,False
"PMA,3.5,KW,SETIN,HP,R410A",212.0,0.0023393955,99.73234,False
"MOBILE,SM-F956B/DS,SILVER,LTC",211.0,0.0023283607,99.734665,False
"QLED TV,QN65QN800CK,65,COLOMBIA,QWX30/Q6",208.0,0.002295256,99.73696,False
"MOBILE,SM-A226BR/N,LIGHT GREEN ,COM",207.0,0.0022842211,99.73924,False
"BUSINESS TV,BE65C-H,65,COLOMBIA,FK20/H65",207.0,0.0022842211,99.74152,False
"CAC,13.4,KW,SETIN,CO,R410A",203.0,0.0022400816,99.74377,False
"BUSINESS TV,BE75D-H,75,COLOMBIA,FY41/H75",203.0,0.0022400816,99.74601,False
"QD DISPLAY SCREEN,QN77S90CAK,77,COLOMBIA",202.0,0.0022290468,99.74824,False
"TABLET,SM-X115,SILVER,COO",200.0,0.002206977,99.75044,False
"QLED TV,QN65Q80CAK,65,COLOMBIA,QWW30/Q65",200.0,0.002206977,99.75265,False
"LED TV,UN55AU8000K,55,COLOMBIA,UWK10/U55",198.0,0.0021849072,99.75483,False
"BUSINESS TV,BE50D-H,50,COLOMBIA,FY41/H50",198.0,0.0021849072,99.75701,False
"QLED TV,QN65Q65CAK,65,COLOMBIA,QWK30/Q65",196.0,0.0021628374,99.75917,False
"QLED TV,QN60Q60AAK,60,COLOMBIA,QWK10/Q60",196.0,0.0021628374,99.76133,False
"BUSINESS TV,BE43D-H,43,COLOMBIA,FY41/H43",194.0,0.0021407676,99.76347,False
"QLED TV,QN85QN85CAK,85,COLOMBIA,QWW30/Q8",192.0,0.0021186979,99.765594,False
"QLED TV,QN75QEF1AK,75,COLOMBIA,QWD51/Q75",188.0,0.0020745583,99.76767,False
"SIGNAGE_STANDALONE,QB13R-M,13,UNITED STA",188.0,0.0020745583,99.769745,False
"LCD MON,C49G95TSSN,49,UNITED STATES,LM00",185.0,0.0020414537,99.77179,False
"LED TV,UN70AU7000K,70,COLOMBIA,UWS11/U70",185.0,0.0020414537,99.773834,False
"MOBILE,SM-S906E/DS,BLACK,LTC",185.0,0.0020414537,99.77588,False
"AV RECEIVER,HW-Q800B,COLOMBIA",184.0,0.0020304187,99.77791,False
"MON,S32DG800SN,32,UNITED STATES,LG30/S32",184.0,0.0020304187,99.77994,False
"MOBILE,SM-S901E/DS,LIGHT VIOLET,LTC",180.0,0.0019862794,99.78192,False
"BUSINESS TV,BE50C-H,50,COLOMBIA,FK20/H50",178.0,0.0019642096,99.78388,False
"TABLET,SM-X710,BEIGE,COO",177.0,0.0019531746,99.785835,False
"MON,S49CG950EN,49,UNITED STATES,LB30/S49",176.0,0.0019421397,99.78778,False
"BUSINESS TV,BE65D-H,65,COLOMBIA,FY41/H65",176.0,0.0019421397,99.78973,False
"CAC,7.0,KW,SETIN,HP,R410A",175.0,0.0019311048,99.79166,False
"LED TV,UN65AU9000K,65,COLOMBIA,UWK10/U65",173.0,0.001909035,99.793564,False
"TABLET,SM-X810,BEIGE,COO",172.0,0.0018980001,99.79546,False
"QLED TV,QN55LS03AAK,55,COLOMBIA,QWR10/Q5",171.0,0.0018869652,99.79735,False
"RTF,516.0,120V 60HZ",171.0,0.0018869652,99.79923,False
"MOBILE,SM-S906E/DS,PINK GOLD,LTC",164.0,0.0018097211,99.80104,False
"INTERACTIVE E-BOARD,WA75D,75,UNITED STAT",160.0,0.0017655815,99.8028,False
"QLED TV,QN75Q6FAAK,75,COLOMBIA,QWS51/Q75",160.0,0.0017655815,99.804565,False
"INTERACTIVE E-BOARD,WA65C,65,UNITED STAT",157.0,0.0017324768,99.8063,False
"MOBILE,SM-M236B/DS,PINK GOLD,COO",154.0,0.0016993723,99.808,False
"TABLET,SM-X910,BEIGE,COO",154.0,0.0016993723,99.8097,False
"QLED TV,QN65Q80BAK,65,COLOMBIA,QWW20/Q65",153.0,0.0016883374,99.811386,False
"QLED TV,QN55LS03FAK,55,COLOMBIA,QWW53/Q5",153.0,0.0016883374,99.81307,False
"MOBILE,SM-A127M/DS,BLACK,LTC",152.0,0.0016773025,99.81475,False
"QLED TV,QN55Q80AAK,55,COLOMBIA,QWR10/Q55",151.0,0.0016662676,99.816414,False
"MOBILE,SM-S906E/DS,GREEN,LTC",150.0,0.0016552327,99.81807,False
"MOBILE,SM-S936B,LIGHT GREEN,COM",148.0,0.0016331628,99.8197,False
"QLED TV,QN85QN85DBK,85,COLOMBIA,QWW40/Q8",146.0,0.0016110931,99.82131,False
"QLED TV,QN85Q7FAAK,85,COLOMBIA,QWD51/Q85",146.0,0.0016110931,99.82292,False
"LED TV,UN85U8200FK,85,COLOMBIA,UWS51/U85",144.0,0.0015890233,99.82451,False
"INTERACTIVE E-BOARD,WA75F,75,UNITED STAT",142.0,0.0015669537,99.82607,False
"LCD MON,S32BM801UN,32,UNITED STATES,LT20",141.0,0.0015559188,99.82763,False
"INTERACTIVE E-BOARD,WA86D,86,UNITED STAT",138.0,0.001522814,99.829155,False
"AV RECEIVER,HW-A450,COLOMBIA",138.0,0.001522814,99.83068,False
"AV RECEIVER,HW-QS700F,COLOMBIA",137.0,0.0015117791,99.83219,False
"MOBILE,SM-S916B,GREEN,COM",137.0,0.0015117791,99.8337,False
"FWM,SAMCOL,CO,14",136.0,0.0015007443,99.835205,False
"LED TV,UN85U8000FK,85,COLOMBIA,UWS51/U85",134.0,0.0014786745,99.836685,False
"SIGNAGE_OUTDOOR,OH55A-S,55,UNITED STATES",131.0,0.0014455699,99.83813,False
"LFD,QM65B,65,UNITED STATES,FT10/H65BM0-Y",130.0,0.001434535,99.83956,False
"QLED TV,QN65QN70FAK,65,COLOMBIA,QWW50/Q6",129.0,0.0014235001,99.84099,False
"OLED SCREEN,QN48S90FAE,48,COLOMBIA,DWE51",129.0,0.0014235001,99.842415,False
"SIGNAGE_STANDALONE,QM75C,75,UNITED STATE",128.0,0.0014124652,99.84383,False
"QLED TV,QN55QN1EFAK,55,COLOMBIA,QWW50/Q5",126.0,0.0013903955,99.845215,False
"MOBILE,SM-A127M/DS,BLUE,LTC",126.0,0.0013903955,99.8466,False
"MOBILE,SM-F711B,LIGHT VIOLET,COO",125.0,0.0013793606,99.847984,False
"AV RECEIVER,HW-Q800F,COLOMBIA",123.0,0.0013572908,99.84934,False
"AV RECEIVER,HW-Q600A,COLOMBIA",122.0,0.0013462559,99.850685,False
"TABLET,SM-P625,LIGHT GREEN,COO",121.0,0.0013352211,99.85202,False
"QLED TV,QN43LS05BAK,43,COLOMBIA,QWW24/Q4",120.0,0.0013241862,99.85335,False
"QLED TV,QN65QEF1AK,65,COLOMBIA,QWD51/Q65",120.0,0.0013241862,99.854675,False
"MOBILE,SM-F936B/DS,BEIGE,LTC",119.0,0.0013131513,99.85599,False
"LED MON,S43DM700UN,43,UNITED STATES,LU21",117.0,0.0012910814,99.85728,False
"TABLET,SM-P625,GRAY,COO",117.0,0.0012910814,99.85857,False
"MOBILE,SM-F936B,GRAY,COM",116.0,0.0012800465,99.85985,False
"DVM,10.6,KW,SETIN,HP,R410A",116.0,0.0012800465,99.86113,False
"PMA,2.5,KW,SETIN,HP,R410A",116.0,0.0012800465,99.86241,False
"LCD MON,S34BG850SN,34,UNITED STATES,LD20",116.0,0.0012800465,99.86369,False
"LED TV,UN70U8000FK,70,COLOMBIA,UWS51/U70",115.0,0.0012690116,99.86496,False
"SIGNAGE_STANDALONE,QB24C,23.8,UNITED STA",113.0,0.001246942,99.8662,False
"QLED TV,QN85QEF1AK,85,COLOMBIA,QWD51/Q85",113.0,0.001246942,99.86745,False
"MOBILE,SM-G996B/DS,BLACK,LTC",112.0,0.0012359071,99.86868,False
"MON,U32J590UQN,32,UNITED STATES,LJ80/S32",112.0,0.0012359071,99.86992,False
"AV RECEIVER,HW-S61A,COLOMBIA",110.0,0.0012138373,99.87113,False
"MON,S34A650UXN,34,UNITED STATES,LC10/S34",109.0,0.0012028024,99.87234,False
"AV RECEIVER,HW-A650,COLOMBIA",108.0,0.0011917675,99.87353,False
"MON,S43BM702UN,43,UNITED STATES,LU21/S43",107.0,0.0011807326,99.87471,False
"LFD,QM43B,43,UNITED STATES,FT10/H43RM0-Y",105.0,0.0011586628,99.87587,False
"MOBILE,SM-F946B,BLACK,COM",104.0,0.001147628,99.877014,False
"LED TV(H),HG50BU800NF,50,UNITED STATES,H",101.0,0.0011145234,99.87813,False
"QLED TV,QN50Q60AAK,50,COLOMBIA,QWK10/Q50",101.0,0.0011145234,99.87924,False
"MOBILE,SM-M346B/DS,BLUE,COO",100.0,0.0011034885,99.88035,False
"MOBILE,SM-A135M/DS,ORANGE,LTC",100.0,0.0011034885,99.881454,False
"QLED TV,QN65QN1EFAK,65,COLOMBIA,QWW50/Q6",100.0,0.0011034885,99.88256,False
"QLED TV,QN50LS03FAK,50,COLOMBIA,QWW53/Q5",100.0,0.0011034885,99.88367,False
"MOBILE,SM-G525F/DS,BLACK,COO",100.0,0.0011034885,99.88477,False
"MOBILE,SM-M146B/DSN,SILVER,COO",97.0,0.0010703838,99.88584,False
"QLED TV,QN85QN85BAK,85,COLOMBIA,QWW20/Q8",96.0,0.0010593489,99.8869,False
"QLED TV,QN75Q65CAK,75,COLOMBIA,QWK30/Q75",96.0,0.0010593489,99.88796,False
HOD,96.0,0.0010593489,99.88902,False
"MON,S43CG702NN,43,UNITED STATES,LJ20/S43",95.0,0.001048314,99.89007,False
"LED MODULE,IE025A ,0,UNITED STATES,FM10/",94.0,0.0010372791,99.891106,False
"MOBILE,SM-A032M/DS,BLUE,LTC",94.0,0.0010372791,99.89214,False
"LED MON,S24D600UAN,24,UNITED STATES,LK30",91.0,0.0010041745,99.89315,False
"DVM,3.5,KW,SETIN,HP,R410A",89.0,0.0009821048,99.894135,False
"LED TV(H),HG65BU800NF,65,UNITED STATES,H",87.0,0.00096003496,99.895096,False
"QLED TV,QN75QN800BK,75,COLOMBIA,QWX20/Q7",86.0,0.00094900007,99.89604,False
"AV RECEIVER,HW-Q930F,COLOMBIA",86.0,0.00094900007,99.89699,False
"DVM,2.8,KW,SETIN,HP,R410A",85.0,0.0009379652,99.89793,False
"LED TV,UN55AU8200K,55,COLOMBIA,UWK10/U55",84.0,0.0009269303,99.89885,False
"QLED TV,QN75QN90BAK,75,COLOMBIA,QWW20/Q7",84.0,0.0009269303,99.89977,False
"DVM,14.1,KW,SETIN,HP,R410A",84.0,0.0009269303,99.900696,False
"MON,F22T350FHL,22,COLOMBIA,LS00/S22TF0-L",84.0,0.0009269303,99.90162,False
"QLED TV,QN55QN85FAK,55,COLOMBIA,QWW51/Q5",83.0,0.00091589545,99.902534,False
"MOBILE,SM-A125M/DS,BLUE,LTC",82.0,0.00090486056,99.90344,False
"MOBILE,SM-A225M,WHITE,COM",82.0,0.00090486056,99.90435,False
"LFD,QB13R,13,UNITED STATES,FT92/H13RQ0-Y",81.0,0.00089382567,99.90524,False
"LED MON,S23C350H,23,COLOMBIA,WFQ1/S23CA",81.0,0.00089382567,99.906136,False
"BUSINESS TV,BE75C-H,75,COLOMBIA,FK21/H75",80.0,0.0008827908,99.90702,False
"QLED TV,QN65Q60AAK,65,COLOMBIA,QWK10/Q65",80.0,0.0008827908,99.907906,False
"OLED SCREEN,QN55S85FAK,55,COLOMBIA,DWW50",80.0,0.0008827908,99.90879,False
"INTERACTIVE E-BOARD,WM55R,55,UNITED STAT",80.0,0.0008827908,99.909676,False
"INTERACTIVE E-BOARD,WM65B,65,UNITED STAT",80.0,0.0008827908,99.91056,False
"AV RECEIVER,HW-Q990F,COLOMBIA",79.0,0.0008717559,99.91143,False
"LFD,QB43B,43,UNITED STATES,FS10/H43BB0-Y",78.0,0.00086072093,99.91229,False
"CAC,12.9,KW,SETIN,HP,R410A",77.0,0.00084968616,99.91314,False
"LFD,QB24R-B,23.8,UNITED STATES,FT03/H24T",76.0,0.00083865126,99.91398,False
"LFD,QB65B,65,UNITED STATES,FS10/H65RB0-Y",76.0,0.00083865126,99.91482,False
"BUSINESS TV,BE85C-H,85,COLOMBIA,FK21/H85",75.0,0.0008276164,99.91564,False
"MOBILE,SM-G780G/DS,LIGHT VIOLET,LTC",72.0,0.00079451164,99.916435,False
"MOBILE,SM-F711B,BLACK,COO",72.0,0.00079451164,99.91723,False
"QLED TV,QN55QN85AAK,55,COLOMBIA,QWR10/Q5",72.0,0.00079451164,99.91802,False
"QLED TV,QN50LS03AAK,50,COLOMBIA,QWR10/Q5",71.0,0.00078347686,99.91881,False
"MOBILE,SM-G991B/DS,GRAY,LTC",71.0,0.00078347686,99.91959,False
"AV RECEIVER,HW-A550,COLOMBIA",71.0,0.00078347686,99.92038,False
"MON,S49DG91DSN,49,UNITED STATES,LP41/S49",70.0,0.00077244197,99.92115,False
"MON,S49FG910EN,49,UNITED STATES,LS50/S49",69.0,0.000761407,99.92191,False
"DVM,2.2,KW,SETIN,HP,R410A",68.0,0.0007503721,99.92266,False
"CAC,15.0,KW,SETIN,CO,R410A",68.0,0.0007503721,99.92341,False
"DVM,5.3,KW,SETIN,HP,R410A",66.0,0.0007283024,99.92413,False
"QLED TV,QN85QN800DK,85,COLOMBIA,QWX32/Q8",66.0,0.0007283024,99.92486,False
"QLED TV,QN65LS03FAK,65,COLOMBIA,QWW53/Q6",66.0,0.0007283024,99.92558,False
"CAC,10.60,KW,SETIN,HP,R32",65.0,0.0007172675,99.9263,False
"MOBILE,SM-A525M/DS,LIGHT VIOLET,LTC",64.0,0.0007062326,99.92701,False
"AV RECEIVER,HW-S60A,COLOMBIA",64.0,0.0007062326,99.92772,False
"QLED TV,QN65LS03AAK,65,COLOMBIA,QWR10/Q6",63.0,0.0006951977,99.92841,False
"MON,S34A650UBN,34,UNITED STATES,LG20/S34",63.0,0.0006951977,99.92911,False
"QLED TV,QN55Q60AAK,55,COLOMBIA,QWK10/Q55",62.0,0.00068416283,99.929794,False
"PROJECTOR,SP-LSP7TKA,COLOMBIA,RWC00/R00T",62.0,0.00068416283,99.93048,False
"SIGNAGE_STANDALONE,QB75C,75,UNITED STATE",62.0,0.00068416283,99.93117,False
"OLED SCREEN,QN65S85FAK,65,COLOMBIA,DWW50",62.0,0.00068416283,99.931854,False
"QLED TV,QN75QN1EFAK,75,COLOMBIA,QWW50/Q7",61.0,0.00067312794,99.932526,False
"QLED TV,QN65QN90CAK,65,COLOMBIA,QWW30/Q6",61.0,0.00067312794,99.9332,False
"MOBILE,SM-S926B,YELLOW,COM",58.0,0.00064002327,99.93384,False
"LED TV(H),HG43BU800NF,43,UNITED STATES,H",57.0,0.00062898843,99.93446,False
"SIGNAGE_TOUCH,QM43B-T,43,UNITED STATES,F",57.0,0.00062898843,99.93509,False
"LED TV,UN85CU7000K,85,COLOMBIA,UWS30/U85",57.0,0.00062898843,99.935715,False
"LFD,QB85R-B,85,UNITED STATES,FT90/H85TQ0",57.0,0.00062898843,99.93634,False
"MOBILE,SM-A217M,BLACK,COM",57.0,0.00062898843,99.936966,False
"MOBILE,SM-S936B,DARK BLUE,COM",56.0,0.00061795354,99.937584,False
"MOBILE,SM-S901E,WHITE,LTC",56.0,0.00061795354,99.9382,False
"SIGNAGE_STANDALONE,QM85C,85,UNITED STATE",54.0,0.00059588376,99.9388,False
"QLED TV,QN65QN85AAK,65,COLOMBIA,QWR10/Q6",53.0,0.00058484887,99.939384,False
"QLED TV,QN75QNX1DAK,75,COLOMBIA,QWW40/Q7",52.0,0.000573814,99.93996,False
"BUSINESS TV,BE85D-H,85,COLOMBIA,FY41/H85",51.0,0.00056277914,99.94052,False
"DVM,8.8,KW,SETIN,HP,R410A",50.0,0.00055174425,99.94107,False
"MOBILE,SM-A336M/DSN,WHITE,LTC",50.0,0.00055174425,99.94162,False
"TABLET,SM-P610,GRAY,COO",50.0,0.00055174425,99.94217,False
"SIGNAGE_STANDALONE,QB85C,85,UNITED STATE",49.0,0.00054070936,99.94271,False
"DVM,7.0,KW,SETIN,HP,R410A",48.0,0.00052967446,99.94324,False
"QLED TV,QN43LS05TAK,43,COLOMBIA,QWH01/Q4",48.0,0.00052967446,99.94376,False
"DVM,3.6,KW,SETIN,HP,R410A",47.0,0.0005186396,99.94428,False
"MOBILE,SM-N980F/DS,GRAY,COO",47.0,0.0005186396,99.9448,False
"MOBILE,SM-A015M/DS,BLUE,COB",45.0,0.00049656985,99.9453,False
"MON,S32FM801UN,32,UNITED STATES,LD51/S32",45.0,0.00049656985,99.94579,False
"OLE MON,S27DG612SN,27,UNITED STATES,LN40",45.0,0.00049656985,99.94629,False
"AV RECEIVER,HW-Q600F,COLOMBIA",45.0,0.00049656985,99.946785,False
"QLED TV,QN85QN800CK,85,COLOMBIA,QWX30/Q8",44.0,0.00048553493,99.94727,False
"MOBILE,SM-F741B,ABSOLUTE BLACK,COO",44.0,0.00048553493,99.94776,False
"QLED TV,QN32LS03TBK,32,COLOMBIA,QWL00/Q3",43.0,0.00047450003,99.948235,False
"LED TV,UN60AU8000K,60,COLOMBIA,UWK10/U60",43.0,0.00047450003,99.94871,False
"LFD,BE75T-H,75,UNITED STATES,FN00/H75TB0",43.0,0.00047450003,99.94918,False
"MOBILE,SM-A013M,BLACK,COM",43.0,0.00047450003,99.94965,False
"AV RECEIVER,HW-Q800A,COLOMBIA",42.0,0.00046346514,99.95012,False
"MOBILE,SM-G780G/DS,BLUE,LTC",42.0,0.00046346514,99.950584,False
"LED TV,UN43TU8000K,43,COLOMBIA,UWK00/U43",42.0,0.00046346514,99.95105,False
"MOBILE,SM-A135M/DS,WHITE,LTC",42.0,0.00046346514,99.951515,False
"MOBILE,SM-G780G/DS,GREEN,LTC",40.0,0.0004413954,99.95196,False
"OLED SCREEN,QN77S85FAE,77,COLOMBIA,DWW50",40.0,0.0004413954,99.9524,False
"MON,S32A700NWN,32,UNITED STATES,LE10/S32",39.0,0.00043036047,99.95283,False
"SIGNAGE_TOUCH,QM55B-T,55,UNITED STATES,F",39.0,0.00043036047,99.953255,False
"MOBILE,SM-A125M/DS,BLACK,LTC",39.0,0.00043036047,99.95368,False
"DVM,11.2,KW,SETIN,HP,R410A",38.0,0.00041932563,99.9541,False
"MOBILE,SM-A022M/DS,BLACK,LTC",37.0,0.0004082907,99.95451,False
"MOBILE,SM-A235M,BLACK,COM",37.0,0.0004082907,99.954926,False
"MOBILE,SM-F711B,BEIGE,COO",37.0,0.0004082907,99.95534,False
"MOBILE,SM-A515F,BLACK,COM",37.0,0.0004082907,99.95575,False
"QLED TV,QN75LS03FWK,75,COLOMBIA,QWE53/Q7",37.0,0.0004082907,99.95616,False
"LFD,QB75B,75,UNITED STATES,FS10/H75RB0-Y",37.0,0.0004082907,99.95657,False
"PMA,5.0,KW,SETIN,HP,R410A",37.0,0.0004082907,99.956985,False
"LFD,VM55B-E,55,UNITED STATES,FA20/H55BN0",36.0,0.00039725582,99.95738,False
"LED TV,UN65TU7000K,65,COLOMBIA,UWL00/U65",36.0,0.00039725582,99.95778,False
"MOBILE,SM-A127M,BLACK,COM",35.0,0.00038622099,99.95817,False
"LCD MON,S32BM80BUN,32,UNITED STATES,LT20",35.0,0.00038622099,99.95856,False
"MOBILE,SM-A235M,LIGHT BLUE,COM",34.0,0.00037518606,99.95893,False
"QLED TV,QN85QN800BK,85,COLOMBIA,QWX20/Q8",34.0,0.00037518606,99.959305,False
"MOBILE,SM-G991B/DS,VIOLET,LTC",34.0,0.00037518606,99.95968,False
"LFD,QM85R-B,85,UNITED STATES,FS90/H85TM0",34.0,0.00037518606,99.96005,False
"AV RECEIVER,HW-S60B,COLOMBIA",34.0,0.00037518606,99.96043,False
"QLED TV,QN65LS03FWK,65,COLOMBIA,QWE53/Q6",34.0,0.00037518606,99.9608,False
"AV RECEIVER,HW-Q700A,COLOMBIA",33.0,0.0003641512,99.96117,False
"TABLET,SM-T295,BLACK,COO",33.0,0.0003641512,99.96153,False
"MOBILE,SM-A013M,BLUE,COM",32.0,0.0003531163,99.96188,False
"QLED TV,QN85Q6FAAK,85,COLOMBIA,QWS51/Q85",31.0,0.00034208142,99.96223,False
"DVM,5.6,KW,SETIN,HP,R410A",31.0,0.00034208142,99.96257,False
"AV RECEIVER,HW-Q930B,COLOMBIA",31.0,0.00034208142,99.96291,False
"MON,S27FG810SN,27,UNITED STATES,LR50/S27",31.0,0.00034208142,99.96326,False
"DVM,7.1,KW,SETIN,HP,R410A",31.0,0.00034208142,99.9636,False
"QLED TV,QN65LST7TAK,65,COLOMBIA,QNH00/Q6",31.0,0.00034208142,99.96394,False
"MOBILE,SM-S906E/DS,PINK GOLD,COM",31.0,0.00034208142,99.96429,False
"QLED TV,QN75QN70FAK,75,COLOMBIA,QWW50/Q7",31.0,0.00034208142,99.96463,False
"INTERACTIVE E-BOARD,WM65R,65,UNITED STAT",31.0,0.00034208142,99.96497,False
"MOBILE,SM-A217M,BLUE,COM",30.0,0.00033104655,99.9653,False
"SIGNAGE_STANDALONE,SH37C,37,UNITED STATE",30.0,0.00033104655,99.96563,False
"CAC,15.3,KW,SETIN,HP,R410A",30.0,0.00033104655,99.96596,False
"QLED TV,QN75QN800CK,75,COLOMBIA,QWX30/Q7",29.0,0.00032001163,99.96628,False
"CAC,7.00,KW,SETIN,HP,R32",29.0,0.00032001163,99.9666,False
"LFD,QM43R-A,43,UNITED STATES,FK11/H43RM0",29.0,0.00032001163,99.96692,False
"MON,C32G55TQWN,32,UNITED STATES,LR00/S32",28.0,0.00030897677,99.967224,False
"MOBILE,SM-A207M/DS,BLACK,COO",28.0,0.00030897677,99.96753,False
"AV RECEIVER,HW-T550,COLOMBIA",28.0,0.00030897677,99.967834,False
"MOBILE,SM-F956B,SILVER,COM",28.0,0.00030897677,99.96814,False
"LFD,QM75B,75,UNITED STATES,FT10/H75RM0-Y",28.0,0.00030897677,99.968445,False
"MOBILE,SM-A015M/DS,BLACK,COB",28.0,0.00030897677,99.96875,False
"MOBILE,SM-S901E,WHITE,COM",27.0,0.00029794188,99.96905,False
"QLED TV,QN65QN900FK,65,COLOMBIA,QWX50/Q6",27.0,0.00029794188,99.969345,False
"MOBILE,SM-A226BR/N,WHITE,COM",27.0,0.00029794188,99.96964,False
"BLU-RAY DISC PLAYER,BD-J4500R,MEXICO",27.0,0.00029794188,99.96994,False
"QLED TV,QN65Q80AAK,65,COLOMBIA,QWR10/Q65",27.0,0.00029794188,99.97024,False
"LED MODULE,IW012A,0,UNITED STATES,FJ10/H",27.0,0.00029794188,99.970535,False
"MOBILE,SM-A528B/DS,BLACK,LTC",26.0,0.000286907,99.970825,False
"LED TV,UN65AU8200K,65,COLOMBIA,UWK10/U65",26.0,0.000286907,99.971115,False
"QLED TV,QN65QN90BAK,65,COLOMBIA,QWW20/Q6",26.0,0.000286907,99.971405,False
"MON,S27C900PAN,27,UNITED STATES,LW30/S27",25.0,0.00027587212,99.97168,False
"TABLET,SM-X706B,GRAY,COO",25.0,0.00027587212,99.971954,False
"AV RECEIVER,HW-T450,COLOMBIA",25.0,0.00027587212,99.97223,False
"CAC,15.8,KW,SETIN,CO,R410A",24.0,0.00026483723,99.972496,False
"MON,S32FG810SN,32,UNITED STATES,LR51/S32",24.0,0.00026483723,99.97276,False
"MOBILE,SM-A207M/DS,RED,COO",24.0,0.00026483723,99.97303,False
"INTERACTIVE E-BOARD,WM85B,85,UNITED STAT",24.0,0.00026483723,99.9733,False
"MON,S55BG970NN,55,UNITED STATES,LB20/S55",24.0,0.00026483723,99.973564,False
"LED TV,UN50AU8200K,50,COLOMBIA,UWK10/U50",23.0,0.00025380234,99.973816,False
"QLED TV,QN55Q60TAK,55,COLOMBIA,QWK00/Q55",22.0,0.00024276746,99.97406,False
"MOBILE,SM-S906E/DS,GREEN,COM",22.0,0.00024276746,99.974304,False
"LED MODULE,IE020A,0,UNITED STATES,FM10/H",22.0,0.00024276746,99.97455,False
"MOBILE,SM-A217M,SILVER,COO",22.0,0.00024276746,99.97479,False
"DVM,14.07,KW,SETIN,HP,R410A",22.0,0.00024276746,99.97504,False
"MOBILE,SM-G610M/DS,BLACK,COO",21.0,0.00023173257,99.975266,False
"QLED TV,QN65QN85FAK,65,COLOMBIA,QWW51/Q6",21.0,0.00023173257,99.975494,False
"MOBILE,SM-A127M,BLUE,COM",21.0,0.00023173257,99.97572,False
"OLED SCREEN,QN65S95FAK,65,COLOMBIA,DWE50",21.0,0.00023173257,99.97595,False
"MOBILE,SM-A235M/DSN,WHITE,LTC",21.0,0.00023173257,99.97618,False
"MOBILE,SM-A015M,BLACK,COM",21.0,0.00023173257,99.97641,False
"SIGNAGE_STANDALONE,QM75B,75,UNITED STATE",21.0,0.00023173257,99.97664,False
"SIGNAGE_STANDALONE,QE98C,98,UNITED STATE",21.0,0.00023173257,99.97687,False
"LED MODULE,XA067T,0,UNITED STATES,FP00/H",21.0,0.00023173257,99.9771,False
"MOBILE,SM-A107M/DS,RED,COO",21.0,0.00023173257,99.977325,False
"INTERACTIVE E-BOARD,WM55B,55,UNITED STAT",21.0,0.00023173257,99.977554,False
"MOBILE,SM-M127F/DS,BLACK,COO",20.0,0.0002206977,99.977776,False
"MOBILE,SM-A217M,WHITE,COB",20.0,0.0002206977,99.978,False
"MOBILE,SM-A207M/DS,BLUE,COO",20.0,0.0002206977,99.97822,False
"MOBILE,SM-F956B,DARK BLUE,COM",20.0,0.0002206977,99.97844,False
"LED TV,UN50RU7100K,50,COLOMBIA,UWE90/U50",20.0,0.0002206977,99.97866,False
"QLED TV,QN32LS03CBK,32,COLOMBIA,QWS30/Q3",20.0,0.0002206977,99.97888,False
"DVM,2.6,KW,SETIN,HP,R410A",20.0,0.0002206977,99.9791,False
"MOBILE,SM-F926B/DS,BLACK,COO",20.0,0.0002206977,99.979324,False
"MOBILE,SM-A107M/DS,BLACK,COB",20.0,0.0002206977,99.979546,False
"QLED TV,QN65QN800AK,65,COLOMBIA,QWT10/Q6",20.0,0.0002206977,99.97977,False
"DVM,7,KW,SETIN,HP,R410A",19.0,0.00020966282,99.97997,False
"RAC,3.4,KW,SETIN,CO,R410A",19.0,0.00020966282,99.98018,False
"PMA,6.5,KW,SETIN,HP,R410A",19.0,0.00020966282,99.980385,False
"AV RECEIVER,HW-Q990B,COLOMBIA",19.0,0.00020966282,99.98059,False
"MOBILE,SM-A315G,BLUE,COM",18.0,0.00019862791,99.98079,False
"LED TV,UN55TU7000K,55,COLOMBIA,UWL01/U55",18.0,0.00019862791,99.98099,False
"MOBILE,SM-G996B/DS,VIOLET,LTC",17.0,0.00018759303,99.98118,False
"QLED TV,QN85QN70FAK,85,COLOMBIA,QWW50/Q8",17.0,0.00018759303,99.98137,False
"OLED SCREEN,QN55S95FAK,55,COLOMBIA,DWE50",17.0,0.00018759303,99.98156,False
"DVM,15.83,KW,SETIN,HP,R410A",17.0,0.00018759303,99.98175,False
"MOBILE,SM-A525M,BLUE,COM",17.0,0.00018759303,99.98194,False
"DVM,14.0,KW,SETIN,HP,R410A",17.0,0.00018759303,99.98213,False
"OWM,SAMCOL,CO,9",17.0,0.00018759303,99.98232,False
"LFD,QM65R-B,65,UNITED STATES,FK11/H65RM0",17.0,0.00018759303,99.98251,False
"MOBILE,SM-A307G,BLACK,COM",16.0,0.00017655815,99.98269,False
"CAC,15.80,KW,SETIN,HP,R32",16.0,0.00017655815,99.982864,False
"AV RECEIVER,HW-N300,COLOMBIA",16.0,0.00017655815,99.98304,False
"PMA,5.2,KW,SETIN,HP,R410A",15.0,0.00016552328,99.98321,False
"LED TV,UN58RU7100K,58,COLOMBIA,UWE90/U58",15.0,0.00016552328,99.983376,False
"MOBILE,SM-J810M/DS,ORCHID GRAY,COO",15.0,0.00016552328,99.98354,False
"MOBILE,SM-S908E/DS,GREEN,LTC",15.0,0.00016552328,99.98371,False
"QLED TV,QN65Q800TAK,65,COLOMBIA,QWJ01/Q6",15.0,0.00016552328,99.98388,False
"DVM,17.0,KW,SETIN,HP,R410A",15.0,0.00016552328,99.98405,False
"DVM,22.0,KW,SETIN,HP,R410A",15.0,0.00016552328,99.984215,False
"DVM,6.8,KW,SETIN,HP,R410A",14.0,0.00015448839,99.98437,False
"MOBILE,SM-A107M,BLACK,COM",14.0,0.00015448839,99.98452,False
"QLED TV,QN55LS03TAK,55,COLOMBIA,QWD90/Q5",14.0,0.00015448839,99.98467,False
"INTERACTIVE E-BOARD,WM75B,75,UNITED STAT",14.0,0.00015448839,99.984825,False
"SIGNAGE_VIDEOWALL,VH55C-R,55,UNITED STAT",14.0,0.00015448839,99.98498,False
"MOBILE,SM-J415G/DS,GOLD,COO",14.0,0.00015448839,99.98513,False
"PMA,2.6,KW,SETIN,HP,R410A",14.0,0.00015448839,99.98528,False
"MOBILE,SM-A115M,BLUE,COM",13.0,0.0001434535,99.98543,False
"MOBILE,SM-A115M,WHITE,COB",13.0,0.0001434535,99.98557,False
"QLED TV,QN75QN900FK,75,COLOMBIA,QWX50/Q7",13.0,0.0001434535,99.98572,False
"MON,S24A600NWN,24,UNITED STATES,LE11/S24",13.0,0.0001434535,99.98586,False
"MOBILE,SM-G610M/DS,WHITE GOLD,COO",13.0,0.0001434535,99.98601,False
"QLED TV,QN43LS05BBK,43,COLOMBIA,QWW24/Q4",13.0,0.0001434535,99.98615,False
"OLED SCREEN,QN42S90FAE,42,COLOMBIA,DWE51",13.0,0.0001434535,99.9863,False
"LFD,QB43R-B,43,UNITED STATES,FT90/H43RB0",13.0,0.0001434535,99.98644,False
"DVM,10.55,KW,SETIN,HP,R410A",13.0,0.0001434535,99.98659,False
"LFD,QB13R-T,13,UNITED STATES,FT92/H13RQ0",13.0,0.0001434535,99.98673,False
"AV RECEIVER,HW-Q60T,COLOMBIA",13.0,0.0001434535,99.98688,False
"LED TV,UN55AU9000K,55,COLOMBIA,UWK10/U55",13.0,0.0001434535,99.98702,False
"MOBILE,SM-A107M/DS,BLUE,COO",13.0,0.0001434535,99.98717,False
"MOBILE,SM-A528B/DS,LIGHT VIOLET,LTC",12.0,0.00013241862,99.9873,False
"MOBILE,SM-A315G,BLACK,COM",12.0,0.00013241862,99.98743,False
"LED MODULE,XRB039-Y,0,UNITED STATES,FG20",12.0,0.00013241862,99.98756,False
"MOBILE,SM-A115M,BLACK,COM",12.0,0.00013241862,99.987686,False
"LFD,OM55B,55,UNITED STATES,FP10/H55BA0-Y",12.0,0.00013241862,99.987816,False
"QLED TV,QN85QN85AAK,85,COLOMBIA,QWR10/Q8",12.0,0.00013241862,99.987946,False
"LED TV,UN55TU8500K,55,COLOMBIA,UWK00/U55",12.0,0.00013241862,99.988075,False
"LFD,QM98T-B,98,UNITED STATES,FA00/H98TQ1",12.0,0.00013241862,99.988205,False
"MOBILE,SM-A107M/DS,BLACK,COO",12.0,0.00013241862,99.988335,False
"MOBILE,SM-A528B/DS,LIGHT GREEN ,LTC",12.0,0.00013241862,99.988464,False
"MOBILE,SM-A305G/DS,WHITE,COO",12.0,0.00013241862,99.988594,False
"QLED TV,QN85QN85FAK,85,COLOMBIA,QWW51/Q8",11.0,0.00012138373,99.988716,False
"LED TV,UN43J5290AK,43,COLOMBIA,UWE70/U43",11.0,0.00012138373,99.98884,False
"MOBILE,SM-G780F,BLUE,COM",11.0,0.00012138373,99.98896,False
"MOBILE,SM-A125M,BLACK,COM",11.0,0.00012138373,99.98908,False
"MOBILE,SM-A125M,BLUE,COM",11.0,0.00012138373,99.989204,False
"QLED TV,QN75QN85FAK,75,COLOMBIA,QWW51/Q7",11.0,0.00012138373,99.98933,False
"LFD,QM32R-A,32,UNITED STATES,FK14/H32RM0",11.0,0.00012138373,99.98945,False
"LED TV,UN82AU7000K,82,COLOMBIA,UWS11/U82",11.0,0.00012138373,99.98957,False
"MOBILE,SM-A217M,BLUE,COO",11.0,0.00012138373,99.98969,False
"MOBILE,SM-A013M/DS,BLUE,COO",11.0,0.00012138373,99.989815,False
"LED TV,UN55RU7100K,55,COLOMBIA,UWE90/U55",11.0,0.00012138373,99.98994,False
"LED TV,UN65RU7100K,65,COLOMBIA,UWE90/U65",11.0,0.00012138373,99.99006,False
"MOBILE,SM-A022M/DS,BLUE,LTC",10.0,0.00011034885,99.990166,False
"QLED TV,QN50QN80FAK,50,COLOMBIA,QWW51/Q5",10.0,0.00011034885,99.99027,False
"LED TV,UN75AU7000K,75,COLOMBIA,UWS11/U75",10.0,0.00011034885,99.99038,False
"MOBILE,SM-G990B/DS,LIGHT VIOLET,LTC",10.0,0.00011034885,99.990486,False
"LFD,KM24A,24,UNITED STATES,FD10/H24AK0-Y",10.0,0.00011034885,99.99059,False
"MOBILE,SM-A525M,BLACK,COM",10.0,0.00011034885,99.9907,False
"LFD,VM55T-E,55,UNITED STATES,FX00/H55TN0",10.0,0.00011034885,99.99081,False
"MOBILE,SM-A725M,BLUE,COM",10.0,0.00011034885,99.99091,False
"MOBILE,SM-A217M/DS,WHITE,COO",10.0,0.00011034885,99.99102,False
"MOBILE,SM-A715F,BLACK,COM",10.0,0.00011034885,99.99113,False
"LED TV,UN32J4000DK,32,COLOMBIA,UND61/U32",10.0,0.00011034885,99.991234,False
"MOBILE,SM-A025M/DS,BLUE,LTC",10.0,0.00011034885,99.99134,False
"MOBILE,SM-A022M,BLACK,COM",10.0,0.00011034885,99.99145,False
"LED TV,UN43TU7000K,43,COLOMBIA,UWL02/U43",9.0,9.9313955e-05,99.99155,False
"MOBILE,SM-A217M/DS,BLUE,COO",9.0,9.9313955e-05,99.991646,False
"MOBILE,SM-A107M/DS,BLUE,COB",9.0,9.9313955e-05,99.991745,False
"MOBILE,SM-A217M,WHITE,COM",9.0,9.9313955e-05,99.991844,False
"DVM,8.79,KW,SETIN,HP,R410A",9.0,9.9313955e-05,99.99194,False
"MOBILE,SM-A217M,BLACK,COO",9.0,9.9313955e-05,99.99204,False
"MOBILE,SM-G996B/DS,SILVER,LTC",9.0,9.9313955e-05,99.99214,False
"MOBILE,SM-G991B/DS,WHITE,LTC",9.0,9.9313955e-05,99.99224,False
"LFD,QM50R-B,50,UNITED STATES,FK11/H50TM0",9.0,9.9313955e-05,99.99234,False
"MOBILE,SM-F766B,RED,COO",8.0,8.827908e-05,99.99243,False
"MOBILE,SM-A226BR/DSN,WHITE,LTC",8.0,8.827908e-05,99.99252,False
"DVM,7.03,KW,SETIN,HP,R410A",8.0,8.827908e-05,99.992615,False
"MOBILE,SM-A015M/DS,BLUE,COO",8.0,8.827908e-05,99.99271,False
"LED TV,UN50TU7000K,50,COLOMBIA,UWL01/U50",8.0,8.827908e-05,99.9928,False
"QLED TV,QN55QN80FAK,55,COLOMBIA,QWW51/Q5",8.0,8.827908e-05,99.99289,False
"MOBILE,SM-A217M,RED,COM",8.0,8.827908e-05,99.99298,False
"OLED SCREEN,QN83S90FAE,83,COLOMBIA,DWE51",7.0,7.724419e-05,99.99306,False
"RAC,2.64,KW,SET,CO,R410A",7.0,7.724419e-05,99.99313,False
"RAC,6.4,KW,SET,CO,R410A",7.0,7.724419e-05,99.99321,False
"QLED TV,QN65Q700TAK,65,COLOMBIA,QWJ01/Q6",7.0,7.724419e-05,99.993286,False
"VCS,SEM,120V/60HZ,580,MULTI CYCLONE",7.0,7.724419e-05,99.99336,False
"MOBILE,SM-A305G,BLACK,COM",7.0,7.724419e-05,99.99344,False
"LFD,QB50R-B,50,UNITED STATES,FT90/H50TB2",7.0,7.724419e-05,99.993515,False
"MWO(COMMON),1.1,MIRROR BLACK(PAT),TC",7.0,7.724419e-05,99.99359,False
"OLED SCREEN,QN77S95FAK,77,COLOMBIA,DWE50",7.0,7.724419e-05,99.99367,False
"LED TV,UN75AU8000K,75,COLOMBIA,UWK10/U75",7.0,7.724419e-05,99.993744,False
"MOBILE,SM-A025M,BLUE,COM",7.0,7.724419e-05,99.99382,False
"SIGNAGE_TOUCH,QB13R-TM,13,UNITED STATES,",7.0,7.724419e-05,99.9939,False
"MOBILE,SM-A515F,WHITE,COM",7.0,7.724419e-05,99.99397,False
"LED TV,UN40J5200AK,40,COLOMBIA,UAE50/U4",7.0,7.724419e-05,99.99405,False
"AV RECEIVER,HW-M450,COLOMBIA",7.0,7.724419e-05,99.994125,False
"MOBILE,SM-G780G,GREEN,COM",7.0,7.724419e-05,99.9942,False
"TABLET,SM-P610,BLUE,COO",6.0,6.620931e-05,99.99427,False
"LFD,QM43R-T,43,UNITED STATES,FT01/H43TT0",6.0,6.620931e-05,99.99434,False
"AV RECEIVER,HW-Q800T,COLOMBIA",6.0,6.620931e-05,99.99441,False
"LED TV,UN55K6500AK,55,COLOMBIA,UWK60/U5",6.0,6.620931e-05,99.99448,False
"MOBILE,SM-A725M/DS,BLACK,LTC",6.0,6.620931e-05,99.994545,False
"LED TV,UN32J4290AK,32,COLOMBIA,UWE70/U32",6.0,6.620931e-05,99.99461,False
"MOBILE,SM-A032M,BLUE,COM",6.0,6.620931e-05,99.99468,False
"MOBILE,SM-A015M/DS,BLACK,COO",6.0,6.620931e-05,99.99475,False
"LED TV,UN40KU6000K,40,COLOMBIA,UWP60/U4",6.0,6.620931e-05,99.99482,False
"LED TV,UN75TU7000K,75,COLOMBIA,UWL00/U75",6.0,6.620931e-05,99.99489,False
"AV RECEIVER,HW-J250,MEXICO",6.0,6.620931e-05,99.99496,False
"QLED TV,QN100QN80FK,100,COLOMBIA,QWW52/Q",6.0,6.620931e-05,99.995026,False
"LED TV,UN49J5290AK,49,COLOMBIA,UWE70/U49",6.0,6.620931e-05,99.995094,False
"MOBILE,SM-A715F,SILVER,COM",6.0,6.620931e-05,99.99516,False
"DVM,5.2,KW,SETIN,HP,R410A",6.0,6.620931e-05,99.99523,False
"MOBILE,SM-A750G/DS,BLUE,COO",6.0,6.620931e-05,99.9953,False
"MOBILE,SM-A750G/DS,BLACK,COO",6.0,6.620931e-05,99.99537,False
"MOBILE,SM-A107M,BLUE,COM",6.0,6.620931e-05,99.99544,False
"MOBILE,SM-S906E/DS,WHITE,LTC",6.0,6.620931e-05,99.99551,False
"DVM,28.0,KW,SETIN,HP,R410A",6.0,6.620931e-05,99.995575,False
"CAC,13.80,KW,SETIN,HP,R32",6.0,6.620931e-05,99.99564,False
"MOBILE,SM-A315G,WHITE,COM",6.0,6.620931e-05,99.99571,False
"MOBILE,SM-A013M/DS,BLACK,COO",5.0,5.5174423e-05,99.995766,False
"MINI COMPONENT,MX-J730,MEXICO",5.0,5.5174423e-05,99.99582,False
"MOBILE,SM-A305G/DS,BLACK,COO",5.0,5.5174423e-05,99.99587,False
"LED TV,UN43TU6900K,43,COLOMBIA,UWL05/U43",5.0,5.5174423e-05,99.995926,False
"MOBILE,SM-G996B,BLACK,COM",5.0,5.5174423e-05,99.99598,False
"LFD,QM43R-B,43,UNITED STATES,FK11/H43RM0",5.0,5.5174423e-05,99.99603,False
"MOBILE,SM-A315G/DSL,WHITE,COO",5.0,5.5174423e-05,99.996086,False
"OWM,SELACOL,CO,16",5.0,5.5174423e-05,99.99614,False
"MOBILE,SM-A705MN,BLUE,COM",5.0,5.5174423e-05,99.99619,False
"PROJECTOR,SP-LSP9TKA,COLOMBIA,RWC00/R00T",5.0,5.5174423e-05,99.99625,False
"TABLET,SM-P585M,BLACK,COM",5.0,5.5174423e-05,99.9963,False
"LFD,QB50R,50,UNITED STATES,FT90/H50TB2-Y",5.0,5.5174423e-05,99.99635,False
"QLED TV,QN65Q60TAK,65,COLOMBIA,QWK00/Q65",5.0,5.5174423e-05,99.99641,False
"MOBILE,SM-F700F/DS,BLACK,COO",5.0,5.5174423e-05,99.99646,False
"TABLET,SM-T505,GRAY,COO",5.0,5.5174423e-05,99.99651,False
"BD HTS,HT-J4500K,COLOMBIA",5.0,5.5174423e-05,99.99657,False
"VCS,SEM,120V/60HZ,1050,MULTI CYCLONE",5.0,5.5174423e-05,99.99662,False
"MOBILE,SM-A217M/DS,BLACK,COB",5.0,5.5174423e-05,99.99667,False
"MOBILE,SM-A115M,WHITE,COM",5.0,5.5174423e-05,99.99673,False
"MOBILE,SM-A217M,BLUE,COB",5.0,5.5174423e-05,99.99678,False
"MOBILE,SM-N985F,BROWN,COM",5.0,5.5174423e-05,99.99683,False
"MOBILE,SM-A207M,BLUE,COM",5.0,5.5174423e-05,99.99689,False
"MOBILE,SM-A805F,GOLD,COM",5.0,5.5174423e-05,99.99694,False
"MOBILE,SM-A920F/DS,BLACK,COB",5.0,5.5174423e-05,99.996994,False
"MOBILE,SM-A022M,BLUE,COM",5.0,5.5174423e-05,99.99705,False
"MOBILE,SM-A805F,BLACK,COM",5.0,5.5174423e-05,99.9971,False
"MOBILE,SM-G780G,BLUE,COM",5.0,5.5174423e-05,99.997154,False
"AV RECEIVER,HW-Q70T,COLOMBIA",5.0,5.5174423e-05,99.99721,False
"LED TV,UN49MU6100K,49,COLOMBIA,UWU70/U49",5.0,5.5174423e-05,99.99726,False
"QLED TV,QN85QN900FK,85,COLOMBIA,QWX50/Q8",5.0,5.5174423e-05,99.997314,False
"MINI COMPONENT,MX-JS5000,MEXICO",5.0,5.5174423e-05,99.99737,False
"LED TV,UN32J4000AK,32,COLOMBIA,UND51/U3",5.0,5.5174423e-05,99.99742,False
"RTF,332,120V 60HZ",5.0,5.5174423e-05,99.997475,False
"MOBILE,SM-A207M,BLACK,COM",5.0,5.5174423e-05,99.99753,False
"LED ALL-IN-ONE,IAC 130 2K,130,UNITED STA",5.0,5.5174423e-05,99.99758,False
"DVM,9.0,KW,SETIN,HP,R410A",5.0,5.5174423e-05,99.997635,False
"MOBILE,SM-A715F/DS,BLUE,COO",5.0,5.5174423e-05,99.99769,False
"TABLET,SM-T500,GRAY,COO",4.0,4.413954e-05,99.997734,False
"LED MODULE,XRB039-X,0,UNITED STATES,FG20",4.0,4.413954e-05,99.99778,False
"SIGNAGE_STANDALONE,QB75B,75,UNITED STATE",4.0,4.413954e-05,99.997826,False
"BD HTS,HT-J5100K,COLOMBIA",4.0,4.413954e-05,99.99787,False
"MOBILE,SM-F766B,DARK BLUE,COO",4.0,4.413954e-05,99.99792,False
"TABLET,SM-P200,BLACK,COO",4.0,4.413954e-05,99.99796,False
"MOBILE,SM-A515F/DS,BLACK,COO",4.0,4.413954e-05,99.99801,False
"DVM,5.28,KW,SETIN,HP,R410A",4.0,4.413954e-05,99.998055,False
"MON,S32FM700UN,32,UNITED STATES,LE51/S32",4.0,4.413954e-05,99.9981,False
"LED TV,UN60J6300AK,60,COLOMBIA,UWK50/U6",4.0,4.413954e-05,99.998146,False
"LFD,VH55T-E,55,UNITED STATES,FW00/H55TN0",4.0,4.413954e-05,99.99819,False
"LFD,QM75R-A,75,UNITED STATES,FK12/H75RM0",4.0,4.413954e-05,99.99824,False
"CHR,SETIN",4.0,4.413954e-05,99.99828,False
"BLU-RAY DISC PLAYER,BD-E5500/ZX,MEXICO",4.0,4.413954e-05,99.99833,False
"DVM,5.9,KW,SETIN,HP,R410A",4.0,4.413954e-05,99.998375,False
"TABLET,SM-P200,GRAY,COO",4.0,4.413954e-05,99.99842,False
"LED TV,UN40JU6100K,40,COLOMBIA,UWJ52/U4",4.0,4.413954e-05,99.99847,False
"LED TV,UN48J5200AK,48,COLOMBIA,UAE50/U4",4.0,4.413954e-05,99.99851,False
"MOBILE,SM-A025M/DS,BLACK,LTC",4.0,4.413954e-05,99.99856,False
"MOBILE,SM-A217M,BLACK,COL",4.0,4.413954e-05,99.998604,False
"MOBILE,SM-F966B/DS,DARK BLUE,COO",4.0,4.413954e-05,99.99865,False
"LED TV,UN40D6500VM,40,COLOMBIA,U70A/40DV",4.0,4.413954e-05,99.998695,False
"LED TV,UN32J4300DK,32,COLOMBIA,UWE70/U32",4.0,4.413954e-05,99.99874,False
"INTERACTIVE E-BOARD,WA86F,86,UNITED STAT",4.0,4.413954e-05,99.99879,False
"SIGNAGE_TOUCH,QB24C-T,23.8,UNITED STATES",4.0,4.413954e-05,99.99883,False
"RTF,395,120V 60HZ",4.0,4.413954e-05,99.99888,False
"RFD,25.5,110-120V 60HZ",4.0,4.413954e-05,99.998924,False
"QLED TV,QN65Q70AAK,65,COLOMBIA,QWR10/Q65",4.0,4.413954e-05,99.99897,False
"RAC,3.22,KW,SET,CO,R410A",4.0,4.413954e-05,99.999016,False
"MOBILE,SM-A528B,BLACK,COM",4.0,4.413954e-05,99.99906,False
"MOBILE,SM-J260M/DS,BLACK,COO",4.0,4.413954e-05,99.99911,False
"LED TV,UN82NU8000K,82,COLOMBIA,UWY80/U82",4.0,4.413954e-05,99.99915,False
"MOBILE,SM-A307G,VIOLET,COM",4.0,4.413954e-05,99.9992,False
"MOBILE,SM-A217M/DS,BLUE,COB",4.0,4.413954e-05,99.999245,False
"MOBILE,SM-A725M/DS,BLUE,LTC",4.0,4.413954e-05,99.99929,False
"LED TV,UN49MU6300K,49,COLOMBIA,UWU70/U49",4.0,4.413954e-05,99.99934,False
"MOBILE,SM-A307G,WHITE,COM",4.0,4.413954e-05,99.99938,False
"LED TV,UN55TU8000K,55,COLOMBIA,UWK00/U55",4.0,4.413954e-05,99.99943,False
"MOBILE,SM-G996B,SILVER,COM",4.0,4.413954e-05,99.99947,False
"LFD,BE43T-H,43,COLOMBIA,FN01/H43TB0-Y31",4.0,4.413954e-05,99.99952,False
"MOBILE,SM-F766B,BLACK,COO",3.0,3.3104654e-05,99.99955,False
"MOBILE,SM-F741B,LIGHT BLUE,LTC",3.0,3.3104654e-05,99.99958,False
"MOBILE,SM-A205G,BLACK,COM",3.0,3.3104654e-05,99.99961,False
"QLED TV,QN65Q7FNAK,65,COLOMBIA,QWA80/Q65",3.0,3.3104654e-05,99.99964,False
"DVM,12.8,KW,SETIN,HP,R410A",3.0,3.3104654e-05,99.99967,False
"VCS,SEM,120V/60HZ,770,MULTI CYCLONE",3.0,3.3104654e-05,99.9997,False
"MOBILE,SM-A525M,LIGHT VIOLET,COM",3.0,3.3104654e-05,99.99973,False
"AV RECEIVER,HW-R450,COLOMBIA",3.0,3.3104654e-05,99.99976,False
"QLED TV,QN55Q70TAK,55,COLOMBIA,QWH00/Q55",3.0,3.3104654e-05,99.999794,False
"QLED TV,QN55Q90TDK,55,COLOMBIA,QWH00/Q55",3.0,3.3104654e-05,99.999825,False
"MOBILE,SM-A205G,RED,COM",3.0,3.3104654e-05,99.999855,False
"MOBILE,SM-A205G/DS,RED,COO",3.0,3.3104654e-05,99.999886,False
"MOBILE,SM-N985F/DS,BLACK,COO",3.0,3.3104654e-05,99.999916,False
"QLED TV,QN55Q60RAK,55,COLOMBIA,QWD91/Q55",3.0,3.3104654e-05,99.99995,False
"MOBILE,SM-N985F,BLACK,COM",3.0,3.3104654e-05,99.99998,False
"MON,C24F390FHL,24,COLOMBIA,LW60/S24FL1-L",3.0,3.3104654e-05,100.00001,False
"LED TV,UN40K6500AK,40,COLOMBIA,UWK60/U4",3.0,3.3104654e-05,100.00004,False
"LED TV,UN43J5200DK,43,COLOMBIA,UWE70/U43",3.0,3.3104654e-05,100.00007,False
"LED TV,UN43RU7100K,43,COLOMBIA,UWE90/U43",3.0,3.3104654e-05,100.0001,False
"MOBILE,SM-A015M/DS,RED,COO",3.0,3.3104654e-05,100.00013,False
"MOBILE,SM-A015M,BLUE,COM",3.0,3.3104654e-05,100.00016,False
"MOBILE,SM-A750G/DS,GOLD,COO",3.0,3.3104654e-05,100.00019,False
"AV RECEIVER,HW-M360,COLOMBIA",3.0,3.3104654e-05,100.00022,False
"QLED TV,QN65QN90AAK,65,COLOMBIA,QWR10/Q6",3.0,3.3104654e-05,100.00025,False
"MOBILE,SM-G973F/DS,BLACK,COO",3.0,3.3104654e-05,100.00028,False
"DVD HTS,HT-E330K,COLOMBIA",3.0,3.3104654e-05,100.00031,False
"DVM,5.8,KW,SETIN,HP,R410A",3.0,3.3104654e-05,100.00034,False
"MOBILE,SM-M115M/DS,BLACK,COO",3.0,3.3104654e-05,100.000374,False
"QLED TV,QN82Q60TAK,82,COLOMBIA,QWK00/Q82",3.0,3.3104654e-05,100.000404,False
"MOBILE,SM-A217M/DS,RED,COO",3.0,3.3104654e-05,100.000435,False
"MOBILE,SM-A725M/DS,LIGHT VIOLET,LTC",3.0,3.3104654e-05,100.000465,False
"MOBILE,SM-A725M,BLACK,COM",3.0,3.3104654e-05,100.000496,False
"MOBILE,SM-G950F,BLACK,COM",3.0,3.3104654e-05,100.00053,False
"LED TV,UN50NU7100K,50,COLOMBIA,UWX80/U50",3.0,3.3104654e-05,100.00056,False
"LFD,VM55T-U,55,UNITED STATES,FY01/H55TN0",3.0,3.3104654e-05,100.00059,False
"BLU-RAY DISC PLAYER,BD-J5700,MEXICO",3.0,3.3104654e-05,100.00062,False
"LFD,QM55R-T,55,UNITED STATES,FT01/H55TT0",3.0,3.3104654e-05,100.00065,False
"AV RECEIVER,HW-N400,COLOMBIA",3.0,3.3104654e-05,100.00068,False
"LED TV,UN55TU6900K,55,COLOMBIA,UWL05/U55",3.0,3.3104654e-05,100.00071,False
"MOBILE,SM-G996B,VIOLET,COM",3.0,3.3104654e-05,100.00074,False
"LED TV,UN65TU8500K,65,COLOMBIA,UWK00/U65",3.0,3.3104654e-05,100.00077,False
"RFD,682.0,110-127V 60HZ",3.0,3.3104654e-05,100.0008,False
"LFD,QB24R-TB,23.8,UNITED STATES,FC00/H24",3.0,3.3104654e-05,100.00083,False
"MOBILE,SM-A528B,LIGHT VIOLET,COM",3.0,3.3104654e-05,100.00086,False
"MOBILE,SM-A505G,BLACK,COM",3.0,3.3104654e-05,100.00089,False
"RAC,3.2,KW,SETIN,CO,R410A",3.0,3.3104654e-05,100.00092,False
"MOBILE,SM-G998B,SILVER,COM",3.0,3.3104654e-05,100.00095,False
"MOBILE,SM-A305G/DS,BLACK,COB",3.0,3.3104654e-05,100.000984,False
"MOBILE,SM-A305G/DS,BLUE,COO",3.0,3.3104654e-05,100.001015,False
"WAC,3.5,KW,CO",3.0,3.3104654e-05,100.001045,False
"VCS,SEM,120V/60HZ,410,MULTI CYCLONE",2.0,2.206977e-05,100.00107,False
"AV RECEIVER,HW-B400F,COLOMBIA",2.0,2.206977e-05,100.00109,False
"TABLET,SM-T505,SILVER,COO",2.0,2.206977e-05,100.001114,False
"MOBILE,SM-A526B,BLACK,COM",2.0,2.206977e-05,100.00114,False
"AV RECEIVER,HW-F355,MEXICO",2.0,2.206977e-05,100.00116,False
"TABLET,SM-T500,SILVER,COO",2.0,2.206977e-05,100.00118,False
"TABLET,SM-T970,BLACK,COO",2.0,2.206977e-05,100.001205,False
"MON,S27FG900XN,27,UNITED STATES,LX50/S27",2.0,2.206977e-05,100.00123,False
"MOBILE,SM-J810M/DS,BLACK,COO",2.0,2.206977e-05,100.00125,False
"LED TV,UN55J6300AK,55,COLOMBIA,UWK50/U5",2.0,2.206977e-05,100.001274,False
"OLED SCREEN,QN77S90FAK,77,COLOMBIA,DWE51",2.0,2.206977e-05,100.0013,False
"LED TV,UN70RU7100K,70,COLOMBIA,UWE90/U70",2.0,2.206977e-05,100.00132,False
"LFD,BE32T-B,32,PANAMA,FR01/H32TB0-Y35",2.0,2.206977e-05,100.00134,False
"RFD,564.0,110-120V 60HZ",2.0,2.206977e-05,100.001366,False
"MOBILE,SM-G975F/DS,BLACK,COO",2.0,2.206977e-05,100.00139,False
"MOBILE,SM-G991B,GRAY,COM",2.0,2.206977e-05,100.00141,False
"RAC,3.37,KW,SET,CO,R410A",2.0,2.206977e-05,100.001434,False
"RAC,6.4,KW,SETIN,CO,R410A",2.0,2.206977e-05,100.00146,False
"LED TV,UN65NU7500K,65,COLOMBIA,UWX80/U65",2.0,2.206977e-05,100.00148,False
"MOBILE,SM-A115M,WHITE,COO",2.0,2.206977e-05,100.0015,False
"LED MON,S24F350FHL,24,COLOMBIA,LR60/S24",2.0,2.206977e-05,100.001526,False
"MOBILE,SM-F741B,LIGHT GREEN,LTC",2.0,2.206977e-05,100.00155,False
"SIGNAGE_STANDALONE,QH65C,65,UNITED STATE",2.0,2.206977e-05,100.00157,False
"AV RECEIVER,HW-R550,COLOMBIA",2.0,2.206977e-05,100.001595,False
"MOBILE,SM-A217M,WHITE,COO",2.0,2.206977e-05,100.00162,False
"MOBILE,SM-A217M/DS,BLACK,COO",2.0,2.206977e-05,100.00164,False
"MOBILE,SM-A115M,BLACK,COO",2.0,2.206977e-05,100.00166,False
"MOBILE,SM-A920F/DS,BLACK,COO",2.0,2.206977e-05,100.001686,False
"MOBILE,SM-A705MN,BLACK,COM",2.0,2.206977e-05,100.00171,False
"MOBILE,SM-F761B,WHITE,COO",2.0,2.206977e-05,100.00173,False
"MOBILE,SM-F956B/DS,LIGHT PINK,LTC",2.0,2.206977e-05,100.001755,False
"MOBILE,SM-A105M/DS,BLUE,COO",2.0,2.206977e-05,100.00178,False
"LED TV,UN32EH6030M,32,COLOMBIA,U72D/32E",2.0,2.206977e-05,100.0018,False
"INTERACTIVE E-BOARD,WM75A,75,UNITED STAT",2.0,2.206977e-05,100.00182,False
"MOBILE,SM-A520F,BLACK,COO",2.0,2.206977e-05,100.00185,False
"FCD,SELAPA,PA,18",2.0,2.206977e-05,100.00187,False
"MOBILE,SM-A305G,BLACK,COB",2.0,2.206977e-05,100.00189,False
"MOBILE,SM-A315G/DSL,BLUE,COO",2.0,2.206977e-05,100.001915,False
"DVM,3.52,KW,SETIN,HP,R410A",2.0,2.206977e-05,100.00194,False
"DVM,2.78,KW,SETIN,HP,R410A",2.0,2.206977e-05,100.00196,False
"QLED TV,QN65LS03TAK,65,COLOMBIA,QWD90/Q6",2.0,2.206977e-05,100.00198,False
"MOBILE,SM-A515F/DS,WHITE,COO",2.0,2.206977e-05,100.00201,False
"MOBILE,SM-A320Y/DS,BLACK,COO",2.0,2.206977e-05,100.00203,False
"FCD,SELACOL,CO,7.5",2.0,2.206977e-05,100.00205,False
"QLED TV,QN70Q60AAK,70,COLOMBIA,QWK10/Q70",2.0,2.206977e-05,100.002075,False
"MOBILE,SM-A305G/DS,BLUE,COB",2.0,2.206977e-05,100.0021,False
"FWM,SELACOL,CO,15",2.0,2.206977e-05,100.00212,False
"QLED TV,QN55Q6FNAK,55,COLOMBIA,QWY80/Q55",2.0,2.206977e-05,100.002144,False
"MOBILE,SM-A217M,BLACK,COB",2.0,2.206977e-05,100.00217,False
"MOBILE,SM-A715F/DS,BLACK,COO",2.0,2.206977e-05,100.00219,False
"MOBILE,SM-A125M/DS,RED,LTC",2.0,2.206977e-05,100.00221,False
"QLED TV,QN75QN900AK,75,COLOMBIA,QWT10/Q7",2.0,2.206977e-05,100.002235,False
"LED TV,UN40J6500AK,40,COLOMBIA,UWK50/U4",2.0,2.206977e-05,100.00226,False
"LED TV,UN40H5303AK,40,COLOMBIA,U8MB/40E",2.0,2.206977e-05,100.00228,False
MINI COMPO_DVD,2.0,2.206977e-05,100.002304,False
"MOBILE,SM-G780F/DS,GREEN,LTC",2.0,2.206977e-05,100.00233,False
"QLED TV,QN75Q900TSK,75,COLOMBIA,QWJ01/Q7",2.0,2.206977e-05,100.00235,False
"QLED TV,QN75Q900RBK,75,COLOMBIA,QWD92/Q7",2.0,2.206977e-05,100.00237,False
"QLED TV,QN85Q70TAK,85,COLOMBIA,QWH00/Q85",2.0,2.206977e-05,100.002396,False
"LED TV,UN43MU6103K,43,COLOMBIA,UWU70/U43",2.0,2.206977e-05,100.00242,False
"LED TV,UN49J5200AK,49,COLOMBIA,UWE70/U49",2.0,2.206977e-05,100.00244,False
"LED TV,UN49K6500AK,49,COLOMBIA,UWK60/U4",2.0,2.206977e-05,100.002464,False
"RSS,663.0,115V 60HZ",2.0,2.206977e-05,100.00249,False
"MOBILE,SM-M315F/DS,RED,COO",2.0,2.206977e-05,100.00251,False
"MOBILE,SM-M315F/DS,BLACK,COO",2.0,2.206977e-05,100.00253,False
"LED TV,UN26EH4000M,26,COLOMBIA,U72A/26E",2.0,2.206977e-05,100.002556,False
"MOBILE,SM-G780F/DS,BLUE,LTC",2.0,2.206977e-05,100.00258,False
"LED TV,UN50KU6000K,50,COLOMBIA,UWP60/U5",2.0,2.206977e-05,100.0026,False
"MOBILE,SM-J260M/DS,GOLD,COO",1.0,1.1034885e-05,100.00261,False
"MOBILE,SM-J260M/DS,GOLD,COB",1.0,1.1034885e-05,100.00262,False
"LED TV,UN85TU8000K,85,COLOMBIA,UWK00/U85",1.0,1.1034885e-05,100.002625,False
"LFD,QB65R,65,UNITED STATES,FT90/H65RB0-Y",1.0,1.1034885e-05,100.00263,False
"LFD,OH55F,55,UNITED STATES,FD71/H55FZ0-Y",1.0,1.1034885e-05,100.00264,False
"MOBILE,SM-J260MU/DS,BLACK,COO",1.0,1.1034885e-05,100.00265,False
"LFD,OM75A,75,UNITED STATES,FN10/H75AN0-Y",1.0,1.1034885e-05,100.002655,False
"TABLET,SM-T505,GOLD,COO",1.0,1.1034885e-05,100.00266,False
"MOBILE,SM-A505G,BLUE,COM",1.0,1.1034885e-05,100.00267,False
"MOBILE,SM-A505G,WHITE,COM",1.0,1.1034885e-05,100.00268,False
"LFD,QB55R-B,55,UNITED STATES,FT90/H55RB0",1.0,1.1034885e-05,100.002686,False
"MOBILE,SM-J320M,BLACK,COM",1.0,1.1034885e-05,100.00269,False
"LED TV,UN75TU8200K,75,COLOMBIA,UWK00/U75",1.0,1.1034885e-05,100.0027,False
"LFD,OM46B,46,UNITED STATES,FP12/H46BC1-Y",1.0,1.1034885e-05,100.00271,False
"LFD,QM65R,65,UNITED STATES,FS90/H65RM0-Y",1.0,1.1034885e-05,100.002716,False
"OWM,SELCOL,CO",1.0,1.1034885e-05,100.00272,False
"MOBILE,SM-G9650/DS,BLACK,COO",1.0,1.1034885e-05,100.00273,False
"TABLET,SM-T733,LIGHT GREEN ,COO",1.0,1.1034885e-05,100.00274,False
"BLU-RAY DISC PLAYER,BD-F5500,MEXICO",1.0,1.1034885e-05,100.00275,False
"PMA,5.2,KW,R22",1.0,1.1034885e-05,100.002754,False
"LED TV,UN55RU7300K,55,COLOMBIA,UWE90/U55",1.0,1.1034885e-05,100.00276,False
"MOBILE,SM-J810M/DS,ORCHID GRAY,COB",1.0,1.1034885e-05,100.00277,False
"RSS,0.0,120V 60HZ",1.0,1.1034885e-05,100.00278,False
"LED TV,UN55J5300AK,55,COLOMBIA,UAE50/U5",1.0,1.1034885e-05,100.002785,False
"LED TV,UN55RU7400K,55,COLOMBIA,UWE90/U55",1.0,1.1034885e-05,100.00279,False
"LED TV,UN55H7100AK,55,COLOMBIA,U8DC/U55",1.0,1.1034885e-05,100.0028,False
"LED TV,UN55MU6100K,55,COLOMBIA,UWU70/U55",1.0,1.1034885e-05,100.00281,False
"MOBILE,SM-G980F/DS,GRAY,COB",1.0,1.1034885e-05,100.002815,False
"LED TV,UN55NU7500K,55,COLOMBIA,UWX80/U55",1.0,1.1034885e-05,100.00282,False
"LED TV,UN55NU7100K,55,COLOMBIA,UWX80/U55",1.0,1.1034885e-05,100.00283,False
"MOBILE,SM-G988B/DS,BLACK,COO",1.0,1.1034885e-05,100.00284,False
"LFD,QM32R,32,UNITED STATES,FK90/H32RM0-Y",1.0,1.1034885e-05,100.002846,False
"MOBILE,SM-G980F/DS,LIGHT BLUE,COO",1.0,1.1034885e-05,100.00285,False
"MOBILE,SM-G980F/DS,GRAY,COO",1.0,1.1034885e-05,100.00286,False
"BLU-RAY DISC PLAYER,BD-H4500,MEXICO",1.0,1.1034885e-05,100.00287,False
"LFD,WM85R,85,UNITED STATES,FY00/H85TW0-Y",1.0,1.1034885e-05,100.00288,False
"LED TV,UN58MU6120K,58,COLOMBIA,UWU70/U58",1.0,1.1034885e-05,100.002884,False
"LED TV,UN58NU7100K,58,COLOMBIA,UWX80/U58",1.0,1.1034885e-05,100.00289,False
"MOBILE,SM-G975F/DS,BLACK,COB",1.0,1.1034885e-05,100.0029,False
"MOBILE,SM-G988B/DS,BLACK,COB",1.0,1.1034885e-05,100.00291,False
"MOBILE,SM-G985F/DS,BLACK,COO",1.0,1.1034885e-05,100.002914,False
"LED TV,UN82MU7000K,82,COLOMBIA,UWU71/U82",1.0,1.1034885e-05,100.00292,False
"MON,S43FM700UN,43,UNITED STATES,LE52/S43",1.0,1.1034885e-05,100.00293,False
"MOBILE,SM-G980F,PINK,COM",1.0,1.1034885e-05,100.00294,False
"MOBILE,SM-G980F,LIGHT BLUE,COM",1.0,1.1034885e-05,100.002945,False
"MOBILE,SM-G975F/DS,BLUE,COO",1.0,1.1034885e-05,100.00295,False
"RAC,7.0,KW,SETIN,CO,R410A",1.0,1.1034885e-05,100.00296,False
"RAC,9900,-,SET,CO,R410A",1.0,1.1034885e-05,100.00297,False
"RAC,5.8,KW,SET,CO,R410A",1.0,1.1034885e-05,100.002975,False
"RAC,6.01,KW,SET,CO,R410A",1.0,1.1034885e-05,100.00298,False
"REF;350LT,110~127V/60HZ,EZ CLEAN STEEL(S",1.0,1.1034885e-05,100.00299,False
"RFD,31 CU.FT,110-120/60",1.0,1.1034885e-05,100.003,False
"LFD,DC40E,40,UNITED STATES,FB51/H40ED3-",1.0,1.1034885e-05,100.003006,False
"RAC,5.3,KW,SETIN,CO,R410A",1.0,1.1034885e-05,100.00301,False
"MOBILE,SM-G998B/DS,BLACK,LTC",1.0,1.1034885e-05,100.00302,False
"LFD,QM98T,98,UNITED STATES,FA00/H98TQ1-Y",1.0,1.1034885e-05,100.00303,False
"MOBILE,SM-G998B,BLACK,COM",1.0,1.1034885e-05,100.00304,False
"MOBILE,SM-J260MU/DS,GOLD,COO",1.0,1.1034885e-05,100.003044,False
"RAC,5.0,KW,SET,CO,R410A",1.0,1.1034885e-05,100.00305,False
"MOBILE,SM-G991B/DS,PINK,LTC",1.0,1.1034885e-05,100.00306,False
"MOBILE,SM-J106B/DS,WHITE,COO",1.0,1.1034885e-05,100.00307,False
"MOBILE,SM-G998B/DS,SILVER,LTC",1.0,1.1034885e-05,100.003075,False
"MOBILE,SM-J415G/DS,BLACK,COO",1.0,1.1034885e-05,100.00308,False
"MOBILE,SM-A013M/DS,RED,COO",1.0,1.1034885e-05,100.00309,False
"MOBILE,SM-N970F/DS,PINK,COO",1.0,1.1034885e-05,100.0031,False
"MOBILE,SM-N980F/DS,BROWN,COB",1.0,1.1034885e-05,100.003105,False
"MOBILE,SM-G780F/DS,LIGHT VIOLET,LTC",1.0,1.1034885e-05,100.00311,False
"RAC,2.5,KW,SETIN,CO,R410A",1.0,1.1034885e-05,100.00312,False
"RTF,312,120V-60HZ",1.0,1.1034885e-05,100.00313,False
"LED TV,UN49KU6300K,49,COLOMBIA,UWP60/U4",1.0,1.1034885e-05,100.003136,False
"MOBILE,SM-G930F,BLACK,COO",1.0,1.1034885e-05,100.00314,False
"MINI COMPONENT,MX-D850,COLOMBIA",1.0,1.1034885e-05,100.00315,False
"MINI COMPONENT,MX-H830,MEXICO",1.0,1.1034885e-05,100.00316,False
"MINI COMPONENT,MX-JS5500,MEXICO",1.0,1.1034885e-05,100.00317,False
"RSS,651.0,120V 60HZ",1.0,1.1034885e-05,100.003174,False
"LED TV,UN50F5000AK,50,COLOMBIA,U88A/U50",1.0,1.1034885e-05,100.00318,False
"MOBILE,SM-M526B/DS,BLACK,COO",1.0,1.1034885e-05,100.00319,False
"LED TV,UN50NU7090K,50,COLOMBIA,UEZ82/U50",1.0,1.1034885e-05,100.0032,False
"MOBILE,SM-A105M/DS,RED,COO",1.0,1.1034885e-05,100.003204,False
"MOBILE,SM-G313MU,CERAMIC WHITE,COO",1.0,1.1034885e-05,100.00321,False
"MOBILE,SM-F761B,BLACK,COO",1.0,1.1034885e-05,100.00322,False
"MOBILE,SM-F916B,BLACK,WWD",1.0,1.1034885e-05,100.00323,False
"MOBILE,SM-N985F/DS,BROWN,COO",1.0,1.1034885e-05,100.003235,False
"MOBILE,SM-N980F/DS,GRAY,COB",1.0,1.1034885e-05,100.00324,False
"LED TV(H),HG55AU800NF,55,UNITED STATES,H",1.0,1.1034885e-05,100.00325,False
"LED TV,UN19D4003B,19,COLOMBIA,U58H/19DB",1.0,1.1034885e-05,100.00326,False
"LED TV,UN40F5500AK,40,COLOMBIA,U85A/U40",1.0,1.1034885e-05,100.003265,False
"LED TV,UN32D5500RM,32,COLOMBIA,U65A/32D",1.0,1.1034885e-05,100.00327,False
"LED TV,UN32H4303AK,32,COLOMBIA,U8MB/32E",1.0,1.1034885e-05,100.00328,False
"LED TV,UN32FH4005K,32,COLOMBIA,U88C/32E",1.0,1.1034885e-05,100.00329,False
"MOBILE,SM-G531M,WHITE,COO",1.0,1.1034885e-05,100.003296,False
"MOBILE,SM-A105M,BLACK,COM",1.0,1.1034885e-05,100.0033,False
"MOBILE,SM-F966B/DS,SILVER,COO",1.0,1.1034885e-05,100.00331,False
"MOBILE,SM-F966B/DS,BLACK,COO",1.0,1.1034885e-05,100.00332,False
"LED TV,UN40J5500AK,40,COLOMBIA,UWK50/U4",1.0,1.1034885e-05,100.00333,False
"LED TV,UN46H5303AK,46,COLOMBIA,U8MB/46E",1.0,1.1034885e-05,100.003334,False
"LED TV,UN40J5300AK,40,COLOMBIA,UAE50/U4",1.0,1.1034885e-05,100.00334,False
"MOBILE,SM-A105M,BLUE,COM",1.0,1.1034885e-05,100.00335,False
"QLED TV,QN75Q80TAK,75,COLOMBIA,QWH00/Q75",1.0,1.1034885e-05,100.00336,False
"MOBILE,SM-A105M,RED,COM",1.0,1.1034885e-05,100.003365,False
"LED TV,UN40H4200AK,40,COLOMBIA,U8KB/U40",1.0,1.1034885e-05,100.00337,False
"QLED TV,QN85Q70AAK,85,COLOMBIA,QWR10/Q85",1.0,1.1034885e-05,100.00338,False
"MOBILE,SM-G903M,BLACK,COO",1.0,1.1034885e-05,100.00339,False
"MOBILE,SM-G780G,LIGHT VIOLET,COM",1.0,1.1034885e-05,100.003395,False
"MOBILE,SM-A013M/DS,BLACK,COB",1.0,1.1034885e-05,100.0034,False
"MOBILE,SM-G925I,BLACK,COO",1.0,1.1034885e-05,100.00341,False
"QLED TV,QN55Q70RAK,55,COLOMBIA,QWD91/Q55",1.0,1.1034885e-05,100.00342,False
"AV RECEIVER,TW-J5500,MEXICO",1.0,1.1034885e-05,100.003426,False
"SIGNAGE_STANDALONE,QH55C,55,UNITED STATE",1.0,1.1034885e-05,100.00343,False
"SIGNAGE_STANDALONE,QH75C,75,UNITED STATE",1.0,1.1034885e-05,100.00344,False
"MOBILE,SM-A605GN/DS,GOLD,COO",1.0,1.1034885e-05,100.00345,False
"MOBILE,SM-A705MN/DS,WHITE,COO",1.0,1.1034885e-05,100.003456,False
"MOBILE,SM-A710M/DS,PINK GOLD,COO",1.0,1.1034885e-05,100.00346,False
"INTERACTIVE E-BOARD,WA65F,65,UNITED STAT",1.0,1.1034885e-05,100.00347,False
"LCD MON,C49J890DKL,49,COLOMBIA,LP80/S49J",1.0,1.1034885e-05,100.00348,False
"MOBILE,SM-A217M,BLUE,COL",1.0,1.1034885e-05,100.00349,False
"QLED TV,QN55Q900RBK,55,COLOMBIA,QWD92/Q5",1.0,1.1034885e-05,100.003494,False
"MOBILE,SM-A805F/DS,GOLD,COO",1.0,1.1034885e-05,100.0035,False
"MOBILE,SM-A205G/DS,BLUE,COO",1.0,1.1034885e-05,100.00351,False
"MOBILE,SM-A205G/DS,BLACK,COO",1.0,1.1034885e-05,100.00352,False
"QLED TV,QN75LS03AAK,75,COLOMBIA,QWR10/Q7",1.0,1.1034885e-05,100.003525,False
"MOBILE,SM-A115M,BLUE,COO",1.0,1.1034885e-05,100.00353,False
"MOBILE,SM-A217M,WHITE,COL",1.0,1.1034885e-05,100.00354,False
"DVD PLAYER,",1.0,1.1034885e-05,100.00355,False
"CAC,5.30,KW,SETIN,HP,R32",1.0,1.1034885e-05,100.003555,False
"MOBILE,SM-A725M,LIGHT VIOLET,COM",1.0,1.1034885e-05,100.00356,False
"MOBILE,SM-A320Y/DS,GOLD,COO",1.0,1.1034885e-05,100.00357,False
"QLED TV,QN55QN90AAK,55,COLOMBIA,QWR10/Q5",1.0,1.1034885e-05,100.00358,False
"FCD,SAMCOL,CO,20",1.0,1.1034885e-05,100.003586,False
"MOBILE,SM-A715F/DS,SILVER,COO",1.0,1.1034885e-05,100.00359,False
"MOBILE,SM-A225M,LIGHT GREEN ,COM",1.0,1.1034885e-05,100.0036,False
"AV RECEIVER,HW-Q60R,COLOMBIA",1.0,1.1034885e-05,100.00361,False
"MOBILE,SM-A305G,WHITE,COM",1.0,1.1034885e-05,100.00362,False
"MOBILE,SM-A305G,BLUE,COM",1.0,1.1034885e-05,100.003624,False
"MOBILE,SM-A307G/DS,WHITE,COB",1.0,1.1034885e-05,100.00363,False
"MOBILE,SM-A307G/DS,WHITE,COO",1.0,1.1034885e-05,100.00364,False
"DVM,16.00,KW,SETIN,HP,R410A",1.0,1.1034885e-05,100.00365,False
"MOBILE,SM-A307G/DS,VIOLET,COO",1.0,1.1034885e-05,100.003654,False
"TABLET,SM-T290,BLACK,COO",1.0,1.1034885e-05,100.00366,False
"ACR,40,M2,SET",1.0,1.1034885e-05,100.00367,False
1 DISC DVD HOME THEATER SYSTEM,1.0,1.1034885e-05,100.00368,False
"WAC,5.3,KW,CO,R22",1.0,1.1034885e-05,100.003685,False
"360MM, DIVX PLAYBACK",0.0,0.0,100.003685,False
"AV RECEIVER,HW-B450F,COLOMBIA",0.0,0.0,100.003685,False
"AV RECEIVER,HW-J355,MEXICO",0.0,0.0,100.003685,False
"AV RECEIVER,HW-J450,MEXICO",0.0,0.0,100.003685,False
"VCC,SELACOL,120V/60HZ,1300,CYCLONE",0.0,0.0,100.003685,False
"VCS,SELACOL,120V/60HZ,170,CYCLONE",0.0,0.0,100.003685,False
"AV RECEIVER,HW-Q950A,COLOMBIA",0.0,0.0,100.003685,False
"BD HTS,HT-J5530K,COLOMBIA",0.0,0.0,100.003685,False
"BD HTS,HT-J5500K,COLOMBIA",0.0,0.0,100.003685,False
"BD HTS,HT-H5500K,COLOMBIA",0.0,0.0,100.003685,False
"BD HTS,HT-H4500R,COLOMBIA",0.0,0.0,100.003685,False
"BD HTS,HT-F5500K,COLOMBIA",0.0,0.0,100.003685,False
"BD HTS,HT-F4500,COLOMBIA",0.0,0.0,100.003685,False
"AV RECEIVER,WAM7500,MEXICO",0.0,0.0,100.003685,False
"AV RECEIVER,WAM6500,MEXICO",0.0,0.0,100.003685,False
"AV RECEIVER,WAM3500,MEXICO",0.0,0.0,100.003685,False
"AV RECEIVER,WAM1500,MEXICO",0.0,0.0,100.003685,False
"TABLET,SM-W620,BLACK,COO",0.0,0.0,100.003685,False
"BLU-RAY DISC PLAYER,BD-J5900,MEXICO",0.0,0.0,100.003685,False
"BLU-RAY DISC PLAYER,BD-H6500,MEXICO",0.0,0.0,100.003685,False
"BLU-RAY DISC PLAYER,BD-H5900,MEXICO",0.0,0.0,100.003685,False
"BLU-RAY DISC PLAYER,BD-H5500,MEXICO",0.0,0.0,100.003685,False
"MOBILE,SM-N9600,BLUE,COO",0.0,0.0,100.003685,False
"MOBILE,SM-N9600,BLUE,COB",0.0,0.0,100.003685,False
"MOBILE,SM-N9600,BLACK,COO",0.0,0.0,100.003685,False
"MOBILE,SM-N950F/DS,BLACK,COO",0.0,0.0,100.003685,False
"MOBILE,SM-N950F,BLACK,COM",0.0,0.0,100.003685,False
"MOBILE,SM-N920G,BLACK,COM",0.0,0.0,100.003685,False
"MOBILE,SM-N910C,WHITE,COM",0.0,0.0,100.003685,False
"MOBILE,SM-N770F/DS,SILVER,COO",0.0,0.0,100.003685,False
"MOBILE,SM-N770F/DS,RED,COO",0.0,0.0,100.003685,False
"MOBILE,SM-N770F/DS,BLACK,COO",0.0,0.0,100.003685,False
"MOBILE,SM-N770F/DS,BLACK,COB",0.0,0.0,100.003685,False
"MOBILE,SM-N770F,SILVER,COM",0.0,0.0,100.003685,False
"MOBILE,SM-N770F,BLACK,COM",0.0,0.0,100.003685,False
"MOBILE,SM-N980F/DS,BROWN,COO",0.0,0.0,100.003685,False
"MOBILE,SM-N980F,BROWN,COM",0.0,0.0,100.003685,False
"MOBILE,SM-N975F/DS,WHITE,COO",0.0,0.0,100.003685,False
"MOBILE,SM-J610G/DS,BLACK,COO",0.0,0.0,100.003685,False
"MOBILE,SM-J610G,RED,COM",0.0,0.0,100.003685,False
"MOBILE,SM-J610G,GRAY,COM",0.0,0.0,100.003685,False
"MOBILE,SM-J610G,BLACK,COM",0.0,0.0,100.003685,False
"MOBILE,SM-J600G,ORCHID GRAY,COO",0.0,0.0,100.003685,False
"MOBILE,SM-J600G,GOLD,COO",0.0,0.0,100.003685,False
"MOBILE,SM-J600G,BLACK,COB",0.0,0.0,100.003685,False
"MOBILE,SM-J530G,GOLD,COM",0.0,0.0,100.003685,False
"MOBILE,SM-M127F/DS,LIGHT BLUE,COO",0.0,0.0,100.003685,False
"MOBILE,SM-M115M/DS,METALLIC BLUE,COO",0.0,0.0,100.003685,False
"MOBILE,SM-J810M/DS,GOLD,COO",0.0,0.0,100.003685,False
"MOBILE,SM-J730G,BLACK,COM",0.0,0.0,100.003685,False
"MOBILE,SM-M526B/DS,WHITE,COO",0.0,0.0,100.003685,False
"MOBILE,SM-M526B/DS,LIGHT BLUE,COO",0.0,0.0,100.003685,False
"MOBILE,SM-M315F/DS,BLUE,COO",0.0,0.0,100.003685,False
"MOBILE,SM-J400M/DS,GOLD,COO",0.0,0.0,100.003685,False
"MOBILE,SM-J400M/DS,GOLD,COB",0.0,0.0,100.003685,False
"MOBILE,SM-J400M/DS,BLACK,COB",0.0,0.0,100.003685,False
"MOBILE,SM-J400M,GOLD,COM",0.0,0.0,100.003685,False
"MOBILE,SM-J400M,BLACK,COM",0.0,0.0,100.003685,False
"MOBILE,SM-J320M/DS,WHITE,COO",0.0,0.0,100.003685,False
"MOBILE,SM-J320M/DS,BLACK,COO",0.0,0.0,100.003685,False
"MOBILE,SM-J260MU/DS,BLUE,COO",0.0,0.0,100.003685,False
"MOBILE,SM-J710MN/DS,WHITE,COO",0.0,0.0,100.003685,False
"MOBILE,SM-J710MN/DS,BLACK,COO",0.0,0.0,100.003685,False
"MOBILE,SM-J701M/DS,GOLD,COO",0.0,0.0,100.003685,False
"MOBILE,SM-J701M/DS,BLACK,COO",0.0,0.0,100.003685,False
"MOBILE,SM-J700M,BLACK,COO",0.0,0.0,100.003685,False
"MOBILE,SM-J700M,BLACK,COM",0.0,0.0,100.003685,False
"MOBILE,SM-J610G/DS,RED,COO",0.0,0.0,100.003685,False
"MOBILE,SM-J610G/DS,GRAY,COO",0.0,0.0,100.003685,False
"MOBILE,SM-J250M/DS,GOLD,COO",0.0,0.0,100.003685,False
"MOBILE,SM-J250M/DS,GOLD,COL",0.0,0.0,100.003685,False
"MOBILE,SM-J250M/DS,BLACK,COO",0.0,0.0,100.003685,False
"MOBILE,SM-J200M,WHITE,COO",0.0,0.0,100.003685,False
"MOBILE,SM-J200M,WHITE,COM",0.0,0.0,100.003685,False
"MOBILE,SM-J120M,WHITE,COM",0.0,0.0,100.003685,False
"MOBILE,SM-J120M,BLACK,COM",0.0,0.0,100.003685,False
"MWO(COMMON),1.0,1500WATTS,PURE-WHT,TC",0.0,0.0,100.003685,False
"MWO(COMMON),0.8,120V-60HZ,CRYSTAL-WHITE",0.0,0.0,100.003685,False
"MWO(COMMON),0.8,120V,EBONY BLACK,TC",0.0,0.0,100.003685,False
"MWO(COMMON),0.8,1200WATTS,EBONY BLACK,TC",0.0,0.0,100.003685,False
"MON,U32J590UQL,32,COLOMBIA,LJ80/S32JL0-L",0.0,0.0,100.003685,False
"MOBILE,SM-J530G,BLACK,COB",0.0,0.0,100.003685,False
"MOBILE,SM-J500M,BLACK,COM",0.0,0.0,100.003685,False
"MOBILE,SM-J410G,GOLD,COM",0.0,0.0,100.003685,False
"MOBILE,SM-J410G,BLACK,COM",0.0,0.0,100.003685,False
"MOBILE,SM-G991B,VIOLET,COM",0.0,0.0,100.003685,False
"MOBILE,SM-J111M,WHITE,COO",0.0,0.0,100.003685,False
"MOBILE,SM-J111M,WHITE,COB",0.0,0.0,100.003685,False
"MOBILE,SM-J111M,BLACK,COO",0.0,0.0,100.003685,False
"MOBILE,SM-J111M,BLACK,COB",0.0,0.0,100.003685,False
"MOBILE,SM-J110M,BLACK,COM",0.0,0.0,100.003685,False
"MOBILE,SM-J106B/DS,BLACK,COO",0.0,0.0,100.003685,False
"MOBILE,SM-J105B/DS,BLACK,COO",0.0,0.0,100.003685,False
"MOBILE,SM-G996B,VIOLET,WWD",0.0,0.0,100.003685,False
"MWO(COMMON),1.3,1550WATTS,GE-WHT,TC",0.0,0.0,100.003685,False
"MWO(COMMON),1.1,120V,NEO STSS SILVER(SP",0.0,0.0,100.003685,False
"MOBILE,SM-J260MU,GOLD,COM",0.0,0.0,100.003685,False
"MOBILE,SM-J260MU,BLACK,COM",0.0,0.0,100.003685,False
"MOBILE,SM-J260M/DS,BLUE,COO",0.0,0.0,100.003685,False
"MOBILE,SM-J260M/DS,BLACK,COB",0.0,0.0,100.003685,False
"MOBILE,SM-J250M/DS,SILVER,COO",0.0,0.0,100.003685,False
"MOBILE,SM-G975F,BLACK,COM",0.0,0.0,100.003685,False
"MOBILE,SM-G973F/DS,WHITE,COO",0.0,0.0,100.003685,False
"MOBILE,SM-G990B/DS,GRAY,LTC",0.0,0.0,100.003685,False
"MOBILE,SM-G988B/DS,GRAY,COO",0.0,0.0,100.003685,False
"MOBILE,SM-G988B/DS,BLACK,COL",0.0,0.0,100.003685,False
"MOBILE,SM-G985F/DS,LIGHT BLUE,COO",0.0,0.0,100.003685,False
"MOBILE,SM-G985F/DS,GRAY,COO",0.0,0.0,100.003685,False
"MOBILE,SM-G985F/DS,BLACK,COB",0.0,0.0,100.003685,False
"MOBILE,SM-G985F,LIGHT BLUE,COM",0.0,0.0,100.003685,False
"MOBILE,SM-G985F,BLACK,COM",0.0,0.0,100.003685,False
"OWM,SAMCOL,CO",0.0,0.0,100.003685,False
"OVEN(SPEED COMPACT),15,1550WATTS,STN,TB",0.0,0.0,100.003685,False
"OLED SCREEN,QN65S90FAK,65,COLOMBIA,DWE51",0.0,0.0,100.003685,False
"MOBILE,SM-G996B,SILVER,WWD",0.0,0.0,100.003685,False
"MOBILE,SM-G996B,BLACK,WWD",0.0,0.0,100.003685,False
"MOBILE,SM-G991B,WHITE,COM",0.0,0.0,100.003685,False
"MOBILE,SM-G970F/DS,BLACK,COO",0.0,0.0,100.003685,False
"MOBILE,SM-G970F,BLUE,COM",0.0,0.0,100.003685,False
"MOBILE,SM-G9650/DS,PURPLE,COO",0.0,0.0,100.003685,False
"MOBILE,SM-G9650/DS,GRAY,COO",0.0,0.0,100.003685,False
"MOBILE,SM-G9650/DS,GRAY,COB",0.0,0.0,100.003685,False
"MOBILE,SM-G9600/DS,GRAY,COO",0.0,0.0,100.003685,False
"MOBILE,SM-G9600/DS,GOLD,COO",0.0,0.0,100.003685,False
"OWM,SEM,MX,24",0.0,0.0,100.003685,False
"OWM,SELACOL,CO",0.0,0.0,100.003685,False
"MOBILE,SM-G980F,GRAY,COM",0.0,0.0,100.003685,False
"MOBILE,SM-G975F/DS,WHITE,COO",0.0,0.0,100.003685,False
"MOBILE,SM-G975F/DS,SILVER,COO",0.0,0.0,100.003685,False
"MOBILE,SM-G975F/DS,CERAMIC WHITE,COO",0.0,0.0,100.003685,False
"MOBILE,SM-G975F,WHITE,COM",0.0,0.0,100.003685,False
"MOBILE,SM-G975F,RED,COM",0.0,0.0,100.003685,False
"MOBILE,SM-G975F,BLUE,COM",0.0,0.0,100.003685,False
"MOBILE,SM-G950FD,SILVER,COO",0.0,0.0,100.003685,False
"MOBILE,SM-G950F,VIOLET,COB",0.0,0.0,100.003685,False
"MOBILE,SM-G950F,BLACK,COB",0.0,0.0,100.003685,False
"MOBILE,SM-G935F,SILVER,COB",0.0,0.0,100.003685,False
"MOBILE,SM-G935F,GOLD,COB",0.0,0.0,100.003685,False
"MOBILE,SM-G935F,BLACK,COO",0.0,0.0,100.003685,False
"MOBILE,SM-G930F,SILVER,COO",0.0,0.0,100.003685,False
"MOBILE,SM-G930F,GOLD,COO",0.0,0.0,100.003685,False
"MOBILE,SM-G930F,GOLD,COM",0.0,0.0,100.003685,False
"MOBILE,SM-G973F/DS,BLUE,COO",0.0,0.0,100.003685,False
"MOBILE,SM-G973F/DS,BLUE,COB",0.0,0.0,100.003685,False
"MOBILE,SM-G973F,WHITE,COM",0.0,0.0,100.003685,False
"MOBILE,SM-G973F,BLACK,COM",0.0,0.0,100.003685,False
"MOBILE,SM-G970F/DS,YELLOW,COB",0.0,0.0,100.003685,False
"MOBILE,SM-G970F/DS,WHITE,COO",0.0,0.0,100.003685,False
"MOBILE,SM-G970F/DS,BLUE,COO",0.0,0.0,100.003685,False
"MOBILE,SM-G780F/DS,WHITE,LTC",0.0,0.0,100.003685,False
"MOBILE,SM-G780F/DS,RED,LTC",0.0,0.0,100.003685,False
"MOBILE,SM-G780F/DS,ORANGE,LTC",0.0,0.0,100.003685,False
"MOBILE,SM-G770F/DS,WHITE,COO",0.0,0.0,100.003685,False
"MOBILE,SM-G770F/DS,BLUE,COL",0.0,0.0,100.003685,False
"MOBILE,SM-G610M,WHITE GOLD,COM",0.0,0.0,100.003685,False
"MOBILE,SM-G610M,BLACK,COM",0.0,0.0,100.003685,False
"MOBILE,SM-G570M,WHITE GOLD,COM",0.0,0.0,100.003685,False
"MOBILE,SM-G900M,WHITE,COM",0.0,0.0,100.003685,False
"MOBILE,SM-G850M,BLACK,COO",0.0,0.0,100.003685,False
"MOBILE,SM-G800M,WHITE,COO",0.0,0.0,100.003685,False
"MOBILE,SM-G9600/DS,BLACK,COO",0.0,0.0,100.003685,False
"MOBILE,SM-G9600,PURPLE,COM",0.0,0.0,100.003685,False
"MOBILE,SM-G9600,GOLD,COM",0.0,0.0,100.003685,False
"MOBILE,SM-G955FD,BLACK,COO",0.0,0.0,100.003685,False
"MOBILE,SM-G955F,BLACK,COB",0.0,0.0,100.003685,False
"MOBILE,SM-G313ML,CERAMIC WHITE,COO",0.0,0.0,100.003685,False
"MOBILE,SM-G313ML,BLACK,COO",0.0,0.0,100.003685,False
"MOBILE,SM-G570M,BLACK,COM",0.0,0.0,100.003685,False
"MOBILE,SM-G532M/DS,SILVER,COO",0.0,0.0,100.003685,False
"MOBILE,SM-G532M/DS,METALLIC GOLD,COO",0.0,0.0,100.003685,False
"MOBILE,SM-G532M/DS,BLACK,COO",0.0,0.0,100.003685,False
"MOBILE,SM-G532M,SILVER,COM",0.0,0.0,100.003685,False
"MOBILE,SM-G532M,BLACK,COM",0.0,0.0,100.003685,False
"MOBILE,SM-G532M,BLACK,COB",0.0,0.0,100.003685,False
"MOBILE,SM-G531M,GRAY,COM",0.0,0.0,100.003685,False
"MOBILE,SM-G530M,WHITE,COM",0.0,0.0,100.003685,False
"MOBILE,SM-G530M,GRAY,COM",0.0,0.0,100.003685,False
"MOBILE,SM-G360M,WHITE,COO",0.0,0.0,100.003685,False
"MOBILE,SM-G360M,CHARCOAL GRAY,COO",0.0,0.0,100.003685,False
"MOBILE,SM-G360M,CHARCOAL GRAY,COM",0.0,0.0,100.003685,False
"QLED TV,QN50Q60TAK,50,COLOMBIA,QWK00/Q50",0.0,0.0,100.003685,False
"MOBILE,SM-A920F,BLUE,COM",0.0,0.0,100.003685,False
"MOBILE,SM-A805F/DS,SILVER,COB",0.0,0.0,100.003685,False
"MOBILE,SM-A805F/DS,BLACK,COO",0.0,0.0,100.003685,False
"MOBILE,SM-A805F/DS,BLACK,COB",0.0,0.0,100.003685,False
"MOBILE,SM-A750G/DS,BLUE,COB",0.0,0.0,100.003685,False
"MOBILE,SM-A750G/DS,BLACK,COB",0.0,0.0,100.003685,False
"MOBILE,SM-A750G,GOLD,COM",0.0,0.0,100.003685,False
"QLED TV,QN55Q70AAK,55,COLOMBIA,QWR10/Q55",0.0,0.0,100.003685,False
"QLED TV,QN55LS03RAK,55,COLOMBIA,QWD90/Q5",0.0,0.0,100.003685,False
"MOBILE,SM-F700F/DS,PURPLE,COO",0.0,0.0,100.003685,False
"MOBILE,SM-E500M,BLACK,COM",0.0,0.0,100.003685,False
"MOBILE,SM-F946B,LIGHT BLUE,COM",0.0,0.0,100.003685,False
"MOBILE,SM-F916B,BLACK,COO",0.0,0.0,100.003685,False
"MOBILE,SM-G355M,BLACK,COM",0.0,0.0,100.003685,False
"MOBILE,SM-G3502L,WHITE,COO",0.0,0.0,100.003685,False
"MOBILE,SM-G318ML,CERAMIC WHITE,COO",0.0,0.0,100.003685,False
"MOBILE,SM-A705MN/DS,BLUE,COO",0.0,0.0,100.003685,False
"MOBILE,SM-A705MN/DS,BLUE,COB",0.0,0.0,100.003685,False
"MOBILE,SM-A705MN/DS,BLACK,COO",0.0,0.0,100.003685,False
"MOBILE,SM-A705MN/DS,BLACK,COB",0.0,0.0,100.003685,False
"MOBILE,SM-A750G,BLACK,COM",0.0,0.0,100.003685,False
"MOBILE,SM-A730F/DS,GOLD,COO",0.0,0.0,100.003685,False
"MOBILE,SM-A720F/DS,GOLD,COO",0.0,0.0,100.003685,False
"MOBILE,SM-A720F/DS,BLACK,COO",0.0,0.0,100.003685,False
"MOBILE,SM-A720F,GOLD,COM",0.0,0.0,100.003685,False
"MOBILE,SM-A720F,BLACK,COM",0.0,0.0,100.003685,False
"MOBILE,SM-A715F/DS,METALLIC SILVER,COO",0.0,0.0,100.003685,False
"MOBILE,SM-A715F/DS,BLUE,COL",0.0,0.0,100.003685,False
"QLED TV,QN55Q80TAK,55,COLOMBIA,QWH00/Q55",0.0,0.0,100.003685,False
"QLED TV,QN55Q7FAMK,55,COLOMBIA,QWU70/Q55",0.0,0.0,100.003685,False
"MOBILE,SM-A920F/DS,BLUE,COO",0.0,0.0,100.003685,False
"MOBILE,SM-A530F,GOLD,COM",0.0,0.0,100.003685,False
"MOBILE,SM-A530F,GOLD,COB",0.0,0.0,100.003685,False
"MOBILE,SM-A530F,BLACK,COM",0.0,0.0,100.003685,False
"MOBILE,SM-A530F,BLACK,COB",0.0,0.0,100.003685,False
"MOBILE,SM-A528B/DS,WHITE,LTC",0.0,0.0,100.003685,False
"MOBILE,SM-A556E/DS,BLACK,LEC",0.0,0.0,100.003685,False
"MOBILE,SM-A536E/DS,WHITE,LTC",0.0,0.0,100.003685,False
"MOBILE,SM-A605GN/DS,GOLD,COB",0.0,0.0,100.003685,False
"MOBILE,SM-A605GN/DS,BLACK,COO",0.0,0.0,100.003685,False
"MOBILE,SM-A605GN/DS,BLACK,COB",0.0,0.0,100.003685,False
"MOBILE,SM-A605GN,BLACK,COM",0.0,0.0,100.003685,False
"MOBILE,SM-A600GN/DS,GOLD,COO",0.0,0.0,100.003685,False
"MOBILE,SM-A715F/DS,BLUE,COB",0.0,0.0,100.003685,False
"MOBILE,SM-A715F/DS,BLACK,COL",0.0,0.0,100.003685,False
"MOBILE,SM-A715F/DS,BLACK,COB",0.0,0.0,100.003685,False
"MOBILE,SM-A710M,GOLD,COO",0.0,0.0,100.003685,False
"QLED TV,QN65Q8CNAK,65,COLOMBIA,QWA80/Q65",0.0,0.0,100.003685,False
"QLED TV,QN65Q8CAMK,65,COLOMBIA,QWU70/Q6",0.0,0.0,100.003685,False
"QLED TV,QN65Q80TAK,65,COLOMBIA,QWH00/Q65",0.0,0.0,100.003685,False
"MOBILE,SM-A526B,BLUE,COM",0.0,0.0,100.003685,False
"MOBILE,SM-A520F,GOLD,COO",0.0,0.0,100.003685,False
"MOBILE,SM-A520F,GOLD,COB",0.0,0.0,100.003685,False
"MOBILE,SM-A520F,BLACK,COM",0.0,0.0,100.003685,False
"MOBILE,SM-A515F/DS,METALLIC SILVER,COO",0.0,0.0,100.003685,False
"MOBILE,SM-A515F/DS,BLUE,COO",0.0,0.0,100.003685,False
"MOBILE,SM-A515F/DS,BLUE,COL",0.0,0.0,100.003685,False
"QLED TV,QN65Q7FAMK,65,COLOMBIA,QWU70/Q65",0.0,0.0,100.003685,False
"QLED TV,QN65Q70TAK,65,COLOMBIA,QWH00/Q65",0.0,0.0,100.003685,False
"QLED TV,QN65Q70RAK,65,COLOMBIA,QWD91/Q65",0.0,0.0,100.003685,False
"QLED TV,QN65Q60RAK,65,COLOMBIA,QWD91/Q65",0.0,0.0,100.003685,False
"MOBILE,SM-A530F/DS,GOLD,COO",0.0,0.0,100.003685,False
"MOBILE,SM-A530F/DS,BLACK,COO",0.0,0.0,100.003685,False
"MOBILE,SM-A315G/DSL,BLACK,COL",0.0,0.0,100.003685,False
"MOBILE,SM-A315G/DSL,BLACK,COB",0.0,0.0,100.003685,False
"MOBILE,SM-A326B,BLACK,COM",0.0,0.0,100.003685,False
"MOBILE,SM-A515F/DS,BLUE,COB",0.0,0.0,100.003685,False
"MOBILE,SM-A515F/DS,BLACK,COB",0.0,0.0,100.003685,False
"MOBILE,SM-A515F,PINK,COM",0.0,0.0,100.003685,False
"MOBILE,SM-A510M,GOLD,COO",0.0,0.0,100.003685,False
"MOBILE,SM-A510M,GOLD,COM",0.0,0.0,100.003685,False
"MOBILE,SM-A510M,BLACK,COO",0.0,0.0,100.003685,False
"MOBILE,SM-A510M,BLACK,COM",0.0,0.0,100.003685,False
"MOBILE,SM-A505G/DS,BLUE,COL",0.0,0.0,100.003685,False
"MOBILE,SM-A505G/DS,BLACK,COO",0.0,0.0,100.003685,False
"MOBILE,SM-A505G/DS,BLACK,COL",0.0,0.0,100.003685,False
"QLED TV,QN65Q900RBK,65,COLOMBIA,QWD92/Q6",0.0,0.0,100.003685,False
"MOBILE,SM-A207M/DS,BLACK,COB",0.0,0.0,100.003685,False
"MOBILE,SM-A205G/DS,BLUE,COB",0.0,0.0,100.003685,False
"MOBILE,SM-A205G/DS,BLACK,COB",0.0,0.0,100.003685,False
"MOBILE,SM-A205G,BLUE,COM",0.0,0.0,100.003685,False
"MOBILE,SM-A217M/DS,BLACK,COL",0.0,0.0,100.003685,False
"MOBILE,SM-A217M/DS,BLUE,COL",0.0,0.0,100.003685,False
"MOBILE,SM-A310M,GOLD,COM",0.0,0.0,100.003685,False
"MOBILE,SM-A310M,BLACK,COM",0.0,0.0,100.003685,False
"MOBILE,SM-A307G/DS,BLACK,COO",0.0,0.0,100.003685,False
"MOBILE,SM-A307G/DS,BLACK,COL",0.0,0.0,100.003685,False
"MOBILE,SM-A307G/DS,BLACK,COB",0.0,0.0,100.003685,False
"MOBILE,SM-A305G/DS,BLUE,COL",0.0,0.0,100.003685,False
"MOBILE,SM-A325M,LIGHT VIOLET,COM",0.0,0.0,100.003685,False
"MOBILE,SM-A315G/DSL,BLUE,COL",0.0,0.0,100.003685,False
"MOBILE,SM-A315G/DSL,BLUE,COB",0.0,0.0,100.003685,False
"MOBILE,SM-A315G/DSL,BLACK,COO",0.0,0.0,100.003685,False
"MOBILE,SM-A105M/DS,BLACK,COO",0.0,0.0,100.003685,False
"MOBILE,SM-A105M/DS,BLACK,COB",0.0,0.0,100.003685,False
"MOBILE,SM-A115M,BLACK,COL",0.0,0.0,100.003685,False
"MOBILE,SM-A115M,BLACK,COB",0.0,0.0,100.003685,False
"MOBILE,SM-A107M/DS,DARK RED,COO",0.0,0.0,100.003685,False
"MOBILE,SM-A107M/DS,DARK BLUE ,COO",0.0,0.0,100.003685,False
"MOBILE,SM-A107M/DS,ABSOLUTE BLACK,COO",0.0,0.0,100.003685,False
"MOBILE,SM-A105M/DS,BLUE,COB",0.0,0.0,100.003685,False
"QLED TV,QN75Q80RAK,75,COLOMBIA,QWD91/Q75",0.0,0.0,100.003685,False
"QLED TV,QN75Q7FNAK,75,COLOMBIA,QWA80/Q75",0.0,0.0,100.003685,False
"QLED TV,QN75Q70TAK,75,COLOMBIA,QWH00/Q75",0.0,0.0,100.003685,False
"QLED TV,QN75Q60TAK,75,COLOMBIA,QWK00/Q75",0.0,0.0,100.003685,False
"MOBILE,SM-A115M/DS,WHITE,COO",0.0,0.0,100.003685,False
"MOBILE,SM-A115M/DS,BLUE,COO",0.0,0.0,100.003685,False
"MOBILE,SM-A207M/DS,BLUE,COB",0.0,0.0,100.003685,False
"MOBILE,SM-A207M/DS,BLACK,COL",0.0,0.0,100.003685,False
"MOBILE,GT-I8200L,TITAN GRAY,COO",0.0,0.0,100.003685,False
"MOBILE,GT-I8200L,METALLIC BLUE,COM",0.0,0.0,100.003685,False
"MOBILE,GT-I8200L,CERAMIC WHITE,COM",0.0,0.0,100.003685,False
"MOBILE,GT-I8190L,CERAMIC WHITE,COM",0.0,0.0,100.003685,False
"MOBILE,SM-A015M/DS,BLACK,COL",0.0,0.0,100.003685,False
"MOBILE,SM-A015M,RED,COM",0.0,0.0,100.003685,False
"MOBILE,SM-A013M/DS,BLUE,COL",0.0,0.0,100.003685,False
"MOBILE,SM-A013M/DS,BLUE,COB",0.0,0.0,100.003685,False
"QLED TV,QN75QN85AAK,75,COLOMBIA,QWR10/Q7",0.0,0.0,100.003685,False
"QLED TV,QN75QN800AK,75,COLOMBIA,QWT10/Q7",0.0,0.0,100.003685,False
"QLED TV,QN75Q8CAMK,75,COLOMBIA,QWU70/Q7",0.0,0.0,100.003685,False
"MOBILE,SM-A032M,BLACK,COM",0.0,0.0,100.003685,False
"MOBILE,SM-A025M/DS,RED,LTC",0.0,0.0,100.003685,False
"MOBILE,SM-A037M/DS,RED,LTC",0.0,0.0,100.003685,False
"MOBILE,SM-A035M/DS,RED,LTC",0.0,0.0,100.003685,False
"MINI COMPONENT,MX-JS8000,MEXICO",0.0,0.0,100.003685,False
"MINI COMPONENT,MX-J630,MEXICO",0.0,0.0,100.003685,False
"MINI COMPONENT,MX-HS9000,MEXICO",0.0,0.0,100.003685,False
"MINI COMPONENT,MX-HS7000,MEXICO",0.0,0.0,100.003685,False
"MINI COMPONENT,MX-HS6500,MEXICO",0.0,0.0,100.003685,False
"MINI COMPONENT,MX-H730,MEXICO",0.0,0.0,100.003685,False
"MINI COMPONENT,MX-F730,MEXICO",0.0,0.0,100.003685,False
"MINI COMPO CD,TAPE,TUNER,AUX,USB",0.0,0.0,100.003685,False
"QLED TV,QN85QN800AK,85,COLOMBIA,QWT10/Q8",0.0,0.0,100.003685,False
"QLED TV,QN82Q60RAK,82,COLOMBIA,QWD91/Q82",0.0,0.0,100.003685,False
"MOBILE,SM-A013M/DS,BLACK,COL",0.0,0.0,100.003685,False
"MOBILE,SM-A013M,RED,COM",0.0,0.0,100.003685,False
"MOBILE,GT-S7390L,MIDNIGHT BLACK,COM",0.0,0.0,100.003685,False
"MOBILE,GT-S7390L,CERAMIC WHITE,COM",0.0,0.0,100.003685,False
"MOBILE,GT-S7275B,METALLIC BLACK,COM",0.0,0.0,100.003685,False
"MOBILE,GT-I9060L,WHITE,COM",0.0,0.0,100.003685,False
"LFD,QM85N,85,UNITED STATES,FD81/H85JQ0-Y",0.0,0.0,100.003685,False
"LFD,QM65N,65,UNITED STATES,FD80/H65JM0-Y",0.0,0.0,100.003685,False
"LFD,QM55R-B,55,UNITED STATES,FK11/H55RM0",0.0,0.0,100.003685,False
MINI COMPO (MUSIC CENTER/CDP),0.0,0.0,100.003685,False
MINI COMPO,0.0,0.0,100.003685,False
"MICRO COMPONENT,MM-J430D,MEXICO",0.0,0.0,100.003685,False
"MICRO COMPONENT,MM-D330,COLOMBIA",0.0,0.0,100.003685,False
"MICRO COMPONENT,MM-C530D,COLOMBIA",0.0,0.0,100.003685,False
MICRO COMPO,0.0,0.0,100.003685,False
MAX-A55T,0.0,0.0,100.003685,False
"LFD,WM55H,55,UNITED STATES,FU70/H55HP0-Y",0.0,0.0,100.003685,False
"LFD,VM46T-U,46,UNITED STATES,FU00/H46TU0",0.0,0.0,100.003685,False
"RAC,2.64,KW,SET,CO,R22",0.0,0.0,100.003685,False
"RAC,2.49,KW,SET,CO,R410A",0.0,0.0,100.003685,False
"RAC,2.37,KW,SET,CO,R410A",0.0,0.0,100.003685,False
"QLED TV,QN85QN900AK,85,COLOMBIA,QWT10/Q8",0.0,0.0,100.003685,False
"LFD,QH55B,55,UNITED STATES,FU10/H55BH0-Y",0.0,0.0,100.003685,False
"LFD,QB85R,85,UNITED STATES,FT90/H85TQ0-Y",0.0,0.0,100.003685,False
"LFD,QB75R,75,UNITED STATES,FT90/H75RB0-Y",0.0,0.0,100.003685,False
"LFD,QB65R-B,65,UNITED STATES,FT90/H65RB0",0.0,0.0,100.003685,False
"LFD,QB55R,55,UNITED STATES,FT90/H55RB0-Y",0.0,0.0,100.003685,False
"LFD,QB49N,49,UNITED STATES,FC80/H49JQ0-Y",0.0,0.0,100.003685,False
"RAC,5.0,KW,SETIN,CO,R410A",0.0,0.0,100.003685,False
"RAC,4.98,KW,SET,CO,R410A",0.0,0.0,100.003685,False
"RAC,3.5,KW,SET,CO,R22",0.0,0.0,100.003685,False
"LFD,QM55R-A,55,UNITED STATES,FK11/H55RM0",0.0,0.0,100.003685,False
"LFD,QM50R-A,50,UNITED STATES,FK11/H50TM0",0.0,0.0,100.003685,False
"LFD,QM43R,43,UNITED STATES,FS90/H43RM0-Y",0.0,0.0,100.003685,False
"LFD,QH75R,75,UNITED STATES,FE90/H75RH0-Y",0.0,0.0,100.003685,False
"LFD,UH46F5,46,UNITED STATES,FW60/H46FA0-",0.0,0.0,100.003685,False
"LFD,SH37R,37,UNITED STATES,FJ90/H37RS0-Y",0.0,0.0,100.003685,False
"LED TV,UN85AU8000K,85,COLOMBIA,UWK10/U85",0.0,0.0,100.003685,False
"LED TV,UN75RU7100K,75,COLOMBIA,UWE90/U75",0.0,0.0,100.003685,False
"LED TV,UN75NU7100K,75,COLOMBIA,UWX80/U75",0.0,0.0,100.003685,False
"LFD,DM32E,32,UNITED STATES,FF50/H32ED1-",0.0,0.0,100.003685,False
"LFD,BE55T-H,55,MEXICO,FN03/H55TB0-Y31",0.0,0.0,100.003685,False
"LFD,BE50T-H,50,COLOMBIA,FN02/H50TB0-Y31",0.0,0.0,100.003685,False
"LED TV,UN85HU8500K,85,COLOMBIA,U8GA/U85",0.0,0.0,100.003685,False
"RFD,24.2,120V 60HZ",0.0,0.0,100.003685,False
"RAC,6.0,KW,SET,CO,R410A",0.0,0.0,100.003685,False
"LFD,QB43R,43,UNITED STATES,FT90/H43RB0-Y",0.0,0.0,100.003685,False
"LFD,QB24R-T,23.8,UNITED STATES,FC00/H24T",0.0,0.0,100.003685,False
"LFD,PM55H,55,UNITED STATES,FJ71/H55HE0-Y",0.0,0.0,100.003685,False
"LFD,OM46N,46,UNITED STATES,FM80/H46JO1-Y",0.0,0.0,100.003685,False
"LFD,IE025R,0,UNITED STATES,FB90/H0RR0-Y2",0.0,0.0,100.003685,False
"LED TV,UN65RU7400K,65,COLOMBIA,UWE90/U65",0.0,0.0,100.003685,False
"LED TV,UN65NU7100K,65,COLOMBIA,UWX80/U65",0.0,0.0,100.003685,False
"LED TV,UN65MU7500K,65,COLOMBIA,UWU71/U65",0.0,0.0,100.003685,False
"LED TV,UN65MU7000K,65,COLOMBIA,UWU71/U65",0.0,0.0,100.003685,False
"LED TV,UN65MU6500K,65,COLOMBIA,UWU70/U6",0.0,0.0,100.003685,False
"LED TV,UN65MU6100K,65,COLOMBIA,UWU70/U65",0.0,0.0,100.003685,False
"LED TV,UN65KU6000K,65,COLOMBIA,UWP60/U6",0.0,0.0,100.003685,False
"LED TV,UN65KS9000K,65,COLOMBIA,UWQ60/U6",0.0,0.0,100.003685,False
"LED TV,UN65KS7500K,65,COLOMBIA,UWQ60/U6",0.0,0.0,100.003685,False
"RFD,806.0,120V-60HZ",0.0,0.0,100.003685,False
"RFD,568.0,120V 60HZ",0.0,0.0,100.003685,False
"RFD,28 CU.FT,110-127V 60HZ",0.0,0.0,100.003685,False
"LED TV,UN70TU6900K,70,COLOMBIA,UWL04/U70",0.0,0.0,100.003685,False
"LED TV,UN55NU8000K,55,COLOMBIA,UWY80/U55",0.0,0.0,100.003685,False
"LED TV,UN55NU7300K,55,COLOMBIA,UWX80/U55",0.0,0.0,100.003685,False
"LED TV,UN55MU7500K,55,COLOMBIA,UWU71/U55",0.0,0.0,100.003685,False
"LED TV,UN55KU6000K,55,COLOMBIA,UWP60/U5",0.0,0.0,100.003685,False
"LED TV,UN55KS7500K,55,COLOMBIA,UWQ60/U5",0.0,0.0,100.003685,False
"LED TV,UN55HU8500K,55,COLOMBIA,U8GA/U55",0.0,0.0,100.003685,False
"RSS,25.0,110-127V 60HZ",0.0,0.0,100.003685,False
"RSS,24.7,120V 60HZ",0.0,0.0,100.003685,False
"LED TV,UN58H5200AK,58,COLOMBIA,U8AA/U58",0.0,0.0,100.003685,False
"LED TV,UN55TU8300K,55,COLOMBIA,UWK00/U55",0.0,0.0,100.003685,False
"LED TV,UN60JU6500K,60,COLOMBIA,UWJ51/U6",0.0,0.0,100.003685,False
"LED TV,UN65TU8300K,65,COLOMBIA,UWK00/U65",0.0,0.0,100.003685,False
"LED TV,UN65TU8000K,65,COLOMBIA,UWK00/U65",0.0,0.0,100.003685,False
"LED TV,UN49RU7300K,49,COLOMBIA,UWE90/U49",0.0,0.0,100.003685,False
"LED TV,UN49NU7300K,49,COLOMBIA,UWX80/U49",0.0,0.0,100.003685,False
"LED TV,UN49MU6103K,49,COLOMBIA,UWU70/U49",0.0,0.0,100.003685,False
"LED TV,UN48JU6100K,48,COLOMBIA,UWJ52/U4",0.0,0.0,100.003685,False
"LED TV,UN50JS7200K,50,COLOMBIA,UWJ51/U5",0.0,0.0,100.003685,False
"LED TV,UN50J5500AK,50,COLOMBIA,UWK50/U5",0.0,0.0,100.003685,False
"LED TV,UN50FH5303K,50,COLOMBIA,U87A/50E",0.0,0.0,100.003685,False
"RSS,816.0,120V 60HZ",0.0,0.0,100.003685,False
"RSS,546.0,120V 60HZ",0.0,0.0,100.003685,False
"RSS,545.0,120V 60HZ",0.0,0.0,100.003685,False
"LED TV,UN50TU8500K,50,COLOMBIA,UWK00/U50",0.0,0.0,100.003685,False
"LED TV,UN55NU8500K,55,COLOMBIA,UWY80/U55",0.0,0.0,100.003685,False
"BLU-RAY DISC PLAYER,BD-F6500,MEXICO",0.0,0.0,100.003685,False
"BLU-RAY DISC PLAYER,BD-F5100,MEXICO",0.0,0.0,100.003685,False
"BLU-RAY DISC PLAYER,BD-E5900,MEXICO",0.0,0.0,100.003685,False
"BLU-RAY DISC PLAYER,BD-E5300/ZX,MEXICO",0.0,0.0,100.003685,False
"BLU-RAY DISC PLAYER,BD-D5300,MEXICO",0.0,0.0,100.003685,False
"BLU-RAY DISC PLAYER,BD-C6900,MEXICO",0.0,0.0,100.003685,False
BLACK/SILVER 2 TONE SPK APPLY FROM MAX-X,0.0,0.0,100.003685,False
"TABLET,SM-T970,SILVER,COO",0.0,0.0,100.003685,False
"TABLET,SM-T970,BROWN,COO",0.0,0.0,100.003685,False
"TABLET,SM-T870,SILVER,COO",0.0,0.0,100.003685,False
"TABLET,SM-T870,BROWN,COO",0.0,0.0,100.003685,False
"TABLET,SM-T870,BLACK,COO",0.0,0.0,100.003685,False
"TABLET,SM-T865,GRAY,COO",0.0,0.0,100.003685,False
"TABLET,SM-T865,BROWN,COO",0.0,0.0,100.003685,False
"TABLET,SM-T865,BLUE,COO",0.0,0.0,100.003685,False
"TABLET,SM-T835,BLACK,COO",0.0,0.0,100.003685,False
"LED TV,UN39FH5005K,39,COLOMBIA,U88C/39E",0.0,0.0,100.003685,False
"LED TV,UN32J4300AK,32,COLOMBIA,UWE50/U3",0.0,0.0,100.003685,False
"LED TV,UN43J5200AK,43,COLOMBIA,UAE50/U4",0.0,0.0,100.003685,False
"LED TV,UN40KU6400K,40,COLOMBIA,UWP60/U4",0.0,0.0,100.003685,False
"LED TV,UN40K5100AK,40,COLOMBIA,UND61/U4",0.0,0.0,100.003685,False
"LED TV,UN48J6500AK,48,COLOMBIA,UWK50/U4",0.0,0.0,100.003685,False
"LED TV,UN48H6800AK,48,COLOMBIA,U8DD/U48",0.0,0.0,100.003685,False
"LED TV,UN46H6203AK,46,COLOMBIA,U8MB/46E",0.0,0.0,100.003685,False
"LED TV,UN46FH5005K,46,COLOMBIA,U88C/46E",0.0,0.0,100.003685,False
"LED TV,UN43NU7100K,43,COLOMBIA,UWX80/U43",0.0,0.0,100.003685,False
"LED TV,UN43MU6100K,43,COLOMBIA,UWU70/U43",0.0,0.0,100.003685,False
"RTF,396.0,120V 60HZ",0.0,0.0,100.003685,False
"RTF,394.0,120V 60HZ",0.0,0.0,100.003685,False
"RTF,373,120V 60HZ",0.0,0.0,100.003685,False
"RTF,332,120V-60HZ",0.0,0.0,100.003685,False
"RTF,312,120V 60HZ",0.0,0.0,100.003685,False
"LED MON,S27R350FHL,27,COLOMBIA,LA90/S27R",0.0,0.0,100.003685,False
"LED MON,S27E370D,27,COLOMBIA,LT50/S27EV",0.0,0.0,100.003685,False
"LED MON,S24E370DL,23.6,COLOMBIA,LT50/S2",0.0,0.0,100.003685,False
"LED MON,S22F350FHL,22,PANAMA,LR60/S22FL",0.0,0.0,100.003685,False
"LED MON,S22F350FHL,22,COLOMBIA,LR60/S22",0.0,0.0,100.003685,False
"LED TV,UN32F5000AK,32,COLOMBIA,U88A/U32",0.0,0.0,100.003685,False
"LED TV,UN32F4000AK,32,COLOMBIA,U88A/U32",0.0,0.0,100.003685,False
"LED TV,UN32EH5300M,32,COLOMBIA,U77A/32E",0.0,0.0,100.003685,False
"LED TV,UN32EH4500M,32,COLOMBIA,U77A/32E",0.0,0.0,100.003685,False
"SIGNAGE_OUTDOOR,OH46B-S,46,UNITED STATES",0.0,0.0,100.003685,False
"SET BACK BOX,SNOW-JMU,0,UNITED STATES,FH",0.0,0.0,100.003685,False
"SET BACK BOX,SNOW-AAE,0,UNITED STATES,FK",0.0,0.0,100.003685,False
"RTF,470.0,120V 60HZ",0.0,0.0,100.003685,False
"LED TV,UN40H5103AK,40,COLOMBIA,U8MD/U40",0.0,0.0,100.003685,False
"LED TV,UN40FH5005K,40,COLOMBIA,U88C/40E",0.0,0.0,100.003685,False
"LED MFM,T28E310LT,27.5,COLOMBIA,MB50/T2",0.0,0.0,100.003685,False
"LED MFM,T28D310LT,27.5,COLOMBIA,WVE4/T2",0.0,0.0,100.003685,False
"LED MFM,T24H310HLT,24,COLOMBIA,MB50/T24",0.0,0.0,100.003685,False
"LED MFM,T24E310LT,23.6,COLOMBIA,MB50/T2",0.0,0.0,100.003685,False
"LED MON,F24T400FHL,24,COLOMBIA,LL00/S24T",0.0,0.0,100.003685,False
"LED MON,C34H890WJL,34,COLOMBIA,LQ70/S34H",0.0,0.0,100.003685,False
"LED MON,C34G55TWWL,34,COLOMBIA,LR01/S34T",0.0,0.0,100.003685,False
"LED MON,C32G55TQWL,32,COLOMBIA,LR00/S32T",0.0,0.0,100.003685,False
"LED MON,C32F391FWL,32,COLOMBIA,LW61/S32",0.0,0.0,100.003685,False
"LED MON,C27T550FDL,27,COLOMBIA,LH00/S27T",0.0,0.0,100.003685,False
"LED MON,C27F591FDL,27,COLOMBIA,LS60/S27",0.0,0.0,100.003685,False
"LED MON,C27F390FHL,27,COLOMBIA,LW60/S27F",0.0,0.0,100.003685,False
"LED MON,C24RG50FQL,24,COLOMBIA,LW90/S24R",0.0,0.0,100.003685,False
"LED TV(H),HG50AU800NF,50,UNITED STATES,H",0.0,0.0,100.003685,False
"LED MON,U28E590D,28,COLOMBIA,LN50/S28EU0",0.0,0.0,100.003685,False
"LED MON,S34A650UXL,34,COLOMBIA,LC10/S34A",0.0,0.0,100.003685,False
"FWM,SEM,MX,18",0.0,0.0,100.003685,False
"FWM,SELACOL,CO,27.5",0.0,0.0,100.003685,False
"FWM,SELACOL,CO,25.5",0.0,0.0,100.003685,False
HTS_DVD,0.0,0.0,100.003685,False
"LCD MON,C24RG50FQN,24,UNITED STATES,LW90",0.0,0.0,100.003685,False
"KIOSK DISPLAY,KM24C-3,24,UNITED STATES,F",0.0,0.0,100.003685,False
"TABLET,GT-P5210,GOLD BROWN,COO",0.0,0.0,100.003685,False
"TABLET,GT-N5100,WHITE,COO",0.0,0.0,100.003685,False
"TABLET,GT-N5100,BROWN BLACK,COO",0.0,0.0,100.003685,False
"SIGNAGE_STANDALONE,QP105DX-5K,105,UNITED",0.0,0.0,100.003685,False
"LED MODULE,LH080XMFTFC,0,UNITED STATES,F",0.0,0.0,100.003685,False
"LED MODULE,IW012C,0,UNITED KINGDOM,FQ31/",0.0,0.0,100.003685,False
"LED MODULE,IW012A,0,UNITED KINGDOM,FJ10/",0.0,0.0,100.003685,False
"LED MODULE,IW008A,0,UNITED STATES,FJ10/H",0.0,0.0,100.003685,False
"LED MODULE,IE015A,0,UNITED STATES,FM10/H",0.0,0.0,100.003685,False
"DVM,28,KW,SETIN,HP,R410A",0.0,0.0,100.003685,False
"DVM,22.4,KW,SETIN,HP,R410A",0.0,0.0,100.003685,False
"DVM,8.2,KW,SETIN,HP,R410A",0.0,0.0,100.003685,False
"DVM,5.23,KW,SETIN,HP,R410A",0.0,0.0,100.003685,False
"FCD,SEA,US",0.0,0.0,100.003685,False
"EXP-REF;MCBMGN,365,ALUMINUM SILVER,110V",0.0,0.0,100.003685,False
"EXP-REF; 460L, K-OPTION, PREMIUMPLATINU",0.0,0.0,100.003685,False
"TABLET,SM-P610,PINK,COO",0.0,0.0,100.003685,False
"TABLET,SM-P585M,WHITE,COO",0.0,0.0,100.003685,False
"TABLET,SM-P585M,BLACK,COO",0.0,0.0,100.003685,False
"TABLET,SM-P585M,BLACK,COB",0.0,0.0,100.003685,False
"TABLET,SM-P580,WHITE,COO",0.0,0.0,100.003685,False
"TABLET,SM-P355M,WHITE,COO",0.0,0.0,100.003685,False
"TABLET,SM-P350,GRAY,COO",0.0,0.0,100.003685,False
"TABLET,SM-P205,GRAY,COO",0.0,0.0,100.003685,False
"TABLET,SM-P205,BLACK,COO",0.0,0.0,100.003685,False
"TABLET,SM-T290,SILVER,COO",0.0,0.0,100.003685,False
"TABLET,SM-T285M,WHITE,COO",0.0,0.0,100.003685,False
"TABLET,SM-T285M,BLACK,COO",0.0,0.0,100.003685,False
"TABLET,SM-T280,WHITE,COO",0.0,0.0,100.003685,False
"TABLET,SM-T280,BLACK,COO",0.0,0.0,100.003685,False
"TABLET,SM-T230,WHITE,COO",0.0,0.0,100.003685,False
"TABLET,SM-T230,EBONY BLACK,COO",0.0,0.0,100.003685,False
"TABLET,SM-T211,WHITE,COO",0.0,0.0,100.003685,False
"TABLET,SM-T2105,GREENISH YELLOW,COO",0.0,0.0,100.003685,False
"TABLET,SM-T210,GOLD BROWN,COO",0.0,0.0,100.003685,False
"TABLET,SM-T116BU,EBONY BLACK,COO",0.0,0.0,100.003685,False
"TABLET,SM-T116BU,CREAM WHITE,COO",0.0,0.0,100.003685,False
"TABLET,SM-T113NU,EBONY BLACK,COO",0.0,0.0,100.003685,False
"TABLET,SM-T113NU,CREAM WHITE,COO",0.0,0.0,100.003685,False
"TABLET,SM-P615,BLUE,COO",0.0,0.0,100.003685,False
"DVM,4.5,KW,SETIN,HP,R410A",0.0,0.0,100.003685,False
"TABLET,SM-T395,BLACK,COO",0.0,0.0,100.003685,False
"DVM,14,KW,SETIN,HP,R410A",0.0,0.0,100.003685,False
"DVM,1.5,KW,SETIN,HP,R410A",0.0,0.0,100.003685,False
DVDPLAYER DVD-P380K,0.0,0.0,100.003685,False
DVDP 360MM P181 DIVX SUPPORT SAMCOL TYPE,0.0,0.0,100.003685,False
"DVD PLAYER,DVD-E360K,MEXICO",0.0,0.0,100.003685,False
"DVD PLAYER,DVD-E360,MEXICO",0.0,0.0,100.003685,False
"DVD PLAYER,DVD-E350,MEXICO",0.0,0.0,100.003685,False
"DVD PLAYER,DVD-D530K,MEXICO",0.0,0.0,100.003685,False
"DVD PLAYER,DVD-D360K,MEXICO",0.0,0.0,100.003685,False
"TABLET,SM-T385M,SILVER,COO",0.0,0.0,100.003685,False
"TABLET,SM-T380,SILVER,COO",0.0,0.0,100.003685,False
"TABLET,SM-T380,BLACK,COO",0.0,0.0,100.003685,False
"TABLET,SM-T310,WHITE,COO",0.0,0.0,100.003685,False
"TABLET,SM-T310,MIDNIGHT BLACK,COO",0.0,0.0,100.003685,False
"TABLET,SM-T295,SILVER,COO",0.0,0.0,100.003685,False
"TABLET,SM-T830,BLACK,COO",0.0,0.0,100.003685,False
"TABLET,SM-T720,SILVER,COO",0.0,0.0,100.003685,False
"TABLET,SM-T705M,WHITE,COO",0.0,0.0,100.003685,False
"DVD HTS,HT-D455K,COLOMBIA",0.0,0.0,100.003685,False
"DIGITAL VERSATILE DISC,2CH AUDIO,DIGITAL",0.0,0.0,100.003685,False
"CAC,16.40,KW,SETIN,HP,R32",0.0,0.0,100.003685,False
"CAC,14.10,KW,SETIN,HP,R32",0.0,0.0,100.003685,False
"CAC,13.50,KW,SETIN,HP,R32",0.0,0.0,100.003685,False
"TABLET,SM-T700,WHITE,COO",0.0,0.0,100.003685,False
"TABLET,SM-T560,BLACK,COO",0.0,0.0,100.003685,False
"TABLET,SM-T545,BLACK,COO",0.0,0.0,100.003685,False
"TABLET,SM-T515,BLACK,COO",0.0,0.0,100.003685,False
"TABLET,SM-T510,SILVER,COO",0.0,0.0,100.003685,False
"TABLET,SM-T510,BLACK,COO",0.0,0.0,100.003685,False
"TABLET,SM-T505,GRAY,GTO",0.0,0.0,100.003685,False
"TABLET,SM-T500,GOLD,COO",0.0,0.0,100.003685,False
"MOBILE,SM-S908E/DS,WHITE,LTC",0.0,0.0,100.003685,False
"60W/CH, CD",0.0,0.0,100.003685,False
"WAC,2.3,KW,CO,R22",0.0,0.0,100.003685,False
"VTL,1000,CMH,SET",0.0,0.0,100.003685,False
"AUDIO DOCK,DA-E750,MEXICO",0.0,0.0,100.003685,False
"AUDIO DOCK,DA-F61,MEXICO",0.0,0.0,100.003685,False
"AV RECEIVER,HW-N650,COLOMBIA",0.0,0.0,100.003685,False
"AV RECEIVER,HW-N450,COLOMBIA",0.0,0.0,100.003685,False
"AV RECEIVER,HW-M4500,COLOMBIA",0.0,0.0,100.003685,False
"AV RECEIVER,HW-K550,MEXICO",0.0,0.0,100.003685,False
"AV RECEIVER,HW-K360,MEXICO",0.0,0.0,100.003685,False
"AV RECEIVER,HW-K355,MEXICO",0.0,0.0,100.003685,False
"AV RECEIVER,HW-J550,MEXICO",0.0,0.0,100.003685,False
"AV RECEIVER,HW-Q900A,COLOMBIA",0.0,0.0,100.003685,False
"AV RECEIVER,HW-Q70R,COLOMBIA",0.0,0.0,100.003685,False
"AV RECEIVER,HW-S50A,COLOMBIA",0.0,0.0,100.003685,False
"MOBILE,SM-N975F/DS,SILVER,COO",0.0,0.0,100.003685,False
"MOBILE,SM-N975F/DS,BLACK,COO",0.0,0.0,100.003685,False
"MOBILE,SM-N975F,SILVER,COM",0.0,0.0,100.003685,False
"MOBILE,SM-N975F,BLACK,COM",0.0,0.0,100.003685,False
"MOBILE,SM-N970F/DS,SILVER,COB",0.0,0.0,100.003685,False
"MOBILE,SM-N970F/DS,BLACK,COO",0.0,0.0,100.003685,False
"MOBILE,SM-N970F,SILVER,COM",0.0,0.0,100.003685,False
"MOBILE,SM-N970F,BLACK,COM",0.0,0.0,100.003685,False
"MOBILE,SM-N9600/SS,BLUE,COM",0.0,0.0,100.003685,False
"MOBILE,SM-N9600/SS,BLACK,COM",0.0,0.0,100.003685,False
"MON,C49HG90DML,49,COLOMBIA,LM71/S49HL0-L",0.0,0.0,100.003685,False
"MOBILE,SM-N985F/DS,WHITE,COO",0.0,0.0,100.003685,False
"MOBILE,SM-N985F/DS,BLACK,COL",0.0,0.0,100.003685,False
"MOBILE,SM-N985F/DS,BLACK,COB",0.0,0.0,100.003685,False
"MOBILE,SM-N980F/DS,GREEN,COO",0.0,0.0,100.003685,False
"MOBILE,SM-N970F/DS,SILVER,COO",-1.0,-1.1034885e-05,100.00368,False
"FWM,SELACOL,CO,12",-1.0,-1.1034885e-05,100.00367,False
"QLED TV,QN55Q8CNAK,55,COLOMBIA,QWA80/Q55",-1.0,-1.1034885e-05,100.00366,False
"RAC,2.7,KW,SETIN,CO,R410A",-1.0,-1.1034885e-05,100.003654,False
"RFD,771.0,120V 60HZ",-1.0,-1.1034885e-05,100.00365,False
"MOBILE,SM-A505G/DS,BLUE,COO",-1.0,-1.1034885e-05,100.00364,False
"LFD,PM49H,49,UNITED STATES,FJ71/H49HE0-Y",-1.0,-1.1034885e-05,100.00363,False
"RFD,0.0,110-120V 60HZ",-1.0,-1.1034885e-05,100.003624,False
"MOBILE,SM-M127F/DS,GREEN,COO",-1.0,-1.1034885e-05,100.00362,False
"RSS,655.0,120V 60HZ",-2.0,-2.206977e-05,100.00359,False
"RFD,734.0,120V 60HZ",-2.0,-2.206977e-05,100.00357,False
"RSS,660.0,120V 60HZ",-3.0,-3.3104654e-05,100.00354,False
"RSS,660.0,115V 60HZ",-4.0,-4.413954e-05,100.003494,False
"LED TV,UN58TU7000K,58,COLOMBIA,UWL00/U58",-4.0,-4.413954e-05,100.00345,False
"LED TV,UN58TU6900K,58,COLOMBIA,UWL04/U58",-4.0,-4.413954e-05,100.0034,False
"RTF,466.0,120V 60HZ",-5.0,-5.5174423e-05,100.00335,False
"QLED TV,QN65QN700AK,65,COLOMBIA,QWT11/Q6",-5.0,-5.5174423e-05,100.003296,False
"MOBILE,SM-A025M,BLACK,COM",-24.0,-0.00026483723,100.00303,False
"LED TV,UN70TU7000K,70,COLOMBIA,UWL00/U70",-37.0,-0.0004082907,100.00262,False
"LED TV,UN50TU8000K,50,COLOMBIA,UWK00/U50",-44.0,-0.00048553493,100.00213,False
"LED TV,UN58TU8000K,58,COLOMBIA,UWK00/U58",-242.0,-0.0026704422,99.99946,False
